"row","col","value"
"001 Car3 Glut","0004 Car3 Glut_1",1
"003 L5/6 IT TPE-ENT Glut","0004 Car3 Glut_1",0
"004 L6 IT CTX Glut","0004 Car3 Glut_1",0
"005 L5 IT CTX Glut","0004 Car3 Glut_1",0
"006 L4/5 IT CTX Glut","0004 Car3 Glut_1",0
"007 L2/3 IT CTX Glut","0004 Car3 Glut_1",0
"022 L5 ET CTX Glut","0004 Car3 Glut_1",0
"027 L6b CTX Glut","0004 Car3 Glut_1",0
"028 L6 CT CTX Glut","0004 Car3 Glut_1",0
"030 L5 NP CTX Glut","0004 Car3 Glut_1",0
"036 Vip Gaba","0004 Car3 Glut_1",0
"037 Sncg Gaba","0004 Car3 Glut_1",0
"039 Lamp5 Gaba","0004 Car3 Glut_1",0
"041 Pvalb chandelier Gaba","0004 Car3 Glut_1",0
"042 Pvalb Gaba","0004 Car3 Glut_1",0
"043 Sst Gaba","0004 Car3 Glut_1",0
"046 Sst Chodl Gaba","0004 Car3 Glut_1",0
"287 Astro-TE NN","0004 Car3 Glut_1",0
"294 OPC NN","0004 Car3 Glut_1",0
"295 Oligo NN","0004 Car3 Glut_1",0
"299 Peri NN","0004 Car3 Glut_1",0
"301 Endo NN","0004 Car3 Glut_1",0
"302 Microglia NN","0004 Car3 Glut_1",0
"001 Car3 Glut","0026 L5/6 IT TPE-ENT Glut_2",0
"003 L5/6 IT TPE-ENT Glut","0026 L5/6 IT TPE-ENT Glut_2",0.259259259259259
"004 L6 IT CTX Glut","0026 L5/6 IT TPE-ENT Glut_2",0.010077519379845
"005 L5 IT CTX Glut","0026 L5/6 IT TPE-ENT Glut_2",0.015970515970516
"006 L4/5 IT CTX Glut","0026 L5/6 IT TPE-ENT Glut_2",0.0121148274953911
"007 L2/3 IT CTX Glut","0026 L5/6 IT TPE-ENT Glut_2",0
"022 L5 ET CTX Glut","0026 L5/6 IT TPE-ENT Glut_2",0
"027 L6b CTX Glut","0026 L5/6 IT TPE-ENT Glut_2",0
"028 L6 CT CTX Glut","0026 L5/6 IT TPE-ENT Glut_2",0
"030 L5 NP CTX Glut","0026 L5/6 IT TPE-ENT Glut_2",0.000890471950133571
"036 Vip Gaba","0026 L5/6 IT TPE-ENT Glut_2",0
"037 Sncg Gaba","0026 L5/6 IT TPE-ENT Glut_2",0
"039 Lamp5 Gaba","0026 L5/6 IT TPE-ENT Glut_2",0
"041 Pvalb chandelier Gaba","0026 L5/6 IT TPE-ENT Glut_2",0
"042 Pvalb Gaba","0026 L5/6 IT TPE-ENT Glut_2",0
"043 Sst Gaba","0026 L5/6 IT TPE-ENT Glut_2",0
"046 Sst Chodl Gaba","0026 L5/6 IT TPE-ENT Glut_2",0
"287 Astro-TE NN","0026 L5/6 IT TPE-ENT Glut_2",0
"294 OPC NN","0026 L5/6 IT TPE-ENT Glut_2",0
"295 Oligo NN","0026 L5/6 IT TPE-ENT Glut_2",0
"299 Peri NN","0026 L5/6 IT TPE-ENT Glut_2",0
"301 Endo NN","0026 L5/6 IT TPE-ENT Glut_2",0
"302 Microglia NN","0026 L5/6 IT TPE-ENT Glut_2",0
"001 Car3 Glut","0029 L5/6 IT TPE-ENT Glut_3",0
"003 L5/6 IT TPE-ENT Glut","0029 L5/6 IT TPE-ENT Glut_3",0.318930041152263
"004 L6 IT CTX Glut","0029 L5/6 IT TPE-ENT Glut_3",0.0166666666666667
"005 L5 IT CTX Glut","0029 L5/6 IT TPE-ENT Glut_3",0.0405405405405405
"006 L4/5 IT CTX Glut","0029 L5/6 IT TPE-ENT Glut_3",0.000263365815117198
"007 L2/3 IT CTX Glut","0029 L5/6 IT TPE-ENT Glut_3",0
"022 L5 ET CTX Glut","0029 L5/6 IT TPE-ENT Glut_3",0
"027 L6b CTX Glut","0029 L5/6 IT TPE-ENT Glut_3",0
"028 L6 CT CTX Glut","0029 L5/6 IT TPE-ENT Glut_3",0
"030 L5 NP CTX Glut","0029 L5/6 IT TPE-ENT Glut_3",0
"036 Vip Gaba","0029 L5/6 IT TPE-ENT Glut_3",0
"037 Sncg Gaba","0029 L5/6 IT TPE-ENT Glut_3",0
"039 Lamp5 Gaba","0029 L5/6 IT TPE-ENT Glut_3",0
"041 Pvalb chandelier Gaba","0029 L5/6 IT TPE-ENT Glut_3",0
"042 Pvalb Gaba","0029 L5/6 IT TPE-ENT Glut_3",0
"043 Sst Gaba","0029 L5/6 IT TPE-ENT Glut_3",0
"046 Sst Chodl Gaba","0029 L5/6 IT TPE-ENT Glut_3",0
"287 Astro-TE NN","0029 L5/6 IT TPE-ENT Glut_3",0
"294 OPC NN","0029 L5/6 IT TPE-ENT Glut_3",0
"295 Oligo NN","0029 L5/6 IT TPE-ENT Glut_3",0
"299 Peri NN","0029 L5/6 IT TPE-ENT Glut_3",0
"301 Endo NN","0029 L5/6 IT TPE-ENT Glut_3",0
"302 Microglia NN","0029 L5/6 IT TPE-ENT Glut_3",0
"001 Car3 Glut","0034 L6 IT CTX Glut_1",0
"003 L5/6 IT TPE-ENT Glut","0034 L6 IT CTX Glut_1",0
"004 L6 IT CTX Glut","0034 L6 IT CTX Glut_1",0.0406976744186047
"005 L5 IT CTX Glut","0034 L6 IT CTX Glut_1",0
"006 L4/5 IT CTX Glut","0034 L6 IT CTX Glut_1",0
"007 L2/3 IT CTX Glut","0034 L6 IT CTX Glut_1",0
"022 L5 ET CTX Glut","0034 L6 IT CTX Glut_1",0
"027 L6b CTX Glut","0034 L6 IT CTX Glut_1",0
"028 L6 CT CTX Glut","0034 L6 IT CTX Glut_1",0
"030 L5 NP CTX Glut","0034 L6 IT CTX Glut_1",0
"036 Vip Gaba","0034 L6 IT CTX Glut_1",0
"037 Sncg Gaba","0034 L6 IT CTX Glut_1",0
"039 Lamp5 Gaba","0034 L6 IT CTX Glut_1",0
"041 Pvalb chandelier Gaba","0034 L6 IT CTX Glut_1",0
"042 Pvalb Gaba","0034 L6 IT CTX Glut_1",0
"043 Sst Gaba","0034 L6 IT CTX Glut_1",0
"046 Sst Chodl Gaba","0034 L6 IT CTX Glut_1",0
"287 Astro-TE NN","0034 L6 IT CTX Glut_1",0
"294 OPC NN","0034 L6 IT CTX Glut_1",0
"295 Oligo NN","0034 L6 IT CTX Glut_1",0
"299 Peri NN","0034 L6 IT CTX Glut_1",0
"301 Endo NN","0034 L6 IT CTX Glut_1",0
"302 Microglia NN","0034 L6 IT CTX Glut_1",0
"001 Car3 Glut","0035 L6 IT CTX Glut_1",0
"003 L5/6 IT TPE-ENT Glut","0035 L6 IT CTX Glut_1",0.00205761316872428
"004 L6 IT CTX Glut","0035 L6 IT CTX Glut_1",0.212790697674419
"005 L5 IT CTX Glut","0035 L6 IT CTX Glut_1",0.00122850122850123
"006 L4/5 IT CTX Glut","0035 L6 IT CTX Glut_1",0.000263365815117198
"007 L2/3 IT CTX Glut","0035 L6 IT CTX Glut_1",0
"022 L5 ET CTX Glut","0035 L6 IT CTX Glut_1",0
"027 L6b CTX Glut","0035 L6 IT CTX Glut_1",0.00183823529411765
"028 L6 CT CTX Glut","0035 L6 IT CTX Glut_1",0.000499001996007984
"030 L5 NP CTX Glut","0035 L6 IT CTX Glut_1",0
"036 Vip Gaba","0035 L6 IT CTX Glut_1",0
"037 Sncg Gaba","0035 L6 IT CTX Glut_1",0
"039 Lamp5 Gaba","0035 L6 IT CTX Glut_1",0
"041 Pvalb chandelier Gaba","0035 L6 IT CTX Glut_1",0
"042 Pvalb Gaba","0035 L6 IT CTX Glut_1",0
"043 Sst Gaba","0035 L6 IT CTX Glut_1",0
"046 Sst Chodl Gaba","0035 L6 IT CTX Glut_1",0
"287 Astro-TE NN","0035 L6 IT CTX Glut_1",0
"294 OPC NN","0035 L6 IT CTX Glut_1",0
"295 Oligo NN","0035 L6 IT CTX Glut_1",0
"299 Peri NN","0035 L6 IT CTX Glut_1",0
"301 Endo NN","0035 L6 IT CTX Glut_1",0
"302 Microglia NN","0035 L6 IT CTX Glut_1",0
"001 Car3 Glut","0036 L6 IT CTX Glut_1",0
"003 L5/6 IT TPE-ENT Glut","0036 L6 IT CTX Glut_1",0.0246913580246914
"004 L6 IT CTX Glut","0036 L6 IT CTX Glut_1",0.172868217054264
"005 L5 IT CTX Glut","0036 L6 IT CTX Glut_1",0.00491400491400491
"006 L4/5 IT CTX Glut","0036 L6 IT CTX Glut_1",0
"007 L2/3 IT CTX Glut","0036 L6 IT CTX Glut_1",0.00445235975066785
"022 L5 ET CTX Glut","0036 L6 IT CTX Glut_1",0
"027 L6b CTX Glut","0036 L6 IT CTX Glut_1",0
"028 L6 CT CTX Glut","0036 L6 IT CTX Glut_1",0
"030 L5 NP CTX Glut","0036 L6 IT CTX Glut_1",0
"036 Vip Gaba","0036 L6 IT CTX Glut_1",0
"037 Sncg Gaba","0036 L6 IT CTX Glut_1",0
"039 Lamp5 Gaba","0036 L6 IT CTX Glut_1",0
"041 Pvalb chandelier Gaba","0036 L6 IT CTX Glut_1",0
"042 Pvalb Gaba","0036 L6 IT CTX Glut_1",0
"043 Sst Gaba","0036 L6 IT CTX Glut_1",0
"046 Sst Chodl Gaba","0036 L6 IT CTX Glut_1",0
"287 Astro-TE NN","0036 L6 IT CTX Glut_1",0
"294 OPC NN","0036 L6 IT CTX Glut_1",0
"295 Oligo NN","0036 L6 IT CTX Glut_1",0
"299 Peri NN","0036 L6 IT CTX Glut_1",0
"301 Endo NN","0036 L6 IT CTX Glut_1",0
"302 Microglia NN","0036 L6 IT CTX Glut_1",0
"001 Car3 Glut","0037 L6 IT CTX Glut_1",0
"003 L5/6 IT TPE-ENT Glut","0037 L6 IT CTX Glut_1",0.0740740740740741
"004 L6 IT CTX Glut","0037 L6 IT CTX Glut_1",0.0577519379844961
"005 L5 IT CTX Glut","0037 L6 IT CTX Glut_1",0.0368550368550369
"006 L4/5 IT CTX Glut","0037 L6 IT CTX Glut_1",0
"007 L2/3 IT CTX Glut","0037 L6 IT CTX Glut_1",0.000890471950133571
"022 L5 ET CTX Glut","0037 L6 IT CTX Glut_1",0.000618811881188119
"027 L6b CTX Glut","0037 L6 IT CTX Glut_1",0
"028 L6 CT CTX Glut","0037 L6 IT CTX Glut_1",0.000499001996007984
"030 L5 NP CTX Glut","0037 L6 IT CTX Glut_1",0
"036 Vip Gaba","0037 L6 IT CTX Glut_1",0
"037 Sncg Gaba","0037 L6 IT CTX Glut_1",0
"039 Lamp5 Gaba","0037 L6 IT CTX Glut_1",0
"041 Pvalb chandelier Gaba","0037 L6 IT CTX Glut_1",0
"042 Pvalb Gaba","0037 L6 IT CTX Glut_1",0
"043 Sst Gaba","0037 L6 IT CTX Glut_1",0
"046 Sst Chodl Gaba","0037 L6 IT CTX Glut_1",0
"287 Astro-TE NN","0037 L6 IT CTX Glut_1",0
"294 OPC NN","0037 L6 IT CTX Glut_1",0
"295 Oligo NN","0037 L6 IT CTX Glut_1",0
"299 Peri NN","0037 L6 IT CTX Glut_1",0
"301 Endo NN","0037 L6 IT CTX Glut_1",0
"302 Microglia NN","0037 L6 IT CTX Glut_1",0
"001 Car3 Glut","0038 L6 IT CTX Glut_2",0
"003 L5/6 IT TPE-ENT Glut","0038 L6 IT CTX Glut_2",0
"004 L6 IT CTX Glut","0038 L6 IT CTX Glut_2",0.110077519379845
"005 L5 IT CTX Glut","0038 L6 IT CTX Glut_2",0.0601965601965602
"006 L4/5 IT CTX Glut","0038 L6 IT CTX Glut_2",0.000790097445351593
"007 L2/3 IT CTX Glut","0038 L6 IT CTX Glut_2",0
"022 L5 ET CTX Glut","0038 L6 IT CTX Glut_2",0.000618811881188119
"027 L6b CTX Glut","0038 L6 IT CTX Glut_2",0
"028 L6 CT CTX Glut","0038 L6 IT CTX Glut_2",0.000499001996007984
"030 L5 NP CTX Glut","0038 L6 IT CTX Glut_2",0
"036 Vip Gaba","0038 L6 IT CTX Glut_2",0
"037 Sncg Gaba","0038 L6 IT CTX Glut_2",0
"039 Lamp5 Gaba","0038 L6 IT CTX Glut_2",0
"041 Pvalb chandelier Gaba","0038 L6 IT CTX Glut_2",0
"042 Pvalb Gaba","0038 L6 IT CTX Glut_2",0
"043 Sst Gaba","0038 L6 IT CTX Glut_2",0
"046 Sst Chodl Gaba","0038 L6 IT CTX Glut_2",0
"287 Astro-TE NN","0038 L6 IT CTX Glut_2",0
"294 OPC NN","0038 L6 IT CTX Glut_2",0
"295 Oligo NN","0038 L6 IT CTX Glut_2",0
"299 Peri NN","0038 L6 IT CTX Glut_2",0
"301 Endo NN","0038 L6 IT CTX Glut_2",0
"302 Microglia NN","0038 L6 IT CTX Glut_2",0
"001 Car3 Glut","0041 L6 IT CTX Glut_2",0
"003 L5/6 IT TPE-ENT Glut","0041 L6 IT CTX Glut_2",0
"004 L6 IT CTX Glut","0041 L6 IT CTX Glut_2",0.112790697674419
"005 L5 IT CTX Glut","0041 L6 IT CTX Glut_2",0
"006 L4/5 IT CTX Glut","0041 L6 IT CTX Glut_2",0
"007 L2/3 IT CTX Glut","0041 L6 IT CTX Glut_2",0
"022 L5 ET CTX Glut","0041 L6 IT CTX Glut_2",0
"027 L6b CTX Glut","0041 L6 IT CTX Glut_2",0
"028 L6 CT CTX Glut","0041 L6 IT CTX Glut_2",0.000998003992015968
"030 L5 NP CTX Glut","0041 L6 IT CTX Glut_2",0.000890471950133571
"036 Vip Gaba","0041 L6 IT CTX Glut_2",0
"037 Sncg Gaba","0041 L6 IT CTX Glut_2",0
"039 Lamp5 Gaba","0041 L6 IT CTX Glut_2",0
"041 Pvalb chandelier Gaba","0041 L6 IT CTX Glut_2",0
"042 Pvalb Gaba","0041 L6 IT CTX Glut_2",0
"043 Sst Gaba","0041 L6 IT CTX Glut_2",0
"046 Sst Chodl Gaba","0041 L6 IT CTX Glut_2",0
"287 Astro-TE NN","0041 L6 IT CTX Glut_2",0
"294 OPC NN","0041 L6 IT CTX Glut_2",0
"295 Oligo NN","0041 L6 IT CTX Glut_2",0
"299 Peri NN","0041 L6 IT CTX Glut_2",0
"301 Endo NN","0041 L6 IT CTX Glut_2",0
"302 Microglia NN","0041 L6 IT CTX Glut_2",0
"001 Car3 Glut","0042 L6 IT CTX Glut_2",0
"003 L5/6 IT TPE-ENT Glut","0042 L6 IT CTX Glut_2",0
"004 L6 IT CTX Glut","0042 L6 IT CTX Glut_2",0.0589147286821705
"005 L5 IT CTX Glut","0042 L6 IT CTX Glut_2",0.0147420147420147
"006 L4/5 IT CTX Glut","0042 L6 IT CTX Glut_2",0.000263365815117198
"007 L2/3 IT CTX Glut","0042 L6 IT CTX Glut_2",0
"022 L5 ET CTX Glut","0042 L6 IT CTX Glut_2",0
"027 L6b CTX Glut","0042 L6 IT CTX Glut_2",0
"028 L6 CT CTX Glut","0042 L6 IT CTX Glut_2",0.000499001996007984
"030 L5 NP CTX Glut","0042 L6 IT CTX Glut_2",0
"036 Vip Gaba","0042 L6 IT CTX Glut_2",0
"037 Sncg Gaba","0042 L6 IT CTX Glut_2",0
"039 Lamp5 Gaba","0042 L6 IT CTX Glut_2",0
"041 Pvalb chandelier Gaba","0042 L6 IT CTX Glut_2",0
"042 Pvalb Gaba","0042 L6 IT CTX Glut_2",0
"043 Sst Gaba","0042 L6 IT CTX Glut_2",0
"046 Sst Chodl Gaba","0042 L6 IT CTX Glut_2",0
"287 Astro-TE NN","0042 L6 IT CTX Glut_2",0
"294 OPC NN","0042 L6 IT CTX Glut_2",0
"295 Oligo NN","0042 L6 IT CTX Glut_2",0
"299 Peri NN","0042 L6 IT CTX Glut_2",0
"301 Endo NN","0042 L6 IT CTX Glut_2",0
"302 Microglia NN","0042 L6 IT CTX Glut_2",0
"001 Car3 Glut","0044 L6 IT CTX Glut_3",0
"003 L5/6 IT TPE-ENT Glut","0044 L6 IT CTX Glut_3",0
"004 L6 IT CTX Glut","0044 L6 IT CTX Glut_3",0.0852713178294574
"005 L5 IT CTX Glut","0044 L6 IT CTX Glut_3",0.0196560196560197
"006 L4/5 IT CTX Glut","0044 L6 IT CTX Glut_3",0.00158019489070319
"007 L2/3 IT CTX Glut","0044 L6 IT CTX Glut_3",0
"022 L5 ET CTX Glut","0044 L6 IT CTX Glut_3",0
"027 L6b CTX Glut","0044 L6 IT CTX Glut_3",0
"028 L6 CT CTX Glut","0044 L6 IT CTX Glut_3",0
"030 L5 NP CTX Glut","0044 L6 IT CTX Glut_3",0
"036 Vip Gaba","0044 L6 IT CTX Glut_3",0
"037 Sncg Gaba","0044 L6 IT CTX Glut_3",0
"039 Lamp5 Gaba","0044 L6 IT CTX Glut_3",0
"041 Pvalb chandelier Gaba","0044 L6 IT CTX Glut_3",0
"042 Pvalb Gaba","0044 L6 IT CTX Glut_3",0
"043 Sst Gaba","0044 L6 IT CTX Glut_3",0
"046 Sst Chodl Gaba","0044 L6 IT CTX Glut_3",0
"287 Astro-TE NN","0044 L6 IT CTX Glut_3",0
"294 OPC NN","0044 L6 IT CTX Glut_3",0
"295 Oligo NN","0044 L6 IT CTX Glut_3",0
"299 Peri NN","0044 L6 IT CTX Glut_3",0
"301 Endo NN","0044 L6 IT CTX Glut_3",0
"302 Microglia NN","0044 L6 IT CTX Glut_3",0
"001 Car3 Glut","0049 L6 IT CTX Glut_4",0
"003 L5/6 IT TPE-ENT Glut","0049 L6 IT CTX Glut_4",0
"004 L6 IT CTX Glut","0049 L6 IT CTX Glut_4",0.0608527131782946
"005 L5 IT CTX Glut","0049 L6 IT CTX Glut_4",0.00368550368550369
"006 L4/5 IT CTX Glut","0049 L6 IT CTX Glut_4",0
"007 L2/3 IT CTX Glut","0049 L6 IT CTX Glut_4",0
"022 L5 ET CTX Glut","0049 L6 IT CTX Glut_4",0
"027 L6b CTX Glut","0049 L6 IT CTX Glut_4",0
"028 L6 CT CTX Glut","0049 L6 IT CTX Glut_4",0
"030 L5 NP CTX Glut","0049 L6 IT CTX Glut_4",0
"036 Vip Gaba","0049 L6 IT CTX Glut_4",0
"037 Sncg Gaba","0049 L6 IT CTX Glut_4",0
"039 Lamp5 Gaba","0049 L6 IT CTX Glut_4",0
"041 Pvalb chandelier Gaba","0049 L6 IT CTX Glut_4",0
"042 Pvalb Gaba","0049 L6 IT CTX Glut_4",0
"043 Sst Gaba","0049 L6 IT CTX Glut_4",0
"046 Sst Chodl Gaba","0049 L6 IT CTX Glut_4",0
"287 Astro-TE NN","0049 L6 IT CTX Glut_4",0
"294 OPC NN","0049 L6 IT CTX Glut_4",0
"295 Oligo NN","0049 L6 IT CTX Glut_4",0
"299 Peri NN","0049 L6 IT CTX Glut_4",0
"301 Endo NN","0049 L6 IT CTX Glut_4",0
"302 Microglia NN","0049 L6 IT CTX Glut_4",0
"001 Car3 Glut","0053 L6 IT CTX Glut_5",0
"003 L5/6 IT TPE-ENT Glut","0053 L6 IT CTX Glut_5",0
"004 L6 IT CTX Glut","0053 L6 IT CTX Glut_5",0.00581395348837209
"005 L5 IT CTX Glut","0053 L6 IT CTX Glut_5",0
"006 L4/5 IT CTX Glut","0053 L6 IT CTX Glut_5",0
"007 L2/3 IT CTX Glut","0053 L6 IT CTX Glut_5",0
"022 L5 ET CTX Glut","0053 L6 IT CTX Glut_5",0
"027 L6b CTX Glut","0053 L6 IT CTX Glut_5",0
"028 L6 CT CTX Glut","0053 L6 IT CTX Glut_5",0
"030 L5 NP CTX Glut","0053 L6 IT CTX Glut_5",0
"036 Vip Gaba","0053 L6 IT CTX Glut_5",0
"037 Sncg Gaba","0053 L6 IT CTX Glut_5",0
"039 Lamp5 Gaba","0053 L6 IT CTX Glut_5",0
"041 Pvalb chandelier Gaba","0053 L6 IT CTX Glut_5",0
"042 Pvalb Gaba","0053 L6 IT CTX Glut_5",0
"043 Sst Gaba","0053 L6 IT CTX Glut_5",0
"046 Sst Chodl Gaba","0053 L6 IT CTX Glut_5",0
"287 Astro-TE NN","0053 L6 IT CTX Glut_5",0
"294 OPC NN","0053 L6 IT CTX Glut_5",0
"295 Oligo NN","0053 L6 IT CTX Glut_5",0
"299 Peri NN","0053 L6 IT CTX Glut_5",0
"301 Endo NN","0053 L6 IT CTX Glut_5",0
"302 Microglia NN","0053 L6 IT CTX Glut_5",0
"001 Car3 Glut","0054 L6 IT CTX Glut_5",0
"003 L5/6 IT TPE-ENT Glut","0054 L6 IT CTX Glut_5",0.00205761316872428
"004 L6 IT CTX Glut","0054 L6 IT CTX Glut_5",0.00968992248062015
"005 L5 IT CTX Glut","0054 L6 IT CTX Glut_5",0.00614250614250614
"006 L4/5 IT CTX Glut","0054 L6 IT CTX Glut_5",0
"007 L2/3 IT CTX Glut","0054 L6 IT CTX Glut_5",0
"022 L5 ET CTX Glut","0054 L6 IT CTX Glut_5",0
"027 L6b CTX Glut","0054 L6 IT CTX Glut_5",0
"028 L6 CT CTX Glut","0054 L6 IT CTX Glut_5",0
"030 L5 NP CTX Glut","0054 L6 IT CTX Glut_5",0
"036 Vip Gaba","0054 L6 IT CTX Glut_5",0
"037 Sncg Gaba","0054 L6 IT CTX Glut_5",0
"039 Lamp5 Gaba","0054 L6 IT CTX Glut_5",0
"041 Pvalb chandelier Gaba","0054 L6 IT CTX Glut_5",0
"042 Pvalb Gaba","0054 L6 IT CTX Glut_5",0
"043 Sst Gaba","0054 L6 IT CTX Glut_5",0
"046 Sst Chodl Gaba","0054 L6 IT CTX Glut_5",0
"287 Astro-TE NN","0054 L6 IT CTX Glut_5",0
"294 OPC NN","0054 L6 IT CTX Glut_5",0
"295 Oligo NN","0054 L6 IT CTX Glut_5",0
"299 Peri NN","0054 L6 IT CTX Glut_5",0
"301 Endo NN","0054 L6 IT CTX Glut_5",0
"302 Microglia NN","0054 L6 IT CTX Glut_5",0
"001 Car3 Glut","0055 L5 IT CTX Glut_1",0
"003 L5/6 IT TPE-ENT Glut","0055 L5 IT CTX Glut_1",0
"004 L6 IT CTX Glut","0055 L5 IT CTX Glut_1",0.0143410852713178
"005 L5 IT CTX Glut","0055 L5 IT CTX Glut_1",0.353808353808354
"006 L4/5 IT CTX Glut","0055 L5 IT CTX Glut_1",0.00658414537792994
"007 L2/3 IT CTX Glut","0055 L5 IT CTX Glut_1",0.00534283170080142
"022 L5 ET CTX Glut","0055 L5 IT CTX Glut_1",0
"027 L6b CTX Glut","0055 L5 IT CTX Glut_1",0
"028 L6 CT CTX Glut","0055 L5 IT CTX Glut_1",0
"030 L5 NP CTX Glut","0055 L5 IT CTX Glut_1",0.000890471950133571
"036 Vip Gaba","0055 L5 IT CTX Glut_1",0
"037 Sncg Gaba","0055 L5 IT CTX Glut_1",0
"039 Lamp5 Gaba","0055 L5 IT CTX Glut_1",0
"041 Pvalb chandelier Gaba","0055 L5 IT CTX Glut_1",0
"042 Pvalb Gaba","0055 L5 IT CTX Glut_1",0
"043 Sst Gaba","0055 L5 IT CTX Glut_1",0
"046 Sst Chodl Gaba","0055 L5 IT CTX Glut_1",0
"287 Astro-TE NN","0055 L5 IT CTX Glut_1",0
"294 OPC NN","0055 L5 IT CTX Glut_1",0
"295 Oligo NN","0055 L5 IT CTX Glut_1",0
"299 Peri NN","0055 L5 IT CTX Glut_1",0
"301 Endo NN","0055 L5 IT CTX Glut_1",0
"302 Microglia NN","0055 L5 IT CTX Glut_1",0
"001 Car3 Glut","0056 L5 IT CTX Glut_1",0
"003 L5/6 IT TPE-ENT Glut","0056 L5 IT CTX Glut_1",0
"004 L6 IT CTX Glut","0056 L5 IT CTX Glut_1",0.00891472868217054
"005 L5 IT CTX Glut","0056 L5 IT CTX Glut_1",0.135135135135135
"006 L4/5 IT CTX Glut","0056 L5 IT CTX Glut_1",0.00500395048722676
"007 L2/3 IT CTX Glut","0056 L5 IT CTX Glut_1",0
"022 L5 ET CTX Glut","0056 L5 IT CTX Glut_1",0
"027 L6b CTX Glut","0056 L5 IT CTX Glut_1",0
"028 L6 CT CTX Glut","0056 L5 IT CTX Glut_1",0
"030 L5 NP CTX Glut","0056 L5 IT CTX Glut_1",0
"036 Vip Gaba","0056 L5 IT CTX Glut_1",0
"037 Sncg Gaba","0056 L5 IT CTX Glut_1",0
"039 Lamp5 Gaba","0056 L5 IT CTX Glut_1",0
"041 Pvalb chandelier Gaba","0056 L5 IT CTX Glut_1",0
"042 Pvalb Gaba","0056 L5 IT CTX Glut_1",0
"043 Sst Gaba","0056 L5 IT CTX Glut_1",0
"046 Sst Chodl Gaba","0056 L5 IT CTX Glut_1",0
"287 Astro-TE NN","0056 L5 IT CTX Glut_1",0
"294 OPC NN","0056 L5 IT CTX Glut_1",0
"295 Oligo NN","0056 L5 IT CTX Glut_1",0
"299 Peri NN","0056 L5 IT CTX Glut_1",0
"301 Endo NN","0056 L5 IT CTX Glut_1",0
"302 Microglia NN","0056 L5 IT CTX Glut_1",0
"001 Car3 Glut","0061 L5 IT CTX Glut_3",0
"003 L5/6 IT TPE-ENT Glut","0061 L5 IT CTX Glut_3",0
"004 L6 IT CTX Glut","0061 L5 IT CTX Glut_3",0
"005 L5 IT CTX Glut","0061 L5 IT CTX Glut_3",0
"006 L4/5 IT CTX Glut","0061 L5 IT CTX Glut_3",0
"007 L2/3 IT CTX Glut","0061 L5 IT CTX Glut_3",0
"022 L5 ET CTX Glut","0061 L5 IT CTX Glut_3",0
"027 L6b CTX Glut","0061 L5 IT CTX Glut_3",0
"028 L6 CT CTX Glut","0061 L5 IT CTX Glut_3",0
"030 L5 NP CTX Glut","0061 L5 IT CTX Glut_3",0
"036 Vip Gaba","0061 L5 IT CTX Glut_3",0
"037 Sncg Gaba","0061 L5 IT CTX Glut_3",0
"039 Lamp5 Gaba","0061 L5 IT CTX Glut_3",0
"041 Pvalb chandelier Gaba","0061 L5 IT CTX Glut_3",0
"042 Pvalb Gaba","0061 L5 IT CTX Glut_3",0
"043 Sst Gaba","0061 L5 IT CTX Glut_3",0
"046 Sst Chodl Gaba","0061 L5 IT CTX Glut_3",0
"287 Astro-TE NN","0061 L5 IT CTX Glut_3",0
"294 OPC NN","0061 L5 IT CTX Glut_3",0
"295 Oligo NN","0061 L5 IT CTX Glut_3",0
"299 Peri NN","0061 L5 IT CTX Glut_3",0
"301 Endo NN","0061 L5 IT CTX Glut_3",0
"302 Microglia NN","0061 L5 IT CTX Glut_3",0
"001 Car3 Glut","0065 L5 IT CTX Glut_5",0
"003 L5/6 IT TPE-ENT Glut","0065 L5 IT CTX Glut_5",0.220164609053498
"004 L6 IT CTX Glut","0065 L5 IT CTX Glut_5",0.00542635658914729
"005 L5 IT CTX Glut","0065 L5 IT CTX Glut_5",0.222358722358722
"006 L4/5 IT CTX Glut","0065 L5 IT CTX Glut_5",0.00210692652093758
"007 L2/3 IT CTX Glut","0065 L5 IT CTX Glut_5",0
"022 L5 ET CTX Glut","0065 L5 IT CTX Glut_5",0
"027 L6b CTX Glut","0065 L5 IT CTX Glut_5",0
"028 L6 CT CTX Glut","0065 L5 IT CTX Glut_5",0
"030 L5 NP CTX Glut","0065 L5 IT CTX Glut_5",0.000890471950133571
"036 Vip Gaba","0065 L5 IT CTX Glut_5",0
"037 Sncg Gaba","0065 L5 IT CTX Glut_5",0
"039 Lamp5 Gaba","0065 L5 IT CTX Glut_5",0
"041 Pvalb chandelier Gaba","0065 L5 IT CTX Glut_5",0
"042 Pvalb Gaba","0065 L5 IT CTX Glut_5",0
"043 Sst Gaba","0065 L5 IT CTX Glut_5",0
"046 Sst Chodl Gaba","0065 L5 IT CTX Glut_5",0
"287 Astro-TE NN","0065 L5 IT CTX Glut_5",0
"294 OPC NN","0065 L5 IT CTX Glut_5",0
"295 Oligo NN","0065 L5 IT CTX Glut_5",0
"299 Peri NN","0065 L5 IT CTX Glut_5",0
"301 Endo NN","0065 L5 IT CTX Glut_5",0
"302 Microglia NN","0065 L5 IT CTX Glut_5",0
"001 Car3 Glut","0069 L4/5 IT CTX Glut_1",0
"003 L5/6 IT TPE-ENT Glut","0069 L4/5 IT CTX Glut_1",0
"004 L6 IT CTX Glut","0069 L4/5 IT CTX Glut_1",0
"005 L5 IT CTX Glut","0069 L4/5 IT CTX Glut_1",0
"006 L4/5 IT CTX Glut","0069 L4/5 IT CTX Glut_1",0
"007 L2/3 IT CTX Glut","0069 L4/5 IT CTX Glut_1",0
"022 L5 ET CTX Glut","0069 L4/5 IT CTX Glut_1",0
"027 L6b CTX Glut","0069 L4/5 IT CTX Glut_1",0
"028 L6 CT CTX Glut","0069 L4/5 IT CTX Glut_1",0
"030 L5 NP CTX Glut","0069 L4/5 IT CTX Glut_1",0
"036 Vip Gaba","0069 L4/5 IT CTX Glut_1",0
"037 Sncg Gaba","0069 L4/5 IT CTX Glut_1",0
"039 Lamp5 Gaba","0069 L4/5 IT CTX Glut_1",0
"041 Pvalb chandelier Gaba","0069 L4/5 IT CTX Glut_1",0
"042 Pvalb Gaba","0069 L4/5 IT CTX Glut_1",0
"043 Sst Gaba","0069 L4/5 IT CTX Glut_1",0
"046 Sst Chodl Gaba","0069 L4/5 IT CTX Glut_1",0
"287 Astro-TE NN","0069 L4/5 IT CTX Glut_1",0
"294 OPC NN","0069 L4/5 IT CTX Glut_1",0
"295 Oligo NN","0069 L4/5 IT CTX Glut_1",0
"299 Peri NN","0069 L4/5 IT CTX Glut_1",0
"301 Endo NN","0069 L4/5 IT CTX Glut_1",0
"302 Microglia NN","0069 L4/5 IT CTX Glut_1",0
"001 Car3 Glut","0072 L4/5 IT CTX Glut_1",0
"003 L5/6 IT TPE-ENT Glut","0072 L4/5 IT CTX Glut_1",0
"004 L6 IT CTX Glut","0072 L4/5 IT CTX Glut_1",0.00503875968992248
"005 L5 IT CTX Glut","0072 L4/5 IT CTX Glut_1",0.00245700245700246
"006 L4/5 IT CTX Glut","0072 L4/5 IT CTX Glut_1",0.149065051356334
"007 L2/3 IT CTX Glut","0072 L4/5 IT CTX Glut_1",0
"022 L5 ET CTX Glut","0072 L4/5 IT CTX Glut_1",0
"027 L6b CTX Glut","0072 L4/5 IT CTX Glut_1",0
"028 L6 CT CTX Glut","0072 L4/5 IT CTX Glut_1",0
"030 L5 NP CTX Glut","0072 L4/5 IT CTX Glut_1",0
"036 Vip Gaba","0072 L4/5 IT CTX Glut_1",0
"037 Sncg Gaba","0072 L4/5 IT CTX Glut_1",0
"039 Lamp5 Gaba","0072 L4/5 IT CTX Glut_1",0
"041 Pvalb chandelier Gaba","0072 L4/5 IT CTX Glut_1",0
"042 Pvalb Gaba","0072 L4/5 IT CTX Glut_1",0
"043 Sst Gaba","0072 L4/5 IT CTX Glut_1",0
"046 Sst Chodl Gaba","0072 L4/5 IT CTX Glut_1",0
"287 Astro-TE NN","0072 L4/5 IT CTX Glut_1",0
"294 OPC NN","0072 L4/5 IT CTX Glut_1",0
"295 Oligo NN","0072 L4/5 IT CTX Glut_1",0
"299 Peri NN","0072 L4/5 IT CTX Glut_1",0
"301 Endo NN","0072 L4/5 IT CTX Glut_1",0
"302 Microglia NN","0072 L4/5 IT CTX Glut_1",0
"001 Car3 Glut","0075 L4/5 IT CTX Glut_2",0
"003 L5/6 IT TPE-ENT Glut","0075 L4/5 IT CTX Glut_2",0
"004 L6 IT CTX Glut","0075 L4/5 IT CTX Glut_2",0
"005 L5 IT CTX Glut","0075 L4/5 IT CTX Glut_2",0.0257985257985258
"006 L4/5 IT CTX Glut","0075 L4/5 IT CTX Glut_2",0.08928101132473
"007 L2/3 IT CTX Glut","0075 L4/5 IT CTX Glut_2",0
"022 L5 ET CTX Glut","0075 L4/5 IT CTX Glut_2",0
"027 L6b CTX Glut","0075 L4/5 IT CTX Glut_2",0
"028 L6 CT CTX Glut","0075 L4/5 IT CTX Glut_2",0
"030 L5 NP CTX Glut","0075 L4/5 IT CTX Glut_2",0
"036 Vip Gaba","0075 L4/5 IT CTX Glut_2",0
"037 Sncg Gaba","0075 L4/5 IT CTX Glut_2",0
"039 Lamp5 Gaba","0075 L4/5 IT CTX Glut_2",0
"041 Pvalb chandelier Gaba","0075 L4/5 IT CTX Glut_2",0
"042 Pvalb Gaba","0075 L4/5 IT CTX Glut_2",0
"043 Sst Gaba","0075 L4/5 IT CTX Glut_2",0
"046 Sst Chodl Gaba","0075 L4/5 IT CTX Glut_2",0
"287 Astro-TE NN","0075 L4/5 IT CTX Glut_2",0
"294 OPC NN","0075 L4/5 IT CTX Glut_2",0
"295 Oligo NN","0075 L4/5 IT CTX Glut_2",0
"299 Peri NN","0075 L4/5 IT CTX Glut_2",0
"301 Endo NN","0075 L4/5 IT CTX Glut_2",0
"302 Microglia NN","0075 L4/5 IT CTX Glut_2",0
"001 Car3 Glut","0076 L4/5 IT CTX Glut_2",0
"003 L5/6 IT TPE-ENT Glut","0076 L4/5 IT CTX Glut_2",0
"004 L6 IT CTX Glut","0076 L4/5 IT CTX Glut_2",0
"005 L5 IT CTX Glut","0076 L4/5 IT CTX Glut_2",0
"006 L4/5 IT CTX Glut","0076 L4/5 IT CTX Glut_2",0.0284435080326574
"007 L2/3 IT CTX Glut","0076 L4/5 IT CTX Glut_2",0
"022 L5 ET CTX Glut","0076 L4/5 IT CTX Glut_2",0
"027 L6b CTX Glut","0076 L4/5 IT CTX Glut_2",0
"028 L6 CT CTX Glut","0076 L4/5 IT CTX Glut_2",0
"030 L5 NP CTX Glut","0076 L4/5 IT CTX Glut_2",0
"036 Vip Gaba","0076 L4/5 IT CTX Glut_2",0
"037 Sncg Gaba","0076 L4/5 IT CTX Glut_2",0
"039 Lamp5 Gaba","0076 L4/5 IT CTX Glut_2",0
"041 Pvalb chandelier Gaba","0076 L4/5 IT CTX Glut_2",0
"042 Pvalb Gaba","0076 L4/5 IT CTX Glut_2",0
"043 Sst Gaba","0076 L4/5 IT CTX Glut_2",0
"046 Sst Chodl Gaba","0076 L4/5 IT CTX Glut_2",0
"287 Astro-TE NN","0076 L4/5 IT CTX Glut_2",0
"294 OPC NN","0076 L4/5 IT CTX Glut_2",0
"295 Oligo NN","0076 L4/5 IT CTX Glut_2",0
"299 Peri NN","0076 L4/5 IT CTX Glut_2",0
"301 Endo NN","0076 L4/5 IT CTX Glut_2",0
"302 Microglia NN","0076 L4/5 IT CTX Glut_2",0
"001 Car3 Glut","0078 L4/5 IT CTX Glut_2",0
"003 L5/6 IT TPE-ENT Glut","0078 L4/5 IT CTX Glut_2",0
"004 L6 IT CTX Glut","0078 L4/5 IT CTX Glut_2",0
"005 L5 IT CTX Glut","0078 L4/5 IT CTX Glut_2",0.0110565110565111
"006 L4/5 IT CTX Glut","0078 L4/5 IT CTX Glut_2",0.100869107189887
"007 L2/3 IT CTX Glut","0078 L4/5 IT CTX Glut_2",0
"022 L5 ET CTX Glut","0078 L4/5 IT CTX Glut_2",0
"027 L6b CTX Glut","0078 L4/5 IT CTX Glut_2",0
"028 L6 CT CTX Glut","0078 L4/5 IT CTX Glut_2",0
"030 L5 NP CTX Glut","0078 L4/5 IT CTX Glut_2",0
"036 Vip Gaba","0078 L4/5 IT CTX Glut_2",0
"037 Sncg Gaba","0078 L4/5 IT CTX Glut_2",0
"039 Lamp5 Gaba","0078 L4/5 IT CTX Glut_2",0
"041 Pvalb chandelier Gaba","0078 L4/5 IT CTX Glut_2",0.00645161290322581
"042 Pvalb Gaba","0078 L4/5 IT CTX Glut_2",0
"043 Sst Gaba","0078 L4/5 IT CTX Glut_2",0.000412541254125413
"046 Sst Chodl Gaba","0078 L4/5 IT CTX Glut_2",0
"287 Astro-TE NN","0078 L4/5 IT CTX Glut_2",0
"294 OPC NN","0078 L4/5 IT CTX Glut_2",0
"295 Oligo NN","0078 L4/5 IT CTX Glut_2",0
"299 Peri NN","0078 L4/5 IT CTX Glut_2",0
"301 Endo NN","0078 L4/5 IT CTX Glut_2",0
"302 Microglia NN","0078 L4/5 IT CTX Glut_2",0
"001 Car3 Glut","0083 L4/5 IT CTX Glut_3",0
"003 L5/6 IT TPE-ENT Glut","0083 L4/5 IT CTX Glut_3",0.0967078189300412
"004 L6 IT CTX Glut","0083 L4/5 IT CTX Glut_3",0
"005 L5 IT CTX Glut","0083 L4/5 IT CTX Glut_3",0.0110565110565111
"006 L4/5 IT CTX Glut","0083 L4/5 IT CTX Glut_3",0.0484593099815644
"007 L2/3 IT CTX Glut","0083 L4/5 IT CTX Glut_3",0
"022 L5 ET CTX Glut","0083 L4/5 IT CTX Glut_3",0
"027 L6b CTX Glut","0083 L4/5 IT CTX Glut_3",0
"028 L6 CT CTX Glut","0083 L4/5 IT CTX Glut_3",0
"030 L5 NP CTX Glut","0083 L4/5 IT CTX Glut_3",0
"036 Vip Gaba","0083 L4/5 IT CTX Glut_3",0
"037 Sncg Gaba","0083 L4/5 IT CTX Glut_3",0
"039 Lamp5 Gaba","0083 L4/5 IT CTX Glut_3",0
"041 Pvalb chandelier Gaba","0083 L4/5 IT CTX Glut_3",0
"042 Pvalb Gaba","0083 L4/5 IT CTX Glut_3",0
"043 Sst Gaba","0083 L4/5 IT CTX Glut_3",0
"046 Sst Chodl Gaba","0083 L4/5 IT CTX Glut_3",0
"287 Astro-TE NN","0083 L4/5 IT CTX Glut_3",0
"294 OPC NN","0083 L4/5 IT CTX Glut_3",0
"295 Oligo NN","0083 L4/5 IT CTX Glut_3",0
"299 Peri NN","0083 L4/5 IT CTX Glut_3",0
"301 Endo NN","0083 L4/5 IT CTX Glut_3",0
"302 Microglia NN","0083 L4/5 IT CTX Glut_3",0
"001 Car3 Glut","0084 L4/5 IT CTX Glut_3",0
"003 L5/6 IT TPE-ENT Glut","0084 L4/5 IT CTX Glut_3",0
"004 L6 IT CTX Glut","0084 L4/5 IT CTX Glut_3",0.000775193798449612
"005 L5 IT CTX Glut","0084 L4/5 IT CTX Glut_3",0.0294840294840295
"006 L4/5 IT CTX Glut","0084 L4/5 IT CTX Glut_3",0.0626810639978931
"007 L2/3 IT CTX Glut","0084 L4/5 IT CTX Glut_3",0
"022 L5 ET CTX Glut","0084 L4/5 IT CTX Glut_3",0
"027 L6b CTX Glut","0084 L4/5 IT CTX Glut_3",0
"028 L6 CT CTX Glut","0084 L4/5 IT CTX Glut_3",0
"030 L5 NP CTX Glut","0084 L4/5 IT CTX Glut_3",0
"036 Vip Gaba","0084 L4/5 IT CTX Glut_3",0
"037 Sncg Gaba","0084 L4/5 IT CTX Glut_3",0
"039 Lamp5 Gaba","0084 L4/5 IT CTX Glut_3",0
"041 Pvalb chandelier Gaba","0084 L4/5 IT CTX Glut_3",0
"042 Pvalb Gaba","0084 L4/5 IT CTX Glut_3",0.000802568218298555
"043 Sst Gaba","0084 L4/5 IT CTX Glut_3",0
"046 Sst Chodl Gaba","0084 L4/5 IT CTX Glut_3",0
"287 Astro-TE NN","0084 L4/5 IT CTX Glut_3",0
"294 OPC NN","0084 L4/5 IT CTX Glut_3",0
"295 Oligo NN","0084 L4/5 IT CTX Glut_3",0
"299 Peri NN","0084 L4/5 IT CTX Glut_3",0
"301 Endo NN","0084 L4/5 IT CTX Glut_3",0
"302 Microglia NN","0084 L4/5 IT CTX Glut_3",0
"001 Car3 Glut","0090 L4/5 IT CTX Glut_4",0
"003 L5/6 IT TPE-ENT Glut","0090 L4/5 IT CTX Glut_4",0
"004 L6 IT CTX Glut","0090 L4/5 IT CTX Glut_4",0.00542635658914729
"005 L5 IT CTX Glut","0090 L4/5 IT CTX Glut_4",0.00122850122850123
"006 L4/5 IT CTX Glut","0090 L4/5 IT CTX Glut_4",0.0592573084013695
"007 L2/3 IT CTX Glut","0090 L4/5 IT CTX Glut_4",0
"022 L5 ET CTX Glut","0090 L4/5 IT CTX Glut_4",0
"027 L6b CTX Glut","0090 L4/5 IT CTX Glut_4",0
"028 L6 CT CTX Glut","0090 L4/5 IT CTX Glut_4",0
"030 L5 NP CTX Glut","0090 L4/5 IT CTX Glut_4",0
"036 Vip Gaba","0090 L4/5 IT CTX Glut_4",0
"037 Sncg Gaba","0090 L4/5 IT CTX Glut_4",0
"039 Lamp5 Gaba","0090 L4/5 IT CTX Glut_4",0
"041 Pvalb chandelier Gaba","0090 L4/5 IT CTX Glut_4",0
"042 Pvalb Gaba","0090 L4/5 IT CTX Glut_4",0
"043 Sst Gaba","0090 L4/5 IT CTX Glut_4",0
"046 Sst Chodl Gaba","0090 L4/5 IT CTX Glut_4",0
"287 Astro-TE NN","0090 L4/5 IT CTX Glut_4",0
"294 OPC NN","0090 L4/5 IT CTX Glut_4",0
"295 Oligo NN","0090 L4/5 IT CTX Glut_4",0
"299 Peri NN","0090 L4/5 IT CTX Glut_4",0
"301 Endo NN","0090 L4/5 IT CTX Glut_4",0
"302 Microglia NN","0090 L4/5 IT CTX Glut_4",0
"001 Car3 Glut","0091 L4/5 IT CTX Glut_4",0
"003 L5/6 IT TPE-ENT Glut","0091 L4/5 IT CTX Glut_4",0
"004 L6 IT CTX Glut","0091 L4/5 IT CTX Glut_4",0.00387596899224806
"005 L5 IT CTX Glut","0091 L4/5 IT CTX Glut_4",0.00245700245700246
"006 L4/5 IT CTX Glut","0091 L4/5 IT CTX Glut_4",0.131946273373716
"007 L2/3 IT CTX Glut","0091 L4/5 IT CTX Glut_4",0
"022 L5 ET CTX Glut","0091 L4/5 IT CTX Glut_4",0
"027 L6b CTX Glut","0091 L4/5 IT CTX Glut_4",0
"028 L6 CT CTX Glut","0091 L4/5 IT CTX Glut_4",0
"030 L5 NP CTX Glut","0091 L4/5 IT CTX Glut_4",0.000890471950133571
"036 Vip Gaba","0091 L4/5 IT CTX Glut_4",0
"037 Sncg Gaba","0091 L4/5 IT CTX Glut_4",0
"039 Lamp5 Gaba","0091 L4/5 IT CTX Glut_4",0
"041 Pvalb chandelier Gaba","0091 L4/5 IT CTX Glut_4",0
"042 Pvalb Gaba","0091 L4/5 IT CTX Glut_4",0
"043 Sst Gaba","0091 L4/5 IT CTX Glut_4",0
"046 Sst Chodl Gaba","0091 L4/5 IT CTX Glut_4",0
"287 Astro-TE NN","0091 L4/5 IT CTX Glut_4",0
"294 OPC NN","0091 L4/5 IT CTX Glut_4",0
"295 Oligo NN","0091 L4/5 IT CTX Glut_4",0
"299 Peri NN","0091 L4/5 IT CTX Glut_4",0
"301 Endo NN","0091 L4/5 IT CTX Glut_4",0
"302 Microglia NN","0091 L4/5 IT CTX Glut_4",0
"001 Car3 Glut","0094 L4/5 IT CTX Glut_4",0
"003 L5/6 IT TPE-ENT Glut","0094 L4/5 IT CTX Glut_4",0
"004 L6 IT CTX Glut","0094 L4/5 IT CTX Glut_4",0
"005 L5 IT CTX Glut","0094 L4/5 IT CTX Glut_4",0
"006 L4/5 IT CTX Glut","0094 L4/5 IT CTX Glut_4",0.0816434026863313
"007 L2/3 IT CTX Glut","0094 L4/5 IT CTX Glut_4",0.0115761353517364
"022 L5 ET CTX Glut","0094 L4/5 IT CTX Glut_4",0
"027 L6b CTX Glut","0094 L4/5 IT CTX Glut_4",0
"028 L6 CT CTX Glut","0094 L4/5 IT CTX Glut_4",0
"030 L5 NP CTX Glut","0094 L4/5 IT CTX Glut_4",0
"036 Vip Gaba","0094 L4/5 IT CTX Glut_4",0
"037 Sncg Gaba","0094 L4/5 IT CTX Glut_4",0
"039 Lamp5 Gaba","0094 L4/5 IT CTX Glut_4",0
"041 Pvalb chandelier Gaba","0094 L4/5 IT CTX Glut_4",0
"042 Pvalb Gaba","0094 L4/5 IT CTX Glut_4",0
"043 Sst Gaba","0094 L4/5 IT CTX Glut_4",0
"046 Sst Chodl Gaba","0094 L4/5 IT CTX Glut_4",0
"287 Astro-TE NN","0094 L4/5 IT CTX Glut_4",0
"294 OPC NN","0094 L4/5 IT CTX Glut_4",0
"295 Oligo NN","0094 L4/5 IT CTX Glut_4",0
"299 Peri NN","0094 L4/5 IT CTX Glut_4",0
"301 Endo NN","0094 L4/5 IT CTX Glut_4",0
"302 Microglia NN","0094 L4/5 IT CTX Glut_4",0
"001 Car3 Glut","0096 L4/5 IT CTX Glut_5",0
"003 L5/6 IT TPE-ENT Glut","0096 L4/5 IT CTX Glut_5",0
"004 L6 IT CTX Glut","0096 L4/5 IT CTX Glut_5",0
"005 L5 IT CTX Glut","0096 L4/5 IT CTX Glut_5",0
"006 L4/5 IT CTX Glut","0096 L4/5 IT CTX Glut_5",0.109823544903871
"007 L2/3 IT CTX Glut","0096 L4/5 IT CTX Glut_5",0
"022 L5 ET CTX Glut","0096 L4/5 IT CTX Glut_5",0
"027 L6b CTX Glut","0096 L4/5 IT CTX Glut_5",0
"028 L6 CT CTX Glut","0096 L4/5 IT CTX Glut_5",0
"030 L5 NP CTX Glut","0096 L4/5 IT CTX Glut_5",0
"036 Vip Gaba","0096 L4/5 IT CTX Glut_5",0
"037 Sncg Gaba","0096 L4/5 IT CTX Glut_5",0
"039 Lamp5 Gaba","0096 L4/5 IT CTX Glut_5",0
"041 Pvalb chandelier Gaba","0096 L4/5 IT CTX Glut_5",0
"042 Pvalb Gaba","0096 L4/5 IT CTX Glut_5",0
"043 Sst Gaba","0096 L4/5 IT CTX Glut_5",0.000412541254125413
"046 Sst Chodl Gaba","0096 L4/5 IT CTX Glut_5",0
"287 Astro-TE NN","0096 L4/5 IT CTX Glut_5",0
"294 OPC NN","0096 L4/5 IT CTX Glut_5",0
"295 Oligo NN","0096 L4/5 IT CTX Glut_5",0
"299 Peri NN","0096 L4/5 IT CTX Glut_5",0
"301 Endo NN","0096 L4/5 IT CTX Glut_5",0
"302 Microglia NN","0096 L4/5 IT CTX Glut_5",0
"001 Car3 Glut","0098 L4/5 IT CTX Glut_5",0
"003 L5/6 IT TPE-ENT Glut","0098 L4/5 IT CTX Glut_5",0
"004 L6 IT CTX Glut","0098 L4/5 IT CTX Glut_5",0
"005 L5 IT CTX Glut","0098 L4/5 IT CTX Glut_5",0
"006 L4/5 IT CTX Glut","0098 L4/5 IT CTX Glut_5",0.0421385304187516
"007 L2/3 IT CTX Glut","0098 L4/5 IT CTX Glut_5",0.00178094390026714
"022 L5 ET CTX Glut","0098 L4/5 IT CTX Glut_5",0
"027 L6b CTX Glut","0098 L4/5 IT CTX Glut_5",0
"028 L6 CT CTX Glut","0098 L4/5 IT CTX Glut_5",0
"030 L5 NP CTX Glut","0098 L4/5 IT CTX Glut_5",0
"036 Vip Gaba","0098 L4/5 IT CTX Glut_5",0
"037 Sncg Gaba","0098 L4/5 IT CTX Glut_5",0
"039 Lamp5 Gaba","0098 L4/5 IT CTX Glut_5",0
"041 Pvalb chandelier Gaba","0098 L4/5 IT CTX Glut_5",0
"042 Pvalb Gaba","0098 L4/5 IT CTX Glut_5",0
"043 Sst Gaba","0098 L4/5 IT CTX Glut_5",0
"046 Sst Chodl Gaba","0098 L4/5 IT CTX Glut_5",0
"287 Astro-TE NN","0098 L4/5 IT CTX Glut_5",0
"294 OPC NN","0098 L4/5 IT CTX Glut_5",0
"295 Oligo NN","0098 L4/5 IT CTX Glut_5",0
"299 Peri NN","0098 L4/5 IT CTX Glut_5",0
"301 Endo NN","0098 L4/5 IT CTX Glut_5",0
"302 Microglia NN","0098 L4/5 IT CTX Glut_5",0
"001 Car3 Glut","0099 L4/5 IT CTX Glut_5",0
"003 L5/6 IT TPE-ENT Glut","0099 L4/5 IT CTX Glut_5",0
"004 L6 IT CTX Glut","0099 L4/5 IT CTX Glut_5",0.000775193798449612
"005 L5 IT CTX Glut","0099 L4/5 IT CTX Glut_5",0
"006 L4/5 IT CTX Glut","0099 L4/5 IT CTX Glut_5",0.0474058467210956
"007 L2/3 IT CTX Glut","0099 L4/5 IT CTX Glut_5",0.00267141585040071
"022 L5 ET CTX Glut","0099 L4/5 IT CTX Glut_5",0
"027 L6b CTX Glut","0099 L4/5 IT CTX Glut_5",0
"028 L6 CT CTX Glut","0099 L4/5 IT CTX Glut_5",0
"030 L5 NP CTX Glut","0099 L4/5 IT CTX Glut_5",0
"036 Vip Gaba","0099 L4/5 IT CTX Glut_5",0
"037 Sncg Gaba","0099 L4/5 IT CTX Glut_5",0
"039 Lamp5 Gaba","0099 L4/5 IT CTX Glut_5",0
"041 Pvalb chandelier Gaba","0099 L4/5 IT CTX Glut_5",0
"042 Pvalb Gaba","0099 L4/5 IT CTX Glut_5",0
"043 Sst Gaba","0099 L4/5 IT CTX Glut_5",0
"046 Sst Chodl Gaba","0099 L4/5 IT CTX Glut_5",0
"287 Astro-TE NN","0099 L4/5 IT CTX Glut_5",0
"294 OPC NN","0099 L4/5 IT CTX Glut_5",0
"295 Oligo NN","0099 L4/5 IT CTX Glut_5",0
"299 Peri NN","0099 L4/5 IT CTX Glut_5",0
"301 Endo NN","0099 L4/5 IT CTX Glut_5",0
"302 Microglia NN","0099 L4/5 IT CTX Glut_5",0
"001 Car3 Glut","0104 L2/3 IT CTX Glut_1",0
"003 L5/6 IT TPE-ENT Glut","0104 L2/3 IT CTX Glut_1",0
"004 L6 IT CTX Glut","0104 L2/3 IT CTX Glut_1",0.000775193798449612
"005 L5 IT CTX Glut","0104 L2/3 IT CTX Glut_1",0.00122850122850123
"006 L4/5 IT CTX Glut","0104 L2/3 IT CTX Glut_1",0.00105346326046879
"007 L2/3 IT CTX Glut","0104 L2/3 IT CTX Glut_1",0.153161175422974
"022 L5 ET CTX Glut","0104 L2/3 IT CTX Glut_1",0
"027 L6b CTX Glut","0104 L2/3 IT CTX Glut_1",0
"028 L6 CT CTX Glut","0104 L2/3 IT CTX Glut_1",0
"030 L5 NP CTX Glut","0104 L2/3 IT CTX Glut_1",0
"036 Vip Gaba","0104 L2/3 IT CTX Glut_1",0
"037 Sncg Gaba","0104 L2/3 IT CTX Glut_1",0
"039 Lamp5 Gaba","0104 L2/3 IT CTX Glut_1",0
"041 Pvalb chandelier Gaba","0104 L2/3 IT CTX Glut_1",0
"042 Pvalb Gaba","0104 L2/3 IT CTX Glut_1",0
"043 Sst Gaba","0104 L2/3 IT CTX Glut_1",0
"046 Sst Chodl Gaba","0104 L2/3 IT CTX Glut_1",0
"287 Astro-TE NN","0104 L2/3 IT CTX Glut_1",0
"294 OPC NN","0104 L2/3 IT CTX Glut_1",0
"295 Oligo NN","0104 L2/3 IT CTX Glut_1",0
"299 Peri NN","0104 L2/3 IT CTX Glut_1",0
"301 Endo NN","0104 L2/3 IT CTX Glut_1",0
"302 Microglia NN","0104 L2/3 IT CTX Glut_1",0
"001 Car3 Glut","0105 L2/3 IT CTX Glut_1",0
"003 L5/6 IT TPE-ENT Glut","0105 L2/3 IT CTX Glut_1",0
"004 L6 IT CTX Glut","0105 L2/3 IT CTX Glut_1",0.000387596899224806
"005 L5 IT CTX Glut","0105 L2/3 IT CTX Glut_1",0
"006 L4/5 IT CTX Glut","0105 L2/3 IT CTX Glut_1",0.000790097445351593
"007 L2/3 IT CTX Glut","0105 L2/3 IT CTX Glut_1",0.194122885129118
"022 L5 ET CTX Glut","0105 L2/3 IT CTX Glut_1",0
"027 L6b CTX Glut","0105 L2/3 IT CTX Glut_1",0
"028 L6 CT CTX Glut","0105 L2/3 IT CTX Glut_1",0
"030 L5 NP CTX Glut","0105 L2/3 IT CTX Glut_1",0
"036 Vip Gaba","0105 L2/3 IT CTX Glut_1",0
"037 Sncg Gaba","0105 L2/3 IT CTX Glut_1",0
"039 Lamp5 Gaba","0105 L2/3 IT CTX Glut_1",0
"041 Pvalb chandelier Gaba","0105 L2/3 IT CTX Glut_1",0
"042 Pvalb Gaba","0105 L2/3 IT CTX Glut_1",0
"043 Sst Gaba","0105 L2/3 IT CTX Glut_1",0.000412541254125413
"046 Sst Chodl Gaba","0105 L2/3 IT CTX Glut_1",0
"287 Astro-TE NN","0105 L2/3 IT CTX Glut_1",0
"294 OPC NN","0105 L2/3 IT CTX Glut_1",0
"295 Oligo NN","0105 L2/3 IT CTX Glut_1",0
"299 Peri NN","0105 L2/3 IT CTX Glut_1",0
"301 Endo NN","0105 L2/3 IT CTX Glut_1",0.0101010101010101
"302 Microglia NN","0105 L2/3 IT CTX Glut_1",0
"001 Car3 Glut","0106 L2/3 IT CTX Glut_1",0
"003 L5/6 IT TPE-ENT Glut","0106 L2/3 IT CTX Glut_1",0.00205761316872428
"004 L6 IT CTX Glut","0106 L2/3 IT CTX Glut_1",0
"005 L5 IT CTX Glut","0106 L2/3 IT CTX Glut_1",0
"006 L4/5 IT CTX Glut","0106 L2/3 IT CTX Glut_1",0
"007 L2/3 IT CTX Glut","0106 L2/3 IT CTX Glut_1",0.276046304541407
"022 L5 ET CTX Glut","0106 L2/3 IT CTX Glut_1",0
"027 L6b CTX Glut","0106 L2/3 IT CTX Glut_1",0
"028 L6 CT CTX Glut","0106 L2/3 IT CTX Glut_1",0
"030 L5 NP CTX Glut","0106 L2/3 IT CTX Glut_1",0
"036 Vip Gaba","0106 L2/3 IT CTX Glut_1",0
"037 Sncg Gaba","0106 L2/3 IT CTX Glut_1",0
"039 Lamp5 Gaba","0106 L2/3 IT CTX Glut_1",0
"041 Pvalb chandelier Gaba","0106 L2/3 IT CTX Glut_1",0
"042 Pvalb Gaba","0106 L2/3 IT CTX Glut_1",0.000802568218298555
"043 Sst Gaba","0106 L2/3 IT CTX Glut_1",0
"046 Sst Chodl Gaba","0106 L2/3 IT CTX Glut_1",0
"287 Astro-TE NN","0106 L2/3 IT CTX Glut_1",0
"294 OPC NN","0106 L2/3 IT CTX Glut_1",0
"295 Oligo NN","0106 L2/3 IT CTX Glut_1",0
"299 Peri NN","0106 L2/3 IT CTX Glut_1",0
"301 Endo NN","0106 L2/3 IT CTX Glut_1",0
"302 Microglia NN","0106 L2/3 IT CTX Glut_1",0
"001 Car3 Glut","0109 L2/3 IT CTX Glut_2",0
"003 L5/6 IT TPE-ENT Glut","0109 L2/3 IT CTX Glut_2",0
"004 L6 IT CTX Glut","0109 L2/3 IT CTX Glut_2",0
"005 L5 IT CTX Glut","0109 L2/3 IT CTX Glut_2",0
"006 L4/5 IT CTX Glut","0109 L2/3 IT CTX Glut_2",0.0181722412430866
"007 L2/3 IT CTX Glut","0109 L2/3 IT CTX Glut_2",0.34906500445236
"022 L5 ET CTX Glut","0109 L2/3 IT CTX Glut_2",0
"027 L6b CTX Glut","0109 L2/3 IT CTX Glut_2",0
"028 L6 CT CTX Glut","0109 L2/3 IT CTX Glut_2",0
"030 L5 NP CTX Glut","0109 L2/3 IT CTX Glut_2",0.000890471950133571
"036 Vip Gaba","0109 L2/3 IT CTX Glut_2",0
"037 Sncg Gaba","0109 L2/3 IT CTX Glut_2",0
"039 Lamp5 Gaba","0109 L2/3 IT CTX Glut_2",0
"041 Pvalb chandelier Gaba","0109 L2/3 IT CTX Glut_2",0
"042 Pvalb Gaba","0109 L2/3 IT CTX Glut_2",0
"043 Sst Gaba","0109 L2/3 IT CTX Glut_2",0
"046 Sst Chodl Gaba","0109 L2/3 IT CTX Glut_2",0
"287 Astro-TE NN","0109 L2/3 IT CTX Glut_2",0
"294 OPC NN","0109 L2/3 IT CTX Glut_2",0
"295 Oligo NN","0109 L2/3 IT CTX Glut_2",0
"299 Peri NN","0109 L2/3 IT CTX Glut_2",0
"301 Endo NN","0109 L2/3 IT CTX Glut_2",0
"302 Microglia NN","0109 L2/3 IT CTX Glut_2",0
"001 Car3 Glut","0351 L5 ET CTX Glut_1",0
"003 L5/6 IT TPE-ENT Glut","0351 L5 ET CTX Glut_1",0
"004 L6 IT CTX Glut","0351 L5 ET CTX Glut_1",0
"005 L5 IT CTX Glut","0351 L5 ET CTX Glut_1",0
"006 L4/5 IT CTX Glut","0351 L5 ET CTX Glut_1",0
"007 L2/3 IT CTX Glut","0351 L5 ET CTX Glut_1",0
"022 L5 ET CTX Glut","0351 L5 ET CTX Glut_1",0.260519801980198
"027 L6b CTX Glut","0351 L5 ET CTX Glut_1",0
"028 L6 CT CTX Glut","0351 L5 ET CTX Glut_1",0
"030 L5 NP CTX Glut","0351 L5 ET CTX Glut_1",0
"036 Vip Gaba","0351 L5 ET CTX Glut_1",0
"037 Sncg Gaba","0351 L5 ET CTX Glut_1",0
"039 Lamp5 Gaba","0351 L5 ET CTX Glut_1",0
"041 Pvalb chandelier Gaba","0351 L5 ET CTX Glut_1",0
"042 Pvalb Gaba","0351 L5 ET CTX Glut_1",0.00160513643659711
"043 Sst Gaba","0351 L5 ET CTX Glut_1",0
"046 Sst Chodl Gaba","0351 L5 ET CTX Glut_1",0
"287 Astro-TE NN","0351 L5 ET CTX Glut_1",0
"294 OPC NN","0351 L5 ET CTX Glut_1",0
"295 Oligo NN","0351 L5 ET CTX Glut_1",0
"299 Peri NN","0351 L5 ET CTX Glut_1",0
"301 Endo NN","0351 L5 ET CTX Glut_1",0
"302 Microglia NN","0351 L5 ET CTX Glut_1",0
"001 Car3 Glut","0352 L5 ET CTX Glut_1",0
"003 L5/6 IT TPE-ENT Glut","0352 L5 ET CTX Glut_1",0
"004 L6 IT CTX Glut","0352 L5 ET CTX Glut_1",0
"005 L5 IT CTX Glut","0352 L5 ET CTX Glut_1",0
"006 L4/5 IT CTX Glut","0352 L5 ET CTX Glut_1",0
"007 L2/3 IT CTX Glut","0352 L5 ET CTX Glut_1",0
"022 L5 ET CTX Glut","0352 L5 ET CTX Glut_1",0.11509900990099
"027 L6b CTX Glut","0352 L5 ET CTX Glut_1",0
"028 L6 CT CTX Glut","0352 L5 ET CTX Glut_1",0
"030 L5 NP CTX Glut","0352 L5 ET CTX Glut_1",0
"036 Vip Gaba","0352 L5 ET CTX Glut_1",0
"037 Sncg Gaba","0352 L5 ET CTX Glut_1",0
"039 Lamp5 Gaba","0352 L5 ET CTX Glut_1",0
"041 Pvalb chandelier Gaba","0352 L5 ET CTX Glut_1",0
"042 Pvalb Gaba","0352 L5 ET CTX Glut_1",0
"043 Sst Gaba","0352 L5 ET CTX Glut_1",0
"046 Sst Chodl Gaba","0352 L5 ET CTX Glut_1",0
"287 Astro-TE NN","0352 L5 ET CTX Glut_1",0
"294 OPC NN","0352 L5 ET CTX Glut_1",0
"295 Oligo NN","0352 L5 ET CTX Glut_1",0
"299 Peri NN","0352 L5 ET CTX Glut_1",0
"301 Endo NN","0352 L5 ET CTX Glut_1",0
"302 Microglia NN","0352 L5 ET CTX Glut_1",0
"001 Car3 Glut","0361 L5 ET CTX Glut_2",0
"003 L5/6 IT TPE-ENT Glut","0361 L5 ET CTX Glut_2",0
"004 L6 IT CTX Glut","0361 L5 ET CTX Glut_2",0
"005 L5 IT CTX Glut","0361 L5 ET CTX Glut_2",0
"006 L4/5 IT CTX Glut","0361 L5 ET CTX Glut_2",0
"007 L2/3 IT CTX Glut","0361 L5 ET CTX Glut_2",0
"022 L5 ET CTX Glut","0361 L5 ET CTX Glut_2",0.015470297029703
"027 L6b CTX Glut","0361 L5 ET CTX Glut_2",0
"028 L6 CT CTX Glut","0361 L5 ET CTX Glut_2",0
"030 L5 NP CTX Glut","0361 L5 ET CTX Glut_2",0
"036 Vip Gaba","0361 L5 ET CTX Glut_2",0
"037 Sncg Gaba","0361 L5 ET CTX Glut_2",0
"039 Lamp5 Gaba","0361 L5 ET CTX Glut_2",0
"041 Pvalb chandelier Gaba","0361 L5 ET CTX Glut_2",0
"042 Pvalb Gaba","0361 L5 ET CTX Glut_2",0
"043 Sst Gaba","0361 L5 ET CTX Glut_2",0
"046 Sst Chodl Gaba","0361 L5 ET CTX Glut_2",0
"287 Astro-TE NN","0361 L5 ET CTX Glut_2",0
"294 OPC NN","0361 L5 ET CTX Glut_2",0
"295 Oligo NN","0361 L5 ET CTX Glut_2",0
"299 Peri NN","0361 L5 ET CTX Glut_2",0
"301 Endo NN","0361 L5 ET CTX Glut_2",0
"302 Microglia NN","0361 L5 ET CTX Glut_2",0
"001 Car3 Glut","0362 L5 ET CTX Glut_2",0
"003 L5/6 IT TPE-ENT Glut","0362 L5 ET CTX Glut_2",0
"004 L6 IT CTX Glut","0362 L5 ET CTX Glut_2",0
"005 L5 IT CTX Glut","0362 L5 ET CTX Glut_2",0
"006 L4/5 IT CTX Glut","0362 L5 ET CTX Glut_2",0
"007 L2/3 IT CTX Glut","0362 L5 ET CTX Glut_2",0
"022 L5 ET CTX Glut","0362 L5 ET CTX Glut_2",0.17450495049505
"027 L6b CTX Glut","0362 L5 ET CTX Glut_2",0
"028 L6 CT CTX Glut","0362 L5 ET CTX Glut_2",0
"030 L5 NP CTX Glut","0362 L5 ET CTX Glut_2",0
"036 Vip Gaba","0362 L5 ET CTX Glut_2",0
"037 Sncg Gaba","0362 L5 ET CTX Glut_2",0
"039 Lamp5 Gaba","0362 L5 ET CTX Glut_2",0
"041 Pvalb chandelier Gaba","0362 L5 ET CTX Glut_2",0
"042 Pvalb Gaba","0362 L5 ET CTX Glut_2",0
"043 Sst Gaba","0362 L5 ET CTX Glut_2",0
"046 Sst Chodl Gaba","0362 L5 ET CTX Glut_2",0
"287 Astro-TE NN","0362 L5 ET CTX Glut_2",0
"294 OPC NN","0362 L5 ET CTX Glut_2",0
"295 Oligo NN","0362 L5 ET CTX Glut_2",0
"299 Peri NN","0362 L5 ET CTX Glut_2",0
"301 Endo NN","0362 L5 ET CTX Glut_2",0
"302 Microglia NN","0362 L5 ET CTX Glut_2",0
"001 Car3 Glut","0377 L5 ET CTX Glut_5",0
"003 L5/6 IT TPE-ENT Glut","0377 L5 ET CTX Glut_5",0
"004 L6 IT CTX Glut","0377 L5 ET CTX Glut_5",0
"005 L5 IT CTX Glut","0377 L5 ET CTX Glut_5",0
"006 L4/5 IT CTX Glut","0377 L5 ET CTX Glut_5",0
"007 L2/3 IT CTX Glut","0377 L5 ET CTX Glut_5",0.000890471950133571
"022 L5 ET CTX Glut","0377 L5 ET CTX Glut_5",0.265470297029703
"027 L6b CTX Glut","0377 L5 ET CTX Glut_5",0
"028 L6 CT CTX Glut","0377 L5 ET CTX Glut_5",0
"030 L5 NP CTX Glut","0377 L5 ET CTX Glut_5",0
"036 Vip Gaba","0377 L5 ET CTX Glut_5",0
"037 Sncg Gaba","0377 L5 ET CTX Glut_5",0
"039 Lamp5 Gaba","0377 L5 ET CTX Glut_5",0
"041 Pvalb chandelier Gaba","0377 L5 ET CTX Glut_5",0
"042 Pvalb Gaba","0377 L5 ET CTX Glut_5",0
"043 Sst Gaba","0377 L5 ET CTX Glut_5",0
"046 Sst Chodl Gaba","0377 L5 ET CTX Glut_5",0
"287 Astro-TE NN","0377 L5 ET CTX Glut_5",0
"294 OPC NN","0377 L5 ET CTX Glut_5",0
"295 Oligo NN","0377 L5 ET CTX Glut_5",0
"299 Peri NN","0377 L5 ET CTX Glut_5",0
"301 Endo NN","0377 L5 ET CTX Glut_5",0
"302 Microglia NN","0377 L5 ET CTX Glut_5",0
"001 Car3 Glut","0379 L5 ET CTX Glut_5",0
"003 L5/6 IT TPE-ENT Glut","0379 L5 ET CTX Glut_5",0
"004 L6 IT CTX Glut","0379 L5 ET CTX Glut_5",0
"005 L5 IT CTX Glut","0379 L5 ET CTX Glut_5",0
"006 L4/5 IT CTX Glut","0379 L5 ET CTX Glut_5",0
"007 L2/3 IT CTX Glut","0379 L5 ET CTX Glut_5",0
"022 L5 ET CTX Glut","0379 L5 ET CTX Glut_5",0.16769801980198
"027 L6b CTX Glut","0379 L5 ET CTX Glut_5",0
"028 L6 CT CTX Glut","0379 L5 ET CTX Glut_5",0
"030 L5 NP CTX Glut","0379 L5 ET CTX Glut_5",0
"036 Vip Gaba","0379 L5 ET CTX Glut_5",0
"037 Sncg Gaba","0379 L5 ET CTX Glut_5",0
"039 Lamp5 Gaba","0379 L5 ET CTX Glut_5",0
"041 Pvalb chandelier Gaba","0379 L5 ET CTX Glut_5",0
"042 Pvalb Gaba","0379 L5 ET CTX Glut_5",0
"043 Sst Gaba","0379 L5 ET CTX Glut_5",0
"046 Sst Chodl Gaba","0379 L5 ET CTX Glut_5",0
"287 Astro-TE NN","0379 L5 ET CTX Glut_5",0
"294 OPC NN","0379 L5 ET CTX Glut_5",0
"295 Oligo NN","0379 L5 ET CTX Glut_5",0
"299 Peri NN","0379 L5 ET CTX Glut_5",0
"301 Endo NN","0379 L5 ET CTX Glut_5",0
"302 Microglia NN","0379 L5 ET CTX Glut_5",0
"001 Car3 Glut","0421 L6b CTX Glut_1",0
"003 L5/6 IT TPE-ENT Glut","0421 L6b CTX Glut_1",0
"004 L6 IT CTX Glut","0421 L6b CTX Glut_1",0
"005 L5 IT CTX Glut","0421 L6b CTX Glut_1",0
"006 L4/5 IT CTX Glut","0421 L6b CTX Glut_1",0
"007 L2/3 IT CTX Glut","0421 L6b CTX Glut_1",0
"022 L5 ET CTX Glut","0421 L6b CTX Glut_1",0
"027 L6b CTX Glut","0421 L6b CTX Glut_1",0.422794117647059
"028 L6 CT CTX Glut","0421 L6b CTX Glut_1",0.00399201596806387
"030 L5 NP CTX Glut","0421 L6b CTX Glut_1",0
"036 Vip Gaba","0421 L6b CTX Glut_1",0
"037 Sncg Gaba","0421 L6b CTX Glut_1",0
"039 Lamp5 Gaba","0421 L6b CTX Glut_1",0
"041 Pvalb chandelier Gaba","0421 L6b CTX Glut_1",0
"042 Pvalb Gaba","0421 L6b CTX Glut_1",0
"043 Sst Gaba","0421 L6b CTX Glut_1",0
"046 Sst Chodl Gaba","0421 L6b CTX Glut_1",0
"287 Astro-TE NN","0421 L6b CTX Glut_1",0
"294 OPC NN","0421 L6b CTX Glut_1",0
"295 Oligo NN","0421 L6b CTX Glut_1",0
"299 Peri NN","0421 L6b CTX Glut_1",0
"301 Endo NN","0421 L6b CTX Glut_1",0
"302 Microglia NN","0421 L6b CTX Glut_1",0
"001 Car3 Glut","0430 L6b CTX Glut_3",0
"003 L5/6 IT TPE-ENT Glut","0430 L6b CTX Glut_3",0
"004 L6 IT CTX Glut","0430 L6b CTX Glut_3",0
"005 L5 IT CTX Glut","0430 L6b CTX Glut_3",0
"006 L4/5 IT CTX Glut","0430 L6b CTX Glut_3",0
"007 L2/3 IT CTX Glut","0430 L6b CTX Glut_3",0
"022 L5 ET CTX Glut","0430 L6b CTX Glut_3",0
"027 L6b CTX Glut","0430 L6b CTX Glut_3",0.505514705882353
"028 L6 CT CTX Glut","0430 L6b CTX Glut_3",0
"030 L5 NP CTX Glut","0430 L6b CTX Glut_3",0
"036 Vip Gaba","0430 L6b CTX Glut_3",0
"037 Sncg Gaba","0430 L6b CTX Glut_3",0
"039 Lamp5 Gaba","0430 L6b CTX Glut_3",0
"041 Pvalb chandelier Gaba","0430 L6b CTX Glut_3",0
"042 Pvalb Gaba","0430 L6b CTX Glut_3",0
"043 Sst Gaba","0430 L6b CTX Glut_3",0.000825082508250825
"046 Sst Chodl Gaba","0430 L6b CTX Glut_3",0
"287 Astro-TE NN","0430 L6b CTX Glut_3",0
"294 OPC NN","0430 L6b CTX Glut_3",0
"295 Oligo NN","0430 L6b CTX Glut_3",0
"299 Peri NN","0430 L6b CTX Glut_3",0
"301 Endo NN","0430 L6b CTX Glut_3",0
"302 Microglia NN","0430 L6b CTX Glut_3",0
"001 Car3 Glut","0433 L6 CT CTX Glut_1",0
"003 L5/6 IT TPE-ENT Glut","0433 L6 CT CTX Glut_1",0
"004 L6 IT CTX Glut","0433 L6 CT CTX Glut_1",0
"005 L5 IT CTX Glut","0433 L6 CT CTX Glut_1",0
"006 L4/5 IT CTX Glut","0433 L6 CT CTX Glut_1",0
"007 L2/3 IT CTX Glut","0433 L6 CT CTX Glut_1",0
"022 L5 ET CTX Glut","0433 L6 CT CTX Glut_1",0
"027 L6b CTX Glut","0433 L6 CT CTX Glut_1",0
"028 L6 CT CTX Glut","0433 L6 CT CTX Glut_1",0.101297405189621
"030 L5 NP CTX Glut","0433 L6 CT CTX Glut_1",0.00267141585040071
"036 Vip Gaba","0433 L6 CT CTX Glut_1",0
"037 Sncg Gaba","0433 L6 CT CTX Glut_1",0
"039 Lamp5 Gaba","0433 L6 CT CTX Glut_1",0
"041 Pvalb chandelier Gaba","0433 L6 CT CTX Glut_1",0
"042 Pvalb Gaba","0433 L6 CT CTX Glut_1",0
"043 Sst Gaba","0433 L6 CT CTX Glut_1",0.000412541254125413
"046 Sst Chodl Gaba","0433 L6 CT CTX Glut_1",0
"287 Astro-TE NN","0433 L6 CT CTX Glut_1",0
"294 OPC NN","0433 L6 CT CTX Glut_1",0
"295 Oligo NN","0433 L6 CT CTX Glut_1",0
"299 Peri NN","0433 L6 CT CTX Glut_1",0
"301 Endo NN","0433 L6 CT CTX Glut_1",0
"302 Microglia NN","0433 L6 CT CTX Glut_1",0
"001 Car3 Glut","0436 L6 CT CTX Glut_1",0
"003 L5/6 IT TPE-ENT Glut","0436 L6 CT CTX Glut_1",0
"004 L6 IT CTX Glut","0436 L6 CT CTX Glut_1",0
"005 L5 IT CTX Glut","0436 L6 CT CTX Glut_1",0
"006 L4/5 IT CTX Glut","0436 L6 CT CTX Glut_1",0
"007 L2/3 IT CTX Glut","0436 L6 CT CTX Glut_1",0
"022 L5 ET CTX Glut","0436 L6 CT CTX Glut_1",0
"027 L6b CTX Glut","0436 L6 CT CTX Glut_1",0
"028 L6 CT CTX Glut","0436 L6 CT CTX Glut_1",0.310379241516966
"030 L5 NP CTX Glut","0436 L6 CT CTX Glut_1",0
"036 Vip Gaba","0436 L6 CT CTX Glut_1",0
"037 Sncg Gaba","0436 L6 CT CTX Glut_1",0
"039 Lamp5 Gaba","0436 L6 CT CTX Glut_1",0
"041 Pvalb chandelier Gaba","0436 L6 CT CTX Glut_1",0
"042 Pvalb Gaba","0436 L6 CT CTX Glut_1",0
"043 Sst Gaba","0436 L6 CT CTX Glut_1",0
"046 Sst Chodl Gaba","0436 L6 CT CTX Glut_1",0
"287 Astro-TE NN","0436 L6 CT CTX Glut_1",0
"294 OPC NN","0436 L6 CT CTX Glut_1",0
"295 Oligo NN","0436 L6 CT CTX Glut_1",0
"299 Peri NN","0436 L6 CT CTX Glut_1",0
"301 Endo NN","0436 L6 CT CTX Glut_1",0
"302 Microglia NN","0436 L6 CT CTX Glut_1",0
"001 Car3 Glut","0439 L6 CT CTX Glut_2",0
"003 L5/6 IT TPE-ENT Glut","0439 L6 CT CTX Glut_2",0
"004 L6 IT CTX Glut","0439 L6 CT CTX Glut_2",0
"005 L5 IT CTX Glut","0439 L6 CT CTX Glut_2",0
"006 L4/5 IT CTX Glut","0439 L6 CT CTX Glut_2",0
"007 L2/3 IT CTX Glut","0439 L6 CT CTX Glut_2",0
"022 L5 ET CTX Glut","0439 L6 CT CTX Glut_2",0
"027 L6b CTX Glut","0439 L6 CT CTX Glut_2",0
"028 L6 CT CTX Glut","0439 L6 CT CTX Glut_2",0.135728542914172
"030 L5 NP CTX Glut","0439 L6 CT CTX Glut_2",0
"036 Vip Gaba","0439 L6 CT CTX Glut_2",0.000772797527047913
"037 Sncg Gaba","0439 L6 CT CTX Glut_2",0
"039 Lamp5 Gaba","0439 L6 CT CTX Glut_2",0
"041 Pvalb chandelier Gaba","0439 L6 CT CTX Glut_2",0
"042 Pvalb Gaba","0439 L6 CT CTX Glut_2",0
"043 Sst Gaba","0439 L6 CT CTX Glut_2",0
"046 Sst Chodl Gaba","0439 L6 CT CTX Glut_2",0
"287 Astro-TE NN","0439 L6 CT CTX Glut_2",0
"294 OPC NN","0439 L6 CT CTX Glut_2",0
"295 Oligo NN","0439 L6 CT CTX Glut_2",0
"299 Peri NN","0439 L6 CT CTX Glut_2",0
"301 Endo NN","0439 L6 CT CTX Glut_2",0
"302 Microglia NN","0439 L6 CT CTX Glut_2",0
"001 Car3 Glut","0440 L6 CT CTX Glut_2",0
"003 L5/6 IT TPE-ENT Glut","0440 L6 CT CTX Glut_2",0
"004 L6 IT CTX Glut","0440 L6 CT CTX Glut_2",0
"005 L5 IT CTX Glut","0440 L6 CT CTX Glut_2",0
"006 L4/5 IT CTX Glut","0440 L6 CT CTX Glut_2",0
"007 L2/3 IT CTX Glut","0440 L6 CT CTX Glut_2",0
"022 L5 ET CTX Glut","0440 L6 CT CTX Glut_2",0
"027 L6b CTX Glut","0440 L6 CT CTX Glut_2",0
"028 L6 CT CTX Glut","0440 L6 CT CTX Glut_2",0.0399201596806387
"030 L5 NP CTX Glut","0440 L6 CT CTX Glut_2",0
"036 Vip Gaba","0440 L6 CT CTX Glut_2",0
"037 Sncg Gaba","0440 L6 CT CTX Glut_2",0
"039 Lamp5 Gaba","0440 L6 CT CTX Glut_2",0
"041 Pvalb chandelier Gaba","0440 L6 CT CTX Glut_2",0
"042 Pvalb Gaba","0440 L6 CT CTX Glut_2",0
"043 Sst Gaba","0440 L6 CT CTX Glut_2",0
"046 Sst Chodl Gaba","0440 L6 CT CTX Glut_2",0
"287 Astro-TE NN","0440 L6 CT CTX Glut_2",0
"294 OPC NN","0440 L6 CT CTX Glut_2",0
"295 Oligo NN","0440 L6 CT CTX Glut_2",0
"299 Peri NN","0440 L6 CT CTX Glut_2",0
"301 Endo NN","0440 L6 CT CTX Glut_2",0
"302 Microglia NN","0440 L6 CT CTX Glut_2",0
"001 Car3 Glut","0441 L6 CT CTX Glut_2",0
"003 L5/6 IT TPE-ENT Glut","0441 L6 CT CTX Glut_2",0
"004 L6 IT CTX Glut","0441 L6 CT CTX Glut_2",0
"005 L5 IT CTX Glut","0441 L6 CT CTX Glut_2",0
"006 L4/5 IT CTX Glut","0441 L6 CT CTX Glut_2",0
"007 L2/3 IT CTX Glut","0441 L6 CT CTX Glut_2",0
"022 L5 ET CTX Glut","0441 L6 CT CTX Glut_2",0
"027 L6b CTX Glut","0441 L6 CT CTX Glut_2",0
"028 L6 CT CTX Glut","0441 L6 CT CTX Glut_2",0.0588822355289421
"030 L5 NP CTX Glut","0441 L6 CT CTX Glut_2",0.00178094390026714
"036 Vip Gaba","0441 L6 CT CTX Glut_2",0
"037 Sncg Gaba","0441 L6 CT CTX Glut_2",0
"039 Lamp5 Gaba","0441 L6 CT CTX Glut_2",0
"041 Pvalb chandelier Gaba","0441 L6 CT CTX Glut_2",0
"042 Pvalb Gaba","0441 L6 CT CTX Glut_2",0
"043 Sst Gaba","0441 L6 CT CTX Glut_2",0
"046 Sst Chodl Gaba","0441 L6 CT CTX Glut_2",0
"287 Astro-TE NN","0441 L6 CT CTX Glut_2",0
"294 OPC NN","0441 L6 CT CTX Glut_2",0
"295 Oligo NN","0441 L6 CT CTX Glut_2",0
"299 Peri NN","0441 L6 CT CTX Glut_2",0
"301 Endo NN","0441 L6 CT CTX Glut_2",0
"302 Microglia NN","0441 L6 CT CTX Glut_2",0
"001 Car3 Glut","0445 L6 CT CTX Glut_3",0
"003 L5/6 IT TPE-ENT Glut","0445 L6 CT CTX Glut_3",0
"004 L6 IT CTX Glut","0445 L6 CT CTX Glut_3",0
"005 L5 IT CTX Glut","0445 L6 CT CTX Glut_3",0
"006 L4/5 IT CTX Glut","0445 L6 CT CTX Glut_3",0
"007 L2/3 IT CTX Glut","0445 L6 CT CTX Glut_3",0
"022 L5 ET CTX Glut","0445 L6 CT CTX Glut_3",0
"027 L6b CTX Glut","0445 L6 CT CTX Glut_3",0
"028 L6 CT CTX Glut","0445 L6 CT CTX Glut_3",0.062375249500998
"030 L5 NP CTX Glut","0445 L6 CT CTX Glut_3",0
"036 Vip Gaba","0445 L6 CT CTX Glut_3",0
"037 Sncg Gaba","0445 L6 CT CTX Glut_3",0
"039 Lamp5 Gaba","0445 L6 CT CTX Glut_3",0
"041 Pvalb chandelier Gaba","0445 L6 CT CTX Glut_3",0
"042 Pvalb Gaba","0445 L6 CT CTX Glut_3",0
"043 Sst Gaba","0445 L6 CT CTX Glut_3",0
"046 Sst Chodl Gaba","0445 L6 CT CTX Glut_3",0
"287 Astro-TE NN","0445 L6 CT CTX Glut_3",0
"294 OPC NN","0445 L6 CT CTX Glut_3",0
"295 Oligo NN","0445 L6 CT CTX Glut_3",0
"299 Peri NN","0445 L6 CT CTX Glut_3",0
"301 Endo NN","0445 L6 CT CTX Glut_3",0
"302 Microglia NN","0445 L6 CT CTX Glut_3",0
"001 Car3 Glut","0449 L6 CT CTX Glut_5",0
"003 L5/6 IT TPE-ENT Glut","0449 L6 CT CTX Glut_5",0
"004 L6 IT CTX Glut","0449 L6 CT CTX Glut_5",0
"005 L5 IT CTX Glut","0449 L6 CT CTX Glut_5",0
"006 L4/5 IT CTX Glut","0449 L6 CT CTX Glut_5",0
"007 L2/3 IT CTX Glut","0449 L6 CT CTX Glut_5",0
"022 L5 ET CTX Glut","0449 L6 CT CTX Glut_5",0
"027 L6b CTX Glut","0449 L6 CT CTX Glut_5",0.0698529411764706
"028 L6 CT CTX Glut","0449 L6 CT CTX Glut_5",0.152694610778443
"030 L5 NP CTX Glut","0449 L6 CT CTX Glut_5",0.000890471950133571
"036 Vip Gaba","0449 L6 CT CTX Glut_5",0
"037 Sncg Gaba","0449 L6 CT CTX Glut_5",0
"039 Lamp5 Gaba","0449 L6 CT CTX Glut_5",0
"041 Pvalb chandelier Gaba","0449 L6 CT CTX Glut_5",0
"042 Pvalb Gaba","0449 L6 CT CTX Glut_5",0
"043 Sst Gaba","0449 L6 CT CTX Glut_5",0
"046 Sst Chodl Gaba","0449 L6 CT CTX Glut_5",0
"287 Astro-TE NN","0449 L6 CT CTX Glut_5",0
"294 OPC NN","0449 L6 CT CTX Glut_5",0
"295 Oligo NN","0449 L6 CT CTX Glut_5",0
"299 Peri NN","0449 L6 CT CTX Glut_5",0
"301 Endo NN","0449 L6 CT CTX Glut_5",0.0101010101010101
"302 Microglia NN","0449 L6 CT CTX Glut_5",0
"001 Car3 Glut","0452 L6 CT CTX Glut_5",0
"003 L5/6 IT TPE-ENT Glut","0452 L6 CT CTX Glut_5",0
"004 L6 IT CTX Glut","0452 L6 CT CTX Glut_5",0
"005 L5 IT CTX Glut","0452 L6 CT CTX Glut_5",0
"006 L4/5 IT CTX Glut","0452 L6 CT CTX Glut_5",0
"007 L2/3 IT CTX Glut","0452 L6 CT CTX Glut_5",0
"022 L5 ET CTX Glut","0452 L6 CT CTX Glut_5",0
"027 L6b CTX Glut","0452 L6 CT CTX Glut_5",0
"028 L6 CT CTX Glut","0452 L6 CT CTX Glut_5",0.131736526946108
"030 L5 NP CTX Glut","0452 L6 CT CTX Glut_5",0.00356188780053428
"036 Vip Gaba","0452 L6 CT CTX Glut_5",0.00154559505409583
"037 Sncg Gaba","0452 L6 CT CTX Glut_5",0
"039 Lamp5 Gaba","0452 L6 CT CTX Glut_5",0
"041 Pvalb chandelier Gaba","0452 L6 CT CTX Glut_5",0
"042 Pvalb Gaba","0452 L6 CT CTX Glut_5",0
"043 Sst Gaba","0452 L6 CT CTX Glut_5",0.000825082508250825
"046 Sst Chodl Gaba","0452 L6 CT CTX Glut_5",0
"287 Astro-TE NN","0452 L6 CT CTX Glut_5",0
"294 OPC NN","0452 L6 CT CTX Glut_5",0
"295 Oligo NN","0452 L6 CT CTX Glut_5",0
"299 Peri NN","0452 L6 CT CTX Glut_5",0
"301 Endo NN","0452 L6 CT CTX Glut_5",0
"302 Microglia NN","0452 L6 CT CTX Glut_5",0
"001 Car3 Glut","0461 L5 NP CTX Glut_2",0
"003 L5/6 IT TPE-ENT Glut","0461 L5 NP CTX Glut_2",0
"004 L6 IT CTX Glut","0461 L5 NP CTX Glut_2",0
"005 L5 IT CTX Glut","0461 L5 NP CTX Glut_2",0
"006 L4/5 IT CTX Glut","0461 L5 NP CTX Glut_2",0
"007 L2/3 IT CTX Glut","0461 L5 NP CTX Glut_2",0
"022 L5 ET CTX Glut","0461 L5 NP CTX Glut_2",0
"027 L6b CTX Glut","0461 L5 NP CTX Glut_2",0
"028 L6 CT CTX Glut","0461 L5 NP CTX Glut_2",0
"030 L5 NP CTX Glut","0461 L5 NP CTX Glut_2",0.183437221727516
"036 Vip Gaba","0461 L5 NP CTX Glut_2",0
"037 Sncg Gaba","0461 L5 NP CTX Glut_2",0
"039 Lamp5 Gaba","0461 L5 NP CTX Glut_2",0
"041 Pvalb chandelier Gaba","0461 L5 NP CTX Glut_2",0
"042 Pvalb Gaba","0461 L5 NP CTX Glut_2",0
"043 Sst Gaba","0461 L5 NP CTX Glut_2",0
"046 Sst Chodl Gaba","0461 L5 NP CTX Glut_2",0
"287 Astro-TE NN","0461 L5 NP CTX Glut_2",0
"294 OPC NN","0461 L5 NP CTX Glut_2",0
"295 Oligo NN","0461 L5 NP CTX Glut_2",0
"299 Peri NN","0461 L5 NP CTX Glut_2",0
"301 Endo NN","0461 L5 NP CTX Glut_2",0
"302 Microglia NN","0461 L5 NP CTX Glut_2",0
"001 Car3 Glut","0463 L5 NP CTX Glut_2",0
"003 L5/6 IT TPE-ENT Glut","0463 L5 NP CTX Glut_2",0
"004 L6 IT CTX Glut","0463 L5 NP CTX Glut_2",0
"005 L5 IT CTX Glut","0463 L5 NP CTX Glut_2",0
"006 L4/5 IT CTX Glut","0463 L5 NP CTX Glut_2",0
"007 L2/3 IT CTX Glut","0463 L5 NP CTX Glut_2",0
"022 L5 ET CTX Glut","0463 L5 NP CTX Glut_2",0
"027 L6b CTX Glut","0463 L5 NP CTX Glut_2",0
"028 L6 CT CTX Glut","0463 L5 NP CTX Glut_2",0
"030 L5 NP CTX Glut","0463 L5 NP CTX Glut_2",0.322350845948353
"036 Vip Gaba","0463 L5 NP CTX Glut_2",0
"037 Sncg Gaba","0463 L5 NP CTX Glut_2",0
"039 Lamp5 Gaba","0463 L5 NP CTX Glut_2",0
"041 Pvalb chandelier Gaba","0463 L5 NP CTX Glut_2",0
"042 Pvalb Gaba","0463 L5 NP CTX Glut_2",0
"043 Sst Gaba","0463 L5 NP CTX Glut_2",0.000412541254125413
"046 Sst Chodl Gaba","0463 L5 NP CTX Glut_2",0
"287 Astro-TE NN","0463 L5 NP CTX Glut_2",0
"294 OPC NN","0463 L5 NP CTX Glut_2",0
"295 Oligo NN","0463 L5 NP CTX Glut_2",0
"299 Peri NN","0463 L5 NP CTX Glut_2",0
"301 Endo NN","0463 L5 NP CTX Glut_2",0
"302 Microglia NN","0463 L5 NP CTX Glut_2",0
"001 Car3 Glut","0465 L5 NP CTX Glut_3",0
"003 L5/6 IT TPE-ENT Glut","0465 L5 NP CTX Glut_3",0
"004 L6 IT CTX Glut","0465 L5 NP CTX Glut_3",0
"005 L5 IT CTX Glut","0465 L5 NP CTX Glut_3",0
"006 L4/5 IT CTX Glut","0465 L5 NP CTX Glut_3",0
"007 L2/3 IT CTX Glut","0465 L5 NP CTX Glut_3",0
"022 L5 ET CTX Glut","0465 L5 NP CTX Glut_3",0
"027 L6b CTX Glut","0465 L5 NP CTX Glut_3",0
"028 L6 CT CTX Glut","0465 L5 NP CTX Glut_3",0
"030 L5 NP CTX Glut","0465 L5 NP CTX Glut_3",0.410507569011576
"036 Vip Gaba","0465 L5 NP CTX Glut_3",0
"037 Sncg Gaba","0465 L5 NP CTX Glut_3",0
"039 Lamp5 Gaba","0465 L5 NP CTX Glut_3",0
"041 Pvalb chandelier Gaba","0465 L5 NP CTX Glut_3",0
"042 Pvalb Gaba","0465 L5 NP CTX Glut_3",0
"043 Sst Gaba","0465 L5 NP CTX Glut_3",0
"046 Sst Chodl Gaba","0465 L5 NP CTX Glut_3",0
"287 Astro-TE NN","0465 L5 NP CTX Glut_3",0
"294 OPC NN","0465 L5 NP CTX Glut_3",0
"295 Oligo NN","0465 L5 NP CTX Glut_3",0
"299 Peri NN","0465 L5 NP CTX Glut_3",0
"301 Endo NN","0465 L5 NP CTX Glut_3",0
"302 Microglia NN","0465 L5 NP CTX Glut_3",0
"001 Car3 Glut","0470 L5 NP CTX Glut_4",0
"003 L5/6 IT TPE-ENT Glut","0470 L5 NP CTX Glut_4",0
"004 L6 IT CTX Glut","0470 L5 NP CTX Glut_4",0
"005 L5 IT CTX Glut","0470 L5 NP CTX Glut_4",0
"006 L4/5 IT CTX Glut","0470 L5 NP CTX Glut_4",0
"007 L2/3 IT CTX Glut","0470 L5 NP CTX Glut_4",0
"022 L5 ET CTX Glut","0470 L5 NP CTX Glut_4",0
"027 L6b CTX Glut","0470 L5 NP CTX Glut_4",0
"028 L6 CT CTX Glut","0470 L5 NP CTX Glut_4",0
"030 L5 NP CTX Glut","0470 L5 NP CTX Glut_4",0.0676758682101514
"036 Vip Gaba","0470 L5 NP CTX Glut_4",0
"037 Sncg Gaba","0470 L5 NP CTX Glut_4",0
"039 Lamp5 Gaba","0470 L5 NP CTX Glut_4",0
"041 Pvalb chandelier Gaba","0470 L5 NP CTX Glut_4",0
"042 Pvalb Gaba","0470 L5 NP CTX Glut_4",0
"043 Sst Gaba","0470 L5 NP CTX Glut_4",0
"046 Sst Chodl Gaba","0470 L5 NP CTX Glut_4",0
"287 Astro-TE NN","0470 L5 NP CTX Glut_4",0
"294 OPC NN","0470 L5 NP CTX Glut_4",0
"295 Oligo NN","0470 L5 NP CTX Glut_4",0
"299 Peri NN","0470 L5 NP CTX Glut_4",0
"301 Endo NN","0470 L5 NP CTX Glut_4",0
"302 Microglia NN","0470 L5 NP CTX Glut_4",0
"001 Car3 Glut","0497 Vip Gaba_1",0
"003 L5/6 IT TPE-ENT Glut","0497 Vip Gaba_1",0
"004 L6 IT CTX Glut","0497 Vip Gaba_1",0
"005 L5 IT CTX Glut","0497 Vip Gaba_1",0
"006 L4/5 IT CTX Glut","0497 Vip Gaba_1",0
"007 L2/3 IT CTX Glut","0497 Vip Gaba_1",0
"022 L5 ET CTX Glut","0497 Vip Gaba_1",0
"027 L6b CTX Glut","0497 Vip Gaba_1",0
"028 L6 CT CTX Glut","0497 Vip Gaba_1",0
"030 L5 NP CTX Glut","0497 Vip Gaba_1",0.000890471950133571
"036 Vip Gaba","0497 Vip Gaba_1",0.0973724884080371
"037 Sncg Gaba","0497 Vip Gaba_1",0
"039 Lamp5 Gaba","0497 Vip Gaba_1",0.00105932203389831
"041 Pvalb chandelier Gaba","0497 Vip Gaba_1",0
"042 Pvalb Gaba","0497 Vip Gaba_1",0
"043 Sst Gaba","0497 Vip Gaba_1",0
"046 Sst Chodl Gaba","0497 Vip Gaba_1",0
"287 Astro-TE NN","0497 Vip Gaba_1",0
"294 OPC NN","0497 Vip Gaba_1",0
"295 Oligo NN","0497 Vip Gaba_1",0
"299 Peri NN","0497 Vip Gaba_1",0
"301 Endo NN","0497 Vip Gaba_1",0
"302 Microglia NN","0497 Vip Gaba_1",0
"001 Car3 Glut","0513 Vip Gaba_3",0
"003 L5/6 IT TPE-ENT Glut","0513 Vip Gaba_3",0
"004 L6 IT CTX Glut","0513 Vip Gaba_3",0
"005 L5 IT CTX Glut","0513 Vip Gaba_3",0
"006 L4/5 IT CTX Glut","0513 Vip Gaba_3",0
"007 L2/3 IT CTX Glut","0513 Vip Gaba_3",0
"022 L5 ET CTX Glut","0513 Vip Gaba_3",0
"027 L6b CTX Glut","0513 Vip Gaba_3",0
"028 L6 CT CTX Glut","0513 Vip Gaba_3",0
"030 L5 NP CTX Glut","0513 Vip Gaba_3",0
"036 Vip Gaba","0513 Vip Gaba_3",0.0965996908809892
"037 Sncg Gaba","0513 Vip Gaba_3",0
"039 Lamp5 Gaba","0513 Vip Gaba_3",0
"041 Pvalb chandelier Gaba","0513 Vip Gaba_3",0
"042 Pvalb Gaba","0513 Vip Gaba_3",0
"043 Sst Gaba","0513 Vip Gaba_3",0
"046 Sst Chodl Gaba","0513 Vip Gaba_3",0
"287 Astro-TE NN","0513 Vip Gaba_3",0
"294 OPC NN","0513 Vip Gaba_3",0
"295 Oligo NN","0513 Vip Gaba_3",0
"299 Peri NN","0513 Vip Gaba_3",0
"301 Endo NN","0513 Vip Gaba_3",0
"302 Microglia NN","0513 Vip Gaba_3",0
"001 Car3 Glut","0514 Vip Gaba_3",0
"003 L5/6 IT TPE-ENT Glut","0514 Vip Gaba_3",0
"004 L6 IT CTX Glut","0514 Vip Gaba_3",0
"005 L5 IT CTX Glut","0514 Vip Gaba_3",0
"006 L4/5 IT CTX Glut","0514 Vip Gaba_3",0
"007 L2/3 IT CTX Glut","0514 Vip Gaba_3",0
"022 L5 ET CTX Glut","0514 Vip Gaba_3",0
"027 L6b CTX Glut","0514 Vip Gaba_3",0
"028 L6 CT CTX Glut","0514 Vip Gaba_3",0
"030 L5 NP CTX Glut","0514 Vip Gaba_3",0
"036 Vip Gaba","0514 Vip Gaba_3",0.108964451313756
"037 Sncg Gaba","0514 Vip Gaba_3",0
"039 Lamp5 Gaba","0514 Vip Gaba_3",0
"041 Pvalb chandelier Gaba","0514 Vip Gaba_3",0
"042 Pvalb Gaba","0514 Vip Gaba_3",0
"043 Sst Gaba","0514 Vip Gaba_3",0
"046 Sst Chodl Gaba","0514 Vip Gaba_3",0
"287 Astro-TE NN","0514 Vip Gaba_3",0
"294 OPC NN","0514 Vip Gaba_3",0
"295 Oligo NN","0514 Vip Gaba_3",0
"299 Peri NN","0514 Vip Gaba_3",0
"301 Endo NN","0514 Vip Gaba_3",0
"302 Microglia NN","0514 Vip Gaba_3",0.00980392156862745
"001 Car3 Glut","0516 Vip Gaba_3",0
"003 L5/6 IT TPE-ENT Glut","0516 Vip Gaba_3",0
"004 L6 IT CTX Glut","0516 Vip Gaba_3",0
"005 L5 IT CTX Glut","0516 Vip Gaba_3",0
"006 L4/5 IT CTX Glut","0516 Vip Gaba_3",0
"007 L2/3 IT CTX Glut","0516 Vip Gaba_3",0
"022 L5 ET CTX Glut","0516 Vip Gaba_3",0
"027 L6b CTX Glut","0516 Vip Gaba_3",0
"028 L6 CT CTX Glut","0516 Vip Gaba_3",0
"030 L5 NP CTX Glut","0516 Vip Gaba_3",0
"036 Vip Gaba","0516 Vip Gaba_3",0.0440494590417311
"037 Sncg Gaba","0516 Vip Gaba_3",0
"039 Lamp5 Gaba","0516 Vip Gaba_3",0
"041 Pvalb chandelier Gaba","0516 Vip Gaba_3",0
"042 Pvalb Gaba","0516 Vip Gaba_3",0
"043 Sst Gaba","0516 Vip Gaba_3",0
"046 Sst Chodl Gaba","0516 Vip Gaba_3",0
"287 Astro-TE NN","0516 Vip Gaba_3",0
"294 OPC NN","0516 Vip Gaba_3",0
"295 Oligo NN","0516 Vip Gaba_3",0
"299 Peri NN","0516 Vip Gaba_3",0
"301 Endo NN","0516 Vip Gaba_3",0
"302 Microglia NN","0516 Vip Gaba_3",0
"001 Car3 Glut","0522 Vip Gaba_4",0
"003 L5/6 IT TPE-ENT Glut","0522 Vip Gaba_4",0
"004 L6 IT CTX Glut","0522 Vip Gaba_4",0
"005 L5 IT CTX Glut","0522 Vip Gaba_4",0
"006 L4/5 IT CTX Glut","0522 Vip Gaba_4",0
"007 L2/3 IT CTX Glut","0522 Vip Gaba_4",0
"022 L5 ET CTX Glut","0522 Vip Gaba_4",0
"027 L6b CTX Glut","0522 Vip Gaba_4",0
"028 L6 CT CTX Glut","0522 Vip Gaba_4",0
"030 L5 NP CTX Glut","0522 Vip Gaba_4",0
"036 Vip Gaba","0522 Vip Gaba_4",0.142194744976816
"037 Sncg Gaba","0522 Vip Gaba_4",0
"039 Lamp5 Gaba","0522 Vip Gaba_4",0
"041 Pvalb chandelier Gaba","0522 Vip Gaba_4",0
"042 Pvalb Gaba","0522 Vip Gaba_4",0
"043 Sst Gaba","0522 Vip Gaba_4",0
"046 Sst Chodl Gaba","0522 Vip Gaba_4",0
"287 Astro-TE NN","0522 Vip Gaba_4",0
"294 OPC NN","0522 Vip Gaba_4",0
"295 Oligo NN","0522 Vip Gaba_4",0
"299 Peri NN","0522 Vip Gaba_4",0
"301 Endo NN","0522 Vip Gaba_4",0
"302 Microglia NN","0522 Vip Gaba_4",0
"001 Car3 Glut","0527 Vip Gaba_5",0
"003 L5/6 IT TPE-ENT Glut","0527 Vip Gaba_5",0
"004 L6 IT CTX Glut","0527 Vip Gaba_5",0
"005 L5 IT CTX Glut","0527 Vip Gaba_5",0
"006 L4/5 IT CTX Glut","0527 Vip Gaba_5",0
"007 L2/3 IT CTX Glut","0527 Vip Gaba_5",0
"022 L5 ET CTX Glut","0527 Vip Gaba_5",0
"027 L6b CTX Glut","0527 Vip Gaba_5",0
"028 L6 CT CTX Glut","0527 Vip Gaba_5",0
"030 L5 NP CTX Glut","0527 Vip Gaba_5",0
"036 Vip Gaba","0527 Vip Gaba_5",0.204018547140649
"037 Sncg Gaba","0527 Vip Gaba_5",0
"039 Lamp5 Gaba","0527 Vip Gaba_5",0
"041 Pvalb chandelier Gaba","0527 Vip Gaba_5",0
"042 Pvalb Gaba","0527 Vip Gaba_5",0
"043 Sst Gaba","0527 Vip Gaba_5",0
"046 Sst Chodl Gaba","0527 Vip Gaba_5",0
"287 Astro-TE NN","0527 Vip Gaba_5",0
"294 OPC NN","0527 Vip Gaba_5",0
"295 Oligo NN","0527 Vip Gaba_5",0
"299 Peri NN","0527 Vip Gaba_5",0
"301 Endo NN","0527 Vip Gaba_5",0
"302 Microglia NN","0527 Vip Gaba_5",0
"001 Car3 Glut","0529 Vip Gaba_5",0
"003 L5/6 IT TPE-ENT Glut","0529 Vip Gaba_5",0
"004 L6 IT CTX Glut","0529 Vip Gaba_5",0
"005 L5 IT CTX Glut","0529 Vip Gaba_5",0
"006 L4/5 IT CTX Glut","0529 Vip Gaba_5",0
"007 L2/3 IT CTX Glut","0529 Vip Gaba_5",0
"022 L5 ET CTX Glut","0529 Vip Gaba_5",0
"027 L6b CTX Glut","0529 Vip Gaba_5",0
"028 L6 CT CTX Glut","0529 Vip Gaba_5",0
"030 L5 NP CTX Glut","0529 Vip Gaba_5",0
"036 Vip Gaba","0529 Vip Gaba_5",0.141421947449768
"037 Sncg Gaba","0529 Vip Gaba_5",0
"039 Lamp5 Gaba","0529 Vip Gaba_5",0
"041 Pvalb chandelier Gaba","0529 Vip Gaba_5",0
"042 Pvalb Gaba","0529 Vip Gaba_5",0
"043 Sst Gaba","0529 Vip Gaba_5",0
"046 Sst Chodl Gaba","0529 Vip Gaba_5",0
"287 Astro-TE NN","0529 Vip Gaba_5",0
"294 OPC NN","0529 Vip Gaba_5",0
"295 Oligo NN","0529 Vip Gaba_5",0
"299 Peri NN","0529 Vip Gaba_5",0
"301 Endo NN","0529 Vip Gaba_5",0
"302 Microglia NN","0529 Vip Gaba_5",0
"001 Car3 Glut","0533 Vip Gaba_6",0
"003 L5/6 IT TPE-ENT Glut","0533 Vip Gaba_6",0
"004 L6 IT CTX Glut","0533 Vip Gaba_6",0
"005 L5 IT CTX Glut","0533 Vip Gaba_6",0
"006 L4/5 IT CTX Glut","0533 Vip Gaba_6",0
"007 L2/3 IT CTX Glut","0533 Vip Gaba_6",0
"022 L5 ET CTX Glut","0533 Vip Gaba_6",0
"027 L6b CTX Glut","0533 Vip Gaba_6",0
"028 L6 CT CTX Glut","0533 Vip Gaba_6",0
"030 L5 NP CTX Glut","0533 Vip Gaba_6",0
"036 Vip Gaba","0533 Vip Gaba_6",0.159969088098918
"037 Sncg Gaba","0533 Vip Gaba_6",0
"039 Lamp5 Gaba","0533 Vip Gaba_6",0
"041 Pvalb chandelier Gaba","0533 Vip Gaba_6",0
"042 Pvalb Gaba","0533 Vip Gaba_6",0
"043 Sst Gaba","0533 Vip Gaba_6",0
"046 Sst Chodl Gaba","0533 Vip Gaba_6",0
"287 Astro-TE NN","0533 Vip Gaba_6",0
"294 OPC NN","0533 Vip Gaba_6",0
"295 Oligo NN","0533 Vip Gaba_6",0
"299 Peri NN","0533 Vip Gaba_6",0
"301 Endo NN","0533 Vip Gaba_6",0
"302 Microglia NN","0533 Vip Gaba_6",0
"001 Car3 Glut","0547 Sncg Gaba_6",0
"003 L5/6 IT TPE-ENT Glut","0547 Sncg Gaba_6",0
"004 L6 IT CTX Glut","0547 Sncg Gaba_6",0
"005 L5 IT CTX Glut","0547 Sncg Gaba_6",0
"006 L4/5 IT CTX Glut","0547 Sncg Gaba_6",0
"007 L2/3 IT CTX Glut","0547 Sncg Gaba_6",0
"022 L5 ET CTX Glut","0547 Sncg Gaba_6",0
"027 L6b CTX Glut","0547 Sncg Gaba_6",0
"028 L6 CT CTX Glut","0547 Sncg Gaba_6",0
"030 L5 NP CTX Glut","0547 Sncg Gaba_6",0.000890471950133571
"036 Vip Gaba","0547 Sncg Gaba_6",0
"037 Sncg Gaba","0547 Sncg Gaba_6",0.313397129186603
"039 Lamp5 Gaba","0547 Sncg Gaba_6",0
"041 Pvalb chandelier Gaba","0547 Sncg Gaba_6",0
"042 Pvalb Gaba","0547 Sncg Gaba_6",0
"043 Sst Gaba","0547 Sncg Gaba_6",0
"046 Sst Chodl Gaba","0547 Sncg Gaba_6",0
"287 Astro-TE NN","0547 Sncg Gaba_6",0
"294 OPC NN","0547 Sncg Gaba_6",0
"295 Oligo NN","0547 Sncg Gaba_6",0
"299 Peri NN","0547 Sncg Gaba_6",0
"301 Endo NN","0547 Sncg Gaba_6",0
"302 Microglia NN","0547 Sncg Gaba_6",0
"001 Car3 Glut","0553 Sncg Gaba_3",0
"003 L5/6 IT TPE-ENT Glut","0553 Sncg Gaba_3",0
"004 L6 IT CTX Glut","0553 Sncg Gaba_3",0
"005 L5 IT CTX Glut","0553 Sncg Gaba_3",0
"006 L4/5 IT CTX Glut","0553 Sncg Gaba_3",0
"007 L2/3 IT CTX Glut","0553 Sncg Gaba_3",0
"022 L5 ET CTX Glut","0553 Sncg Gaba_3",0
"027 L6b CTX Glut","0553 Sncg Gaba_3",0
"028 L6 CT CTX Glut","0553 Sncg Gaba_3",0
"030 L5 NP CTX Glut","0553 Sncg Gaba_3",0
"036 Vip Gaba","0553 Sncg Gaba_3",0
"037 Sncg Gaba","0553 Sncg Gaba_3",0.332535885167464
"039 Lamp5 Gaba","0553 Sncg Gaba_3",0
"041 Pvalb chandelier Gaba","0553 Sncg Gaba_3",0
"042 Pvalb Gaba","0553 Sncg Gaba_3",0
"043 Sst Gaba","0553 Sncg Gaba_3",0
"046 Sst Chodl Gaba","0553 Sncg Gaba_3",0
"287 Astro-TE NN","0553 Sncg Gaba_3",0
"294 OPC NN","0553 Sncg Gaba_3",0
"295 Oligo NN","0553 Sncg Gaba_3",0
"299 Peri NN","0553 Sncg Gaba_3",0
"301 Endo NN","0553 Sncg Gaba_3",0
"302 Microglia NN","0553 Sncg Gaba_3",0
"001 Car3 Glut","0560 Sncg Gaba_4",0
"003 L5/6 IT TPE-ENT Glut","0560 Sncg Gaba_4",0
"004 L6 IT CTX Glut","0560 Sncg Gaba_4",0
"005 L5 IT CTX Glut","0560 Sncg Gaba_4",0
"006 L4/5 IT CTX Glut","0560 Sncg Gaba_4",0
"007 L2/3 IT CTX Glut","0560 Sncg Gaba_4",0
"022 L5 ET CTX Glut","0560 Sncg Gaba_4",0
"027 L6b CTX Glut","0560 Sncg Gaba_4",0
"028 L6 CT CTX Glut","0560 Sncg Gaba_4",0
"030 L5 NP CTX Glut","0560 Sncg Gaba_4",0
"036 Vip Gaba","0560 Sncg Gaba_4",0
"037 Sncg Gaba","0560 Sncg Gaba_4",0.354066985645933
"039 Lamp5 Gaba","0560 Sncg Gaba_4",0
"041 Pvalb chandelier Gaba","0560 Sncg Gaba_4",0
"042 Pvalb Gaba","0560 Sncg Gaba_4",0
"043 Sst Gaba","0560 Sncg Gaba_4",0
"046 Sst Chodl Gaba","0560 Sncg Gaba_4",0
"287 Astro-TE NN","0560 Sncg Gaba_4",0
"294 OPC NN","0560 Sncg Gaba_4",0
"295 Oligo NN","0560 Sncg Gaba_4",0
"299 Peri NN","0560 Sncg Gaba_4",0
"301 Endo NN","0560 Sncg Gaba_4",0
"302 Microglia NN","0560 Sncg Gaba_4",0
"001 Car3 Glut","0580 Lamp5 Gaba_1",0
"003 L5/6 IT TPE-ENT Glut","0580 Lamp5 Gaba_1",0
"004 L6 IT CTX Glut","0580 Lamp5 Gaba_1",0
"005 L5 IT CTX Glut","0580 Lamp5 Gaba_1",0
"006 L4/5 IT CTX Glut","0580 Lamp5 Gaba_1",0
"007 L2/3 IT CTX Glut","0580 Lamp5 Gaba_1",0
"022 L5 ET CTX Glut","0580 Lamp5 Gaba_1",0
"027 L6b CTX Glut","0580 Lamp5 Gaba_1",0
"028 L6 CT CTX Glut","0580 Lamp5 Gaba_1",0
"030 L5 NP CTX Glut","0580 Lamp5 Gaba_1",0
"036 Vip Gaba","0580 Lamp5 Gaba_1",0
"037 Sncg Gaba","0580 Lamp5 Gaba_1",0
"039 Lamp5 Gaba","0580 Lamp5 Gaba_1",0.225635593220339
"041 Pvalb chandelier Gaba","0580 Lamp5 Gaba_1",0
"042 Pvalb Gaba","0580 Lamp5 Gaba_1",0
"043 Sst Gaba","0580 Lamp5 Gaba_1",0
"046 Sst Chodl Gaba","0580 Lamp5 Gaba_1",0
"287 Astro-TE NN","0580 Lamp5 Gaba_1",0
"294 OPC NN","0580 Lamp5 Gaba_1",0
"295 Oligo NN","0580 Lamp5 Gaba_1",0
"299 Peri NN","0580 Lamp5 Gaba_1",0
"301 Endo NN","0580 Lamp5 Gaba_1",0
"302 Microglia NN","0580 Lamp5 Gaba_1",0
"001 Car3 Glut","0581 Lamp5 Gaba_1",0
"003 L5/6 IT TPE-ENT Glut","0581 Lamp5 Gaba_1",0
"004 L6 IT CTX Glut","0581 Lamp5 Gaba_1",0
"005 L5 IT CTX Glut","0581 Lamp5 Gaba_1",0
"006 L4/5 IT CTX Glut","0581 Lamp5 Gaba_1",0
"007 L2/3 IT CTX Glut","0581 Lamp5 Gaba_1",0
"022 L5 ET CTX Glut","0581 Lamp5 Gaba_1",0
"027 L6b CTX Glut","0581 Lamp5 Gaba_1",0
"028 L6 CT CTX Glut","0581 Lamp5 Gaba_1",0
"030 L5 NP CTX Glut","0581 Lamp5 Gaba_1",0
"036 Vip Gaba","0581 Lamp5 Gaba_1",0
"037 Sncg Gaba","0581 Lamp5 Gaba_1",0
"039 Lamp5 Gaba","0581 Lamp5 Gaba_1",0.356991525423729
"041 Pvalb chandelier Gaba","0581 Lamp5 Gaba_1",0
"042 Pvalb Gaba","0581 Lamp5 Gaba_1",0.000802568218298555
"043 Sst Gaba","0581 Lamp5 Gaba_1",0
"046 Sst Chodl Gaba","0581 Lamp5 Gaba_1",0
"287 Astro-TE NN","0581 Lamp5 Gaba_1",0
"294 OPC NN","0581 Lamp5 Gaba_1",0
"295 Oligo NN","0581 Lamp5 Gaba_1",0
"299 Peri NN","0581 Lamp5 Gaba_1",0
"301 Endo NN","0581 Lamp5 Gaba_1",0
"302 Microglia NN","0581 Lamp5 Gaba_1",0
"001 Car3 Glut","0582 Lamp5 Gaba_1",0
"003 L5/6 IT TPE-ENT Glut","0582 Lamp5 Gaba_1",0
"004 L6 IT CTX Glut","0582 Lamp5 Gaba_1",0
"005 L5 IT CTX Glut","0582 Lamp5 Gaba_1",0
"006 L4/5 IT CTX Glut","0582 Lamp5 Gaba_1",0
"007 L2/3 IT CTX Glut","0582 Lamp5 Gaba_1",0
"022 L5 ET CTX Glut","0582 Lamp5 Gaba_1",0
"027 L6b CTX Glut","0582 Lamp5 Gaba_1",0
"028 L6 CT CTX Glut","0582 Lamp5 Gaba_1",0
"030 L5 NP CTX Glut","0582 Lamp5 Gaba_1",0
"036 Vip Gaba","0582 Lamp5 Gaba_1",0
"037 Sncg Gaba","0582 Lamp5 Gaba_1",0
"039 Lamp5 Gaba","0582 Lamp5 Gaba_1",0.370762711864407
"041 Pvalb chandelier Gaba","0582 Lamp5 Gaba_1",0
"042 Pvalb Gaba","0582 Lamp5 Gaba_1",0
"043 Sst Gaba","0582 Lamp5 Gaba_1",0
"046 Sst Chodl Gaba","0582 Lamp5 Gaba_1",0
"287 Astro-TE NN","0582 Lamp5 Gaba_1",0
"294 OPC NN","0582 Lamp5 Gaba_1",0
"295 Oligo NN","0582 Lamp5 Gaba_1",0
"299 Peri NN","0582 Lamp5 Gaba_1",0
"301 Endo NN","0582 Lamp5 Gaba_1",0
"302 Microglia NN","0582 Lamp5 Gaba_1",0
"001 Car3 Glut","0587 Lamp5 Gaba_2",0
"003 L5/6 IT TPE-ENT Glut","0587 Lamp5 Gaba_2",0
"004 L6 IT CTX Glut","0587 Lamp5 Gaba_2",0
"005 L5 IT CTX Glut","0587 Lamp5 Gaba_2",0
"006 L4/5 IT CTX Glut","0587 Lamp5 Gaba_2",0
"007 L2/3 IT CTX Glut","0587 Lamp5 Gaba_2",0
"022 L5 ET CTX Glut","0587 Lamp5 Gaba_2",0
"027 L6b CTX Glut","0587 Lamp5 Gaba_2",0
"028 L6 CT CTX Glut","0587 Lamp5 Gaba_2",0
"030 L5 NP CTX Glut","0587 Lamp5 Gaba_2",0
"036 Vip Gaba","0587 Lamp5 Gaba_2",0.00309119010819165
"037 Sncg Gaba","0587 Lamp5 Gaba_2",0
"039 Lamp5 Gaba","0587 Lamp5 Gaba_2",0.0455508474576271
"041 Pvalb chandelier Gaba","0587 Lamp5 Gaba_2",0
"042 Pvalb Gaba","0587 Lamp5 Gaba_2",0
"043 Sst Gaba","0587 Lamp5 Gaba_2",0
"046 Sst Chodl Gaba","0587 Lamp5 Gaba_2",0
"287 Astro-TE NN","0587 Lamp5 Gaba_2",0
"294 OPC NN","0587 Lamp5 Gaba_2",0
"295 Oligo NN","0587 Lamp5 Gaba_2",0
"299 Peri NN","0587 Lamp5 Gaba_2",0
"301 Endo NN","0587 Lamp5 Gaba_2",0
"302 Microglia NN","0587 Lamp5 Gaba_2",0
"001 Car3 Glut","0605 Pvalb chandelier Gaba",0
"003 L5/6 IT TPE-ENT Glut","0605 Pvalb chandelier Gaba",0
"004 L6 IT CTX Glut","0605 Pvalb chandelier Gaba",0
"005 L5 IT CTX Glut","0605 Pvalb chandelier Gaba",0
"006 L4/5 IT CTX Glut","0605 Pvalb chandelier Gaba",0
"007 L2/3 IT CTX Glut","0605 Pvalb chandelier Gaba",0
"022 L5 ET CTX Glut","0605 Pvalb chandelier Gaba",0
"027 L6b CTX Glut","0605 Pvalb chandelier Gaba",0
"028 L6 CT CTX Glut","0605 Pvalb chandelier Gaba",0
"030 L5 NP CTX Glut","0605 Pvalb chandelier Gaba",0
"036 Vip Gaba","0605 Pvalb chandelier Gaba",0
"037 Sncg Gaba","0605 Pvalb chandelier Gaba",0
"039 Lamp5 Gaba","0605 Pvalb chandelier Gaba",0
"041 Pvalb chandelier Gaba","0605 Pvalb chandelier Gaba",0.993548387096774
"042 Pvalb Gaba","0605 Pvalb chandelier Gaba",0
"043 Sst Gaba","0605 Pvalb chandelier Gaba",0
"046 Sst Chodl Gaba","0605 Pvalb chandelier Gaba",0
"287 Astro-TE NN","0605 Pvalb chandelier Gaba",0
"294 OPC NN","0605 Pvalb chandelier Gaba",0
"295 Oligo NN","0605 Pvalb chandelier Gaba",0
"299 Peri NN","0605 Pvalb chandelier Gaba",0
"301 Endo NN","0605 Pvalb chandelier Gaba",0
"302 Microglia NN","0605 Pvalb chandelier Gaba",0
"001 Car3 Glut","0607 Pvalb Gaba_1",0
"003 L5/6 IT TPE-ENT Glut","0607 Pvalb Gaba_1",0
"004 L6 IT CTX Glut","0607 Pvalb Gaba_1",0
"005 L5 IT CTX Glut","0607 Pvalb Gaba_1",0
"006 L4/5 IT CTX Glut","0607 Pvalb Gaba_1",0
"007 L2/3 IT CTX Glut","0607 Pvalb Gaba_1",0
"022 L5 ET CTX Glut","0607 Pvalb Gaba_1",0
"027 L6b CTX Glut","0607 Pvalb Gaba_1",0
"028 L6 CT CTX Glut","0607 Pvalb Gaba_1",0
"030 L5 NP CTX Glut","0607 Pvalb Gaba_1",0
"036 Vip Gaba","0607 Pvalb Gaba_1",0
"037 Sncg Gaba","0607 Pvalb Gaba_1",0
"039 Lamp5 Gaba","0607 Pvalb Gaba_1",0
"041 Pvalb chandelier Gaba","0607 Pvalb Gaba_1",0
"042 Pvalb Gaba","0607 Pvalb Gaba_1",0.102728731942215
"043 Sst Gaba","0607 Pvalb Gaba_1",0
"046 Sst Chodl Gaba","0607 Pvalb Gaba_1",0
"287 Astro-TE NN","0607 Pvalb Gaba_1",0
"294 OPC NN","0607 Pvalb Gaba_1",0
"295 Oligo NN","0607 Pvalb Gaba_1",0
"299 Peri NN","0607 Pvalb Gaba_1",0
"301 Endo NN","0607 Pvalb Gaba_1",0
"302 Microglia NN","0607 Pvalb Gaba_1",0
"001 Car3 Glut","0618 Pvalb Gaba_3",0
"003 L5/6 IT TPE-ENT Glut","0618 Pvalb Gaba_3",0
"004 L6 IT CTX Glut","0618 Pvalb Gaba_3",0
"005 L5 IT CTX Glut","0618 Pvalb Gaba_3",0
"006 L4/5 IT CTX Glut","0618 Pvalb Gaba_3",0
"007 L2/3 IT CTX Glut","0618 Pvalb Gaba_3",0
"022 L5 ET CTX Glut","0618 Pvalb Gaba_3",0
"027 L6b CTX Glut","0618 Pvalb Gaba_3",0
"028 L6 CT CTX Glut","0618 Pvalb Gaba_3",0
"030 L5 NP CTX Glut","0618 Pvalb Gaba_3",0
"036 Vip Gaba","0618 Pvalb Gaba_3",0
"037 Sncg Gaba","0618 Pvalb Gaba_3",0
"039 Lamp5 Gaba","0618 Pvalb Gaba_3",0
"041 Pvalb chandelier Gaba","0618 Pvalb Gaba_3",0
"042 Pvalb Gaba","0618 Pvalb Gaba_3",0.115569823434992
"043 Sst Gaba","0618 Pvalb Gaba_3",0.000412541254125413
"046 Sst Chodl Gaba","0618 Pvalb Gaba_3",0
"287 Astro-TE NN","0618 Pvalb Gaba_3",0
"294 OPC NN","0618 Pvalb Gaba_3",0
"295 Oligo NN","0618 Pvalb Gaba_3",0
"299 Peri NN","0618 Pvalb Gaba_3",0
"301 Endo NN","0618 Pvalb Gaba_3",0
"302 Microglia NN","0618 Pvalb Gaba_3",0
"001 Car3 Glut","0619 Pvalb Gaba_3",0
"003 L5/6 IT TPE-ENT Glut","0619 Pvalb Gaba_3",0
"004 L6 IT CTX Glut","0619 Pvalb Gaba_3",0
"005 L5 IT CTX Glut","0619 Pvalb Gaba_3",0
"006 L4/5 IT CTX Glut","0619 Pvalb Gaba_3",0
"007 L2/3 IT CTX Glut","0619 Pvalb Gaba_3",0
"022 L5 ET CTX Glut","0619 Pvalb Gaba_3",0
"027 L6b CTX Glut","0619 Pvalb Gaba_3",0
"028 L6 CT CTX Glut","0619 Pvalb Gaba_3",0
"030 L5 NP CTX Glut","0619 Pvalb Gaba_3",0
"036 Vip Gaba","0619 Pvalb Gaba_3",0
"037 Sncg Gaba","0619 Pvalb Gaba_3",0
"039 Lamp5 Gaba","0619 Pvalb Gaba_3",0
"041 Pvalb chandelier Gaba","0619 Pvalb Gaba_3",0
"042 Pvalb Gaba","0619 Pvalb Gaba_3",0.231139646869984
"043 Sst Gaba","0619 Pvalb Gaba_3",0
"046 Sst Chodl Gaba","0619 Pvalb Gaba_3",0
"287 Astro-TE NN","0619 Pvalb Gaba_3",0
"294 OPC NN","0619 Pvalb Gaba_3",0
"295 Oligo NN","0619 Pvalb Gaba_3",0
"299 Peri NN","0619 Pvalb Gaba_3",0
"301 Endo NN","0619 Pvalb Gaba_3",0
"302 Microglia NN","0619 Pvalb Gaba_3",0
"001 Car3 Glut","0621 Pvalb Gaba_3",0
"003 L5/6 IT TPE-ENT Glut","0621 Pvalb Gaba_3",0
"004 L6 IT CTX Glut","0621 Pvalb Gaba_3",0
"005 L5 IT CTX Glut","0621 Pvalb Gaba_3",0
"006 L4/5 IT CTX Glut","0621 Pvalb Gaba_3",0
"007 L2/3 IT CTX Glut","0621 Pvalb Gaba_3",0
"022 L5 ET CTX Glut","0621 Pvalb Gaba_3",0
"027 L6b CTX Glut","0621 Pvalb Gaba_3",0
"028 L6 CT CTX Glut","0621 Pvalb Gaba_3",0
"030 L5 NP CTX Glut","0621 Pvalb Gaba_3",0
"036 Vip Gaba","0621 Pvalb Gaba_3",0
"037 Sncg Gaba","0621 Pvalb Gaba_3",0
"039 Lamp5 Gaba","0621 Pvalb Gaba_3",0
"041 Pvalb chandelier Gaba","0621 Pvalb Gaba_3",0
"042 Pvalb Gaba","0621 Pvalb Gaba_3",0.12199036918138
"043 Sst Gaba","0621 Pvalb Gaba_3",0
"046 Sst Chodl Gaba","0621 Pvalb Gaba_3",0
"287 Astro-TE NN","0621 Pvalb Gaba_3",0
"294 OPC NN","0621 Pvalb Gaba_3",0
"295 Oligo NN","0621 Pvalb Gaba_3",0
"299 Peri NN","0621 Pvalb Gaba_3",0
"301 Endo NN","0621 Pvalb Gaba_3",0
"302 Microglia NN","0621 Pvalb Gaba_3",0
"001 Car3 Glut","0620 Pvalb Gaba_8",0
"003 L5/6 IT TPE-ENT Glut","0620 Pvalb Gaba_8",0
"004 L6 IT CTX Glut","0620 Pvalb Gaba_8",0
"005 L5 IT CTX Glut","0620 Pvalb Gaba_8",0
"006 L4/5 IT CTX Glut","0620 Pvalb Gaba_8",0
"007 L2/3 IT CTX Glut","0620 Pvalb Gaba_8",0
"022 L5 ET CTX Glut","0620 Pvalb Gaba_8",0
"027 L6b CTX Glut","0620 Pvalb Gaba_8",0
"028 L6 CT CTX Glut","0620 Pvalb Gaba_8",0
"030 L5 NP CTX Glut","0620 Pvalb Gaba_8",0
"036 Vip Gaba","0620 Pvalb Gaba_8",0
"037 Sncg Gaba","0620 Pvalb Gaba_8",0
"039 Lamp5 Gaba","0620 Pvalb Gaba_8",0
"041 Pvalb chandelier Gaba","0620 Pvalb Gaba_8",0
"042 Pvalb Gaba","0620 Pvalb Gaba_8",0.157303370786517
"043 Sst Gaba","0620 Pvalb Gaba_8",0
"046 Sst Chodl Gaba","0620 Pvalb Gaba_8",0
"287 Astro-TE NN","0620 Pvalb Gaba_8",0
"294 OPC NN","0620 Pvalb Gaba_8",0
"295 Oligo NN","0620 Pvalb Gaba_8",0
"299 Peri NN","0620 Pvalb Gaba_8",0
"301 Endo NN","0620 Pvalb Gaba_8",0
"302 Microglia NN","0620 Pvalb Gaba_8",0
"001 Car3 Glut","0624 Pvalb Gaba_4",0
"003 L5/6 IT TPE-ENT Glut","0624 Pvalb Gaba_4",0
"004 L6 IT CTX Glut","0624 Pvalb Gaba_4",0
"005 L5 IT CTX Glut","0624 Pvalb Gaba_4",0
"006 L4/5 IT CTX Glut","0624 Pvalb Gaba_4",0
"007 L2/3 IT CTX Glut","0624 Pvalb Gaba_4",0
"022 L5 ET CTX Glut","0624 Pvalb Gaba_4",0
"027 L6b CTX Glut","0624 Pvalb Gaba_4",0
"028 L6 CT CTX Glut","0624 Pvalb Gaba_4",0
"030 L5 NP CTX Glut","0624 Pvalb Gaba_4",0
"036 Vip Gaba","0624 Pvalb Gaba_4",0
"037 Sncg Gaba","0624 Pvalb Gaba_4",0
"039 Lamp5 Gaba","0624 Pvalb Gaba_4",0
"041 Pvalb chandelier Gaba","0624 Pvalb Gaba_4",0
"042 Pvalb Gaba","0624 Pvalb Gaba_4",0.0874799357945425
"043 Sst Gaba","0624 Pvalb Gaba_4",0.00536303630363036
"046 Sst Chodl Gaba","0624 Pvalb Gaba_4",0
"287 Astro-TE NN","0624 Pvalb Gaba_4",0
"294 OPC NN","0624 Pvalb Gaba_4",0
"295 Oligo NN","0624 Pvalb Gaba_4",0
"299 Peri NN","0624 Pvalb Gaba_4",0
"301 Endo NN","0624 Pvalb Gaba_4",0
"302 Microglia NN","0624 Pvalb Gaba_4",0
"001 Car3 Glut","0628 Pvalb Gaba_4",0
"003 L5/6 IT TPE-ENT Glut","0628 Pvalb Gaba_4",0
"004 L6 IT CTX Glut","0628 Pvalb Gaba_4",0
"005 L5 IT CTX Glut","0628 Pvalb Gaba_4",0
"006 L4/5 IT CTX Glut","0628 Pvalb Gaba_4",0
"007 L2/3 IT CTX Glut","0628 Pvalb Gaba_4",0
"022 L5 ET CTX Glut","0628 Pvalb Gaba_4",0
"027 L6b CTX Glut","0628 Pvalb Gaba_4",0
"028 L6 CT CTX Glut","0628 Pvalb Gaba_4",0
"030 L5 NP CTX Glut","0628 Pvalb Gaba_4",0
"036 Vip Gaba","0628 Pvalb Gaba_4",0
"037 Sncg Gaba","0628 Pvalb Gaba_4",0
"039 Lamp5 Gaba","0628 Pvalb Gaba_4",0
"041 Pvalb chandelier Gaba","0628 Pvalb Gaba_4",0
"042 Pvalb Gaba","0628 Pvalb Gaba_4",0.117977528089888
"043 Sst Gaba","0628 Pvalb Gaba_4",0
"046 Sst Chodl Gaba","0628 Pvalb Gaba_4",0
"287 Astro-TE NN","0628 Pvalb Gaba_4",0
"294 OPC NN","0628 Pvalb Gaba_4",0
"295 Oligo NN","0628 Pvalb Gaba_4",0
"299 Peri NN","0628 Pvalb Gaba_4",0
"301 Endo NN","0628 Pvalb Gaba_4",0
"302 Microglia NN","0628 Pvalb Gaba_4",0
"001 Car3 Glut","0625 Pvalb Gaba_5",0
"003 L5/6 IT TPE-ENT Glut","0625 Pvalb Gaba_5",0
"004 L6 IT CTX Glut","0625 Pvalb Gaba_5",0
"005 L5 IT CTX Glut","0625 Pvalb Gaba_5",0
"006 L4/5 IT CTX Glut","0625 Pvalb Gaba_5",0
"007 L2/3 IT CTX Glut","0625 Pvalb Gaba_5",0
"022 L5 ET CTX Glut","0625 Pvalb Gaba_5",0
"027 L6b CTX Glut","0625 Pvalb Gaba_5",0
"028 L6 CT CTX Glut","0625 Pvalb Gaba_5",0
"030 L5 NP CTX Glut","0625 Pvalb Gaba_5",0
"036 Vip Gaba","0625 Pvalb Gaba_5",0
"037 Sncg Gaba","0625 Pvalb Gaba_5",0
"039 Lamp5 Gaba","0625 Pvalb Gaba_5",0
"041 Pvalb chandelier Gaba","0625 Pvalb Gaba_5",0
"042 Pvalb Gaba","0625 Pvalb Gaba_5",0.0521669341894061
"043 Sst Gaba","0625 Pvalb Gaba_5",0
"046 Sst Chodl Gaba","0625 Pvalb Gaba_5",0
"287 Astro-TE NN","0625 Pvalb Gaba_5",0
"294 OPC NN","0625 Pvalb Gaba_5",0
"295 Oligo NN","0625 Pvalb Gaba_5",0
"299 Peri NN","0625 Pvalb Gaba_5",0
"301 Endo NN","0625 Pvalb Gaba_5",0
"302 Microglia NN","0625 Pvalb Gaba_5",0
"001 Car3 Glut","0638 Sst Gaba_1",0
"003 L5/6 IT TPE-ENT Glut","0638 Sst Gaba_1",0
"004 L6 IT CTX Glut","0638 Sst Gaba_1",0
"005 L5 IT CTX Glut","0638 Sst Gaba_1",0
"006 L4/5 IT CTX Glut","0638 Sst Gaba_1",0
"007 L2/3 IT CTX Glut","0638 Sst Gaba_1",0
"022 L5 ET CTX Glut","0638 Sst Gaba_1",0
"027 L6b CTX Glut","0638 Sst Gaba_1",0
"028 L6 CT CTX Glut","0638 Sst Gaba_1",0
"030 L5 NP CTX Glut","0638 Sst Gaba_1",0
"036 Vip Gaba","0638 Sst Gaba_1",0
"037 Sncg Gaba","0638 Sst Gaba_1",0
"039 Lamp5 Gaba","0638 Sst Gaba_1",0
"041 Pvalb chandelier Gaba","0638 Sst Gaba_1",0
"042 Pvalb Gaba","0638 Sst Gaba_1",0
"043 Sst Gaba","0638 Sst Gaba_1",0.0693069306930693
"046 Sst Chodl Gaba","0638 Sst Gaba_1",0
"287 Astro-TE NN","0638 Sst Gaba_1",0
"294 OPC NN","0638 Sst Gaba_1",0
"295 Oligo NN","0638 Sst Gaba_1",0
"299 Peri NN","0638 Sst Gaba_1",0
"301 Endo NN","0638 Sst Gaba_1",0
"302 Microglia NN","0638 Sst Gaba_1",0
"001 Car3 Glut","0641 Sst Gaba_12",0
"003 L5/6 IT TPE-ENT Glut","0641 Sst Gaba_12",0
"004 L6 IT CTX Glut","0641 Sst Gaba_12",0
"005 L5 IT CTX Glut","0641 Sst Gaba_12",0
"006 L4/5 IT CTX Glut","0641 Sst Gaba_12",0
"007 L2/3 IT CTX Glut","0641 Sst Gaba_12",0
"022 L5 ET CTX Glut","0641 Sst Gaba_12",0
"027 L6b CTX Glut","0641 Sst Gaba_12",0
"028 L6 CT CTX Glut","0641 Sst Gaba_12",0
"030 L5 NP CTX Glut","0641 Sst Gaba_12",0
"036 Vip Gaba","0641 Sst Gaba_12",0
"037 Sncg Gaba","0641 Sst Gaba_12",0
"039 Lamp5 Gaba","0641 Sst Gaba_12",0
"041 Pvalb chandelier Gaba","0641 Sst Gaba_12",0
"042 Pvalb Gaba","0641 Sst Gaba_12",0
"043 Sst Gaba","0641 Sst Gaba_12",0.0441419141914191
"046 Sst Chodl Gaba","0641 Sst Gaba_12",0
"287 Astro-TE NN","0641 Sst Gaba_12",0
"294 OPC NN","0641 Sst Gaba_12",0
"295 Oligo NN","0641 Sst Gaba_12",0
"299 Peri NN","0641 Sst Gaba_12",0
"301 Endo NN","0641 Sst Gaba_12",0
"302 Microglia NN","0641 Sst Gaba_12",0
"001 Car3 Glut","0631 Sst Gaba_13",0
"003 L5/6 IT TPE-ENT Glut","0631 Sst Gaba_13",0
"004 L6 IT CTX Glut","0631 Sst Gaba_13",0
"005 L5 IT CTX Glut","0631 Sst Gaba_13",0
"006 L4/5 IT CTX Glut","0631 Sst Gaba_13",0
"007 L2/3 IT CTX Glut","0631 Sst Gaba_13",0
"022 L5 ET CTX Glut","0631 Sst Gaba_13",0
"027 L6b CTX Glut","0631 Sst Gaba_13",0
"028 L6 CT CTX Glut","0631 Sst Gaba_13",0
"030 L5 NP CTX Glut","0631 Sst Gaba_13",0
"036 Vip Gaba","0631 Sst Gaba_13",0
"037 Sncg Gaba","0631 Sst Gaba_13",0
"039 Lamp5 Gaba","0631 Sst Gaba_13",0
"041 Pvalb chandelier Gaba","0631 Sst Gaba_13",0
"042 Pvalb Gaba","0631 Sst Gaba_13",0
"043 Sst Gaba","0631 Sst Gaba_13",0.0907590759075908
"046 Sst Chodl Gaba","0631 Sst Gaba_13",0
"287 Astro-TE NN","0631 Sst Gaba_13",0
"294 OPC NN","0631 Sst Gaba_13",0
"295 Oligo NN","0631 Sst Gaba_13",0
"299 Peri NN","0631 Sst Gaba_13",0
"301 Endo NN","0631 Sst Gaba_13",0
"302 Microglia NN","0631 Sst Gaba_13",0
"001 Car3 Glut","0664 Sst Gaba_4",0
"003 L5/6 IT TPE-ENT Glut","0664 Sst Gaba_4",0
"004 L6 IT CTX Glut","0664 Sst Gaba_4",0
"005 L5 IT CTX Glut","0664 Sst Gaba_4",0
"006 L4/5 IT CTX Glut","0664 Sst Gaba_4",0
"007 L2/3 IT CTX Glut","0664 Sst Gaba_4",0
"022 L5 ET CTX Glut","0664 Sst Gaba_4",0
"027 L6b CTX Glut","0664 Sst Gaba_4",0
"028 L6 CT CTX Glut","0664 Sst Gaba_4",0
"030 L5 NP CTX Glut","0664 Sst Gaba_4",0
"036 Vip Gaba","0664 Sst Gaba_4",0
"037 Sncg Gaba","0664 Sst Gaba_4",0
"039 Lamp5 Gaba","0664 Sst Gaba_4",0
"041 Pvalb chandelier Gaba","0664 Sst Gaba_4",0
"042 Pvalb Gaba","0664 Sst Gaba_4",0
"043 Sst Gaba","0664 Sst Gaba_4",0.0639438943894389
"046 Sst Chodl Gaba","0664 Sst Gaba_4",0
"287 Astro-TE NN","0664 Sst Gaba_4",0
"294 OPC NN","0664 Sst Gaba_4",0
"295 Oligo NN","0664 Sst Gaba_4",0
"299 Peri NN","0664 Sst Gaba_4",0
"301 Endo NN","0664 Sst Gaba_4",0
"302 Microglia NN","0664 Sst Gaba_4",0
"001 Car3 Glut","0666 Sst Gaba_4",0
"003 L5/6 IT TPE-ENT Glut","0666 Sst Gaba_4",0
"004 L6 IT CTX Glut","0666 Sst Gaba_4",0
"005 L5 IT CTX Glut","0666 Sst Gaba_4",0
"006 L4/5 IT CTX Glut","0666 Sst Gaba_4",0
"007 L2/3 IT CTX Glut","0666 Sst Gaba_4",0
"022 L5 ET CTX Glut","0666 Sst Gaba_4",0
"027 L6b CTX Glut","0666 Sst Gaba_4",0
"028 L6 CT CTX Glut","0666 Sst Gaba_4",0
"030 L5 NP CTX Glut","0666 Sst Gaba_4",0
"036 Vip Gaba","0666 Sst Gaba_4",0
"037 Sncg Gaba","0666 Sst Gaba_4",0
"039 Lamp5 Gaba","0666 Sst Gaba_4",0
"041 Pvalb chandelier Gaba","0666 Sst Gaba_4",0
"042 Pvalb Gaba","0666 Sst Gaba_4",0
"043 Sst Gaba","0666 Sst Gaba_4",0.0495049504950495
"046 Sst Chodl Gaba","0666 Sst Gaba_4",0
"287 Astro-TE NN","0666 Sst Gaba_4",0
"294 OPC NN","0666 Sst Gaba_4",0
"295 Oligo NN","0666 Sst Gaba_4",0
"299 Peri NN","0666 Sst Gaba_4",0
"301 Endo NN","0666 Sst Gaba_4",0
"302 Microglia NN","0666 Sst Gaba_4",0
"001 Car3 Glut","0668 Sst Gaba_4",0
"003 L5/6 IT TPE-ENT Glut","0668 Sst Gaba_4",0
"004 L6 IT CTX Glut","0668 Sst Gaba_4",0
"005 L5 IT CTX Glut","0668 Sst Gaba_4",0
"006 L4/5 IT CTX Glut","0668 Sst Gaba_4",0
"007 L2/3 IT CTX Glut","0668 Sst Gaba_4",0
"022 L5 ET CTX Glut","0668 Sst Gaba_4",0
"027 L6b CTX Glut","0668 Sst Gaba_4",0
"028 L6 CT CTX Glut","0668 Sst Gaba_4",0
"030 L5 NP CTX Glut","0668 Sst Gaba_4",0
"036 Vip Gaba","0668 Sst Gaba_4",0
"037 Sncg Gaba","0668 Sst Gaba_4",0
"039 Lamp5 Gaba","0668 Sst Gaba_4",0
"041 Pvalb chandelier Gaba","0668 Sst Gaba_4",0
"042 Pvalb Gaba","0668 Sst Gaba_4",0
"043 Sst Gaba","0668 Sst Gaba_4",0.0602310231023102
"046 Sst Chodl Gaba","0668 Sst Gaba_4",0
"287 Astro-TE NN","0668 Sst Gaba_4",0
"294 OPC NN","0668 Sst Gaba_4",0
"295 Oligo NN","0668 Sst Gaba_4",0
"299 Peri NN","0668 Sst Gaba_4",0
"301 Endo NN","0668 Sst Gaba_4",0
"302 Microglia NN","0668 Sst Gaba_4",0
"001 Car3 Glut","0669 Sst Gaba_4",0
"003 L5/6 IT TPE-ENT Glut","0669 Sst Gaba_4",0
"004 L6 IT CTX Glut","0669 Sst Gaba_4",0
"005 L5 IT CTX Glut","0669 Sst Gaba_4",0
"006 L4/5 IT CTX Glut","0669 Sst Gaba_4",0
"007 L2/3 IT CTX Glut","0669 Sst Gaba_4",0
"022 L5 ET CTX Glut","0669 Sst Gaba_4",0
"027 L6b CTX Glut","0669 Sst Gaba_4",0
"028 L6 CT CTX Glut","0669 Sst Gaba_4",0
"030 L5 NP CTX Glut","0669 Sst Gaba_4",0
"036 Vip Gaba","0669 Sst Gaba_4",0
"037 Sncg Gaba","0669 Sst Gaba_4",0
"039 Lamp5 Gaba","0669 Sst Gaba_4",0
"041 Pvalb chandelier Gaba","0669 Sst Gaba_4",0
"042 Pvalb Gaba","0669 Sst Gaba_4",0
"043 Sst Gaba","0669 Sst Gaba_4",0.193069306930693
"046 Sst Chodl Gaba","0669 Sst Gaba_4",0
"287 Astro-TE NN","0669 Sst Gaba_4",0
"294 OPC NN","0669 Sst Gaba_4",0
"295 Oligo NN","0669 Sst Gaba_4",0
"299 Peri NN","0669 Sst Gaba_4",0
"301 Endo NN","0669 Sst Gaba_4",0
"302 Microglia NN","0669 Sst Gaba_4",0
"001 Car3 Glut","0665 Sst Gaba_11",0
"003 L5/6 IT TPE-ENT Glut","0665 Sst Gaba_11",0
"004 L6 IT CTX Glut","0665 Sst Gaba_11",0
"005 L5 IT CTX Glut","0665 Sst Gaba_11",0
"006 L4/5 IT CTX Glut","0665 Sst Gaba_11",0
"007 L2/3 IT CTX Glut","0665 Sst Gaba_11",0
"022 L5 ET CTX Glut","0665 Sst Gaba_11",0
"027 L6b CTX Glut","0665 Sst Gaba_11",0
"028 L6 CT CTX Glut","0665 Sst Gaba_11",0
"030 L5 NP CTX Glut","0665 Sst Gaba_11",0
"036 Vip Gaba","0665 Sst Gaba_11",0
"037 Sncg Gaba","0665 Sst Gaba_11",0
"039 Lamp5 Gaba","0665 Sst Gaba_11",0
"041 Pvalb chandelier Gaba","0665 Sst Gaba_11",0
"042 Pvalb Gaba","0665 Sst Gaba_11",0
"043 Sst Gaba","0665 Sst Gaba_11",0.0445544554455446
"046 Sst Chodl Gaba","0665 Sst Gaba_11",0
"287 Astro-TE NN","0665 Sst Gaba_11",0
"294 OPC NN","0665 Sst Gaba_11",0
"295 Oligo NN","0665 Sst Gaba_11",0
"299 Peri NN","0665 Sst Gaba_11",0
"301 Endo NN","0665 Sst Gaba_11",0
"302 Microglia NN","0665 Sst Gaba_11",0
"001 Car3 Glut","0675 Sst Gaba_5",0
"003 L5/6 IT TPE-ENT Glut","0675 Sst Gaba_5",0
"004 L6 IT CTX Glut","0675 Sst Gaba_5",0
"005 L5 IT CTX Glut","0675 Sst Gaba_5",0
"006 L4/5 IT CTX Glut","0675 Sst Gaba_5",0
"007 L2/3 IT CTX Glut","0675 Sst Gaba_5",0
"022 L5 ET CTX Glut","0675 Sst Gaba_5",0
"027 L6b CTX Glut","0675 Sst Gaba_5",0
"028 L6 CT CTX Glut","0675 Sst Gaba_5",0
"030 L5 NP CTX Glut","0675 Sst Gaba_5",0
"036 Vip Gaba","0675 Sst Gaba_5",0
"037 Sncg Gaba","0675 Sst Gaba_5",0
"039 Lamp5 Gaba","0675 Sst Gaba_5",0
"041 Pvalb chandelier Gaba","0675 Sst Gaba_5",0
"042 Pvalb Gaba","0675 Sst Gaba_5",0.00963081861958266
"043 Sst Gaba","0675 Sst Gaba_5",0.0363036303630363
"046 Sst Chodl Gaba","0675 Sst Gaba_5",0
"287 Astro-TE NN","0675 Sst Gaba_5",0
"294 OPC NN","0675 Sst Gaba_5",0
"295 Oligo NN","0675 Sst Gaba_5",0
"299 Peri NN","0675 Sst Gaba_5",0
"301 Endo NN","0675 Sst Gaba_5",0
"302 Microglia NN","0675 Sst Gaba_5",0
"001 Car3 Glut","0677 Sst Gaba_5",0
"003 L5/6 IT TPE-ENT Glut","0677 Sst Gaba_5",0
"004 L6 IT CTX Glut","0677 Sst Gaba_5",0
"005 L5 IT CTX Glut","0677 Sst Gaba_5",0
"006 L4/5 IT CTX Glut","0677 Sst Gaba_5",0
"007 L2/3 IT CTX Glut","0677 Sst Gaba_5",0
"022 L5 ET CTX Glut","0677 Sst Gaba_5",0
"027 L6b CTX Glut","0677 Sst Gaba_5",0
"028 L6 CT CTX Glut","0677 Sst Gaba_5",0
"030 L5 NP CTX Glut","0677 Sst Gaba_5",0
"036 Vip Gaba","0677 Sst Gaba_5",0
"037 Sncg Gaba","0677 Sst Gaba_5",0
"039 Lamp5 Gaba","0677 Sst Gaba_5",0
"041 Pvalb chandelier Gaba","0677 Sst Gaba_5",0
"042 Pvalb Gaba","0677 Sst Gaba_5",0
"043 Sst Gaba","0677 Sst Gaba_5",0.0746699669966997
"046 Sst Chodl Gaba","0677 Sst Gaba_5",0
"287 Astro-TE NN","0677 Sst Gaba_5",0
"294 OPC NN","0677 Sst Gaba_5",0
"295 Oligo NN","0677 Sst Gaba_5",0
"299 Peri NN","0677 Sst Gaba_5",0
"301 Endo NN","0677 Sst Gaba_5",0
"302 Microglia NN","0677 Sst Gaba_5",0
"001 Car3 Glut","0673 Sst Gaba_16",0
"003 L5/6 IT TPE-ENT Glut","0673 Sst Gaba_16",0
"004 L6 IT CTX Glut","0673 Sst Gaba_16",0
"005 L5 IT CTX Glut","0673 Sst Gaba_16",0
"006 L4/5 IT CTX Glut","0673 Sst Gaba_16",0
"007 L2/3 IT CTX Glut","0673 Sst Gaba_16",0
"022 L5 ET CTX Glut","0673 Sst Gaba_16",0
"027 L6b CTX Glut","0673 Sst Gaba_16",0
"028 L6 CT CTX Glut","0673 Sst Gaba_16",0
"030 L5 NP CTX Glut","0673 Sst Gaba_16",0
"036 Vip Gaba","0673 Sst Gaba_16",0
"037 Sncg Gaba","0673 Sst Gaba_16",0
"039 Lamp5 Gaba","0673 Sst Gaba_16",0
"041 Pvalb chandelier Gaba","0673 Sst Gaba_16",0
"042 Pvalb Gaba","0673 Sst Gaba_16",0
"043 Sst Gaba","0673 Sst Gaba_16",0.0734323432343234
"046 Sst Chodl Gaba","0673 Sst Gaba_16",0
"287 Astro-TE NN","0673 Sst Gaba_16",0
"294 OPC NN","0673 Sst Gaba_16",0
"295 Oligo NN","0673 Sst Gaba_16",0
"299 Peri NN","0673 Sst Gaba_16",0
"301 Endo NN","0673 Sst Gaba_16",0
"302 Microglia NN","0673 Sst Gaba_16",0
"001 Car3 Glut","0688 Sst Gaba_7",0
"003 L5/6 IT TPE-ENT Glut","0688 Sst Gaba_7",0
"004 L6 IT CTX Glut","0688 Sst Gaba_7",0
"005 L5 IT CTX Glut","0688 Sst Gaba_7",0
"006 L4/5 IT CTX Glut","0688 Sst Gaba_7",0
"007 L2/3 IT CTX Glut","0688 Sst Gaba_7",0
"022 L5 ET CTX Glut","0688 Sst Gaba_7",0
"027 L6b CTX Glut","0688 Sst Gaba_7",0
"028 L6 CT CTX Glut","0688 Sst Gaba_7",0
"030 L5 NP CTX Glut","0688 Sst Gaba_7",0
"036 Vip Gaba","0688 Sst Gaba_7",0
"037 Sncg Gaba","0688 Sst Gaba_7",0
"039 Lamp5 Gaba","0688 Sst Gaba_7",0
"041 Pvalb chandelier Gaba","0688 Sst Gaba_7",0
"042 Pvalb Gaba","0688 Sst Gaba_7",0
"043 Sst Gaba","0688 Sst Gaba_7",0.0486798679867987
"046 Sst Chodl Gaba","0688 Sst Gaba_7",0
"287 Astro-TE NN","0688 Sst Gaba_7",0
"294 OPC NN","0688 Sst Gaba_7",0
"295 Oligo NN","0688 Sst Gaba_7",0
"299 Peri NN","0688 Sst Gaba_7",0
"301 Endo NN","0688 Sst Gaba_7",0
"302 Microglia NN","0688 Sst Gaba_7",0
"001 Car3 Glut","0697 Sst Gaba_8",0
"003 L5/6 IT TPE-ENT Glut","0697 Sst Gaba_8",0
"004 L6 IT CTX Glut","0697 Sst Gaba_8",0
"005 L5 IT CTX Glut","0697 Sst Gaba_8",0
"006 L4/5 IT CTX Glut","0697 Sst Gaba_8",0
"007 L2/3 IT CTX Glut","0697 Sst Gaba_8",0
"022 L5 ET CTX Glut","0697 Sst Gaba_8",0
"027 L6b CTX Glut","0697 Sst Gaba_8",0
"028 L6 CT CTX Glut","0697 Sst Gaba_8",0
"030 L5 NP CTX Glut","0697 Sst Gaba_8",0
"036 Vip Gaba","0697 Sst Gaba_8",0
"037 Sncg Gaba","0697 Sst Gaba_8",0
"039 Lamp5 Gaba","0697 Sst Gaba_8",0
"041 Pvalb chandelier Gaba","0697 Sst Gaba_8",0
"042 Pvalb Gaba","0697 Sst Gaba_8",0
"043 Sst Gaba","0697 Sst Gaba_8",0.0523927392739274
"046 Sst Chodl Gaba","0697 Sst Gaba_8",0
"287 Astro-TE NN","0697 Sst Gaba_8",0
"294 OPC NN","0697 Sst Gaba_8",0
"295 Oligo NN","0697 Sst Gaba_8",0
"299 Peri NN","0697 Sst Gaba_8",0
"301 Endo NN","0697 Sst Gaba_8",0
"302 Microglia NN","0697 Sst Gaba_8",0
"001 Car3 Glut","0695 Sst Gaba_10",0
"003 L5/6 IT TPE-ENT Glut","0695 Sst Gaba_10",0
"004 L6 IT CTX Glut","0695 Sst Gaba_10",0
"005 L5 IT CTX Glut","0695 Sst Gaba_10",0
"006 L4/5 IT CTX Glut","0695 Sst Gaba_10",0
"007 L2/3 IT CTX Glut","0695 Sst Gaba_10",0
"022 L5 ET CTX Glut","0695 Sst Gaba_10",0
"027 L6b CTX Glut","0695 Sst Gaba_10",0
"028 L6 CT CTX Glut","0695 Sst Gaba_10",0
"030 L5 NP CTX Glut","0695 Sst Gaba_10",0
"036 Vip Gaba","0695 Sst Gaba_10",0
"037 Sncg Gaba","0695 Sst Gaba_10",0
"039 Lamp5 Gaba","0695 Sst Gaba_10",0
"041 Pvalb chandelier Gaba","0695 Sst Gaba_10",0
"042 Pvalb Gaba","0695 Sst Gaba_10",0
"043 Sst Gaba","0695 Sst Gaba_10",0.0895214521452145
"046 Sst Chodl Gaba","0695 Sst Gaba_10",0
"287 Astro-TE NN","0695 Sst Gaba_10",0
"294 OPC NN","0695 Sst Gaba_10",0
"295 Oligo NN","0695 Sst Gaba_10",0
"299 Peri NN","0695 Sst Gaba_10",0
"301 Endo NN","0695 Sst Gaba_10",0
"302 Microglia NN","0695 Sst Gaba_10",0
"001 Car3 Glut","0731 Sst Chodl Gaba_4",0
"003 L5/6 IT TPE-ENT Glut","0731 Sst Chodl Gaba_4",0
"004 L6 IT CTX Glut","0731 Sst Chodl Gaba_4",0
"005 L5 IT CTX Glut","0731 Sst Chodl Gaba_4",0
"006 L4/5 IT CTX Glut","0731 Sst Chodl Gaba_4",0
"007 L2/3 IT CTX Glut","0731 Sst Chodl Gaba_4",0
"022 L5 ET CTX Glut","0731 Sst Chodl Gaba_4",0
"027 L6b CTX Glut","0731 Sst Chodl Gaba_4",0
"028 L6 CT CTX Glut","0731 Sst Chodl Gaba_4",0
"030 L5 NP CTX Glut","0731 Sst Chodl Gaba_4",0
"036 Vip Gaba","0731 Sst Chodl Gaba_4",0
"037 Sncg Gaba","0731 Sst Chodl Gaba_4",0
"039 Lamp5 Gaba","0731 Sst Chodl Gaba_4",0
"041 Pvalb chandelier Gaba","0731 Sst Chodl Gaba_4",0
"042 Pvalb Gaba","0731 Sst Chodl Gaba_4",0
"043 Sst Gaba","0731 Sst Chodl Gaba_4",0
"046 Sst Chodl Gaba","0731 Sst Chodl Gaba_4",1
"287 Astro-TE NN","0731 Sst Chodl Gaba_4",0
"294 OPC NN","0731 Sst Chodl Gaba_4",0
"295 Oligo NN","0731 Sst Chodl Gaba_4",0
"299 Peri NN","0731 Sst Chodl Gaba_4",0
"301 Endo NN","0731 Sst Chodl Gaba_4",0
"302 Microglia NN","0731 Sst Chodl Gaba_4",0
"001 Car3 Glut","5113 Astro-TE NN_3",0
"003 L5/6 IT TPE-ENT Glut","5113 Astro-TE NN_3",0
"004 L6 IT CTX Glut","5113 Astro-TE NN_3",0
"005 L5 IT CTX Glut","5113 Astro-TE NN_3",0
"006 L4/5 IT CTX Glut","5113 Astro-TE NN_3",0
"007 L2/3 IT CTX Glut","5113 Astro-TE NN_3",0
"022 L5 ET CTX Glut","5113 Astro-TE NN_3",0
"027 L6b CTX Glut","5113 Astro-TE NN_3",0
"028 L6 CT CTX Glut","5113 Astro-TE NN_3",0
"030 L5 NP CTX Glut","5113 Astro-TE NN_3",0
"036 Vip Gaba","5113 Astro-TE NN_3",0
"037 Sncg Gaba","5113 Astro-TE NN_3",0
"039 Lamp5 Gaba","5113 Astro-TE NN_3",0
"041 Pvalb chandelier Gaba","5113 Astro-TE NN_3",0
"042 Pvalb Gaba","5113 Astro-TE NN_3",0
"043 Sst Gaba","5113 Astro-TE NN_3",0
"046 Sst Chodl Gaba","5113 Astro-TE NN_3",0
"287 Astro-TE NN","5113 Astro-TE NN_3",1
"294 OPC NN","5113 Astro-TE NN_3",0
"295 Oligo NN","5113 Astro-TE NN_3",0
"299 Peri NN","5113 Astro-TE NN_3",0
"301 Endo NN","5113 Astro-TE NN_3",0
"302 Microglia NN","5113 Astro-TE NN_3",0
"001 Car3 Glut","5146 OPC NN_1",0
"003 L5/6 IT TPE-ENT Glut","5146 OPC NN_1",0
"004 L6 IT CTX Glut","5146 OPC NN_1",0
"005 L5 IT CTX Glut","5146 OPC NN_1",0
"006 L4/5 IT CTX Glut","5146 OPC NN_1",0
"007 L2/3 IT CTX Glut","5146 OPC NN_1",0
"022 L5 ET CTX Glut","5146 OPC NN_1",0
"027 L6b CTX Glut","5146 OPC NN_1",0
"028 L6 CT CTX Glut","5146 OPC NN_1",0
"030 L5 NP CTX Glut","5146 OPC NN_1",0
"036 Vip Gaba","5146 OPC NN_1",0
"037 Sncg Gaba","5146 OPC NN_1",0
"039 Lamp5 Gaba","5146 OPC NN_1",0
"041 Pvalb chandelier Gaba","5146 OPC NN_1",0
"042 Pvalb Gaba","5146 OPC NN_1",0
"043 Sst Gaba","5146 OPC NN_1",0
"046 Sst Chodl Gaba","5146 OPC NN_1",0
"287 Astro-TE NN","5146 OPC NN_1",0
"294 OPC NN","5146 OPC NN_1",1
"295 Oligo NN","5146 OPC NN_1",0.0031055900621118
"299 Peri NN","5146 OPC NN_1",0
"301 Endo NN","5146 OPC NN_1",0
"302 Microglia NN","5146 OPC NN_1",0
"001 Car3 Glut","5150 COP NN",0
"003 L5/6 IT TPE-ENT Glut","5150 COP NN",0
"004 L6 IT CTX Glut","5150 COP NN",0
"005 L5 IT CTX Glut","5150 COP NN",0
"006 L4/5 IT CTX Glut","5150 COP NN",0
"007 L2/3 IT CTX Glut","5150 COP NN",0
"022 L5 ET CTX Glut","5150 COP NN",0
"027 L6b CTX Glut","5150 COP NN",0
"028 L6 CT CTX Glut","5150 COP NN",0
"030 L5 NP CTX Glut","5150 COP NN",0
"036 Vip Gaba","5150 COP NN",0
"037 Sncg Gaba","5150 COP NN",0
"039 Lamp5 Gaba","5150 COP NN",0
"041 Pvalb chandelier Gaba","5150 COP NN",0
"042 Pvalb Gaba","5150 COP NN",0
"043 Sst Gaba","5150 COP NN",0
"046 Sst Chodl Gaba","5150 COP NN",0
"287 Astro-TE NN","5150 COP NN",0
"294 OPC NN","5150 COP NN",0
"295 Oligo NN","5150 COP NN",0.142857142857143
"299 Peri NN","5150 COP NN",0
"301 Endo NN","5150 COP NN",0
"302 Microglia NN","5150 COP NN",0
"001 Car3 Glut","5152 COP NN",0
"003 L5/6 IT TPE-ENT Glut","5152 COP NN",0
"004 L6 IT CTX Glut","5152 COP NN",0
"005 L5 IT CTX Glut","5152 COP NN",0
"006 L4/5 IT CTX Glut","5152 COP NN",0
"007 L2/3 IT CTX Glut","5152 COP NN",0
"022 L5 ET CTX Glut","5152 COP NN",0
"027 L6b CTX Glut","5152 COP NN",0
"028 L6 CT CTX Glut","5152 COP NN",0
"030 L5 NP CTX Glut","5152 COP NN",0
"036 Vip Gaba","5152 COP NN",0
"037 Sncg Gaba","5152 COP NN",0
"039 Lamp5 Gaba","5152 COP NN",0
"041 Pvalb chandelier Gaba","5152 COP NN",0
"042 Pvalb Gaba","5152 COP NN",0
"043 Sst Gaba","5152 COP NN",0
"046 Sst Chodl Gaba","5152 COP NN",0
"287 Astro-TE NN","5152 COP NN",0
"294 OPC NN","5152 COP NN",0
"295 Oligo NN","5152 COP NN",0.114906832298137
"299 Peri NN","5152 COP NN",0
"301 Endo NN","5152 COP NN",0
"302 Microglia NN","5152 COP NN",0
"001 Car3 Glut","5155 MFOL NN",0
"003 L5/6 IT TPE-ENT Glut","5155 MFOL NN",0
"004 L6 IT CTX Glut","5155 MFOL NN",0
"005 L5 IT CTX Glut","5155 MFOL NN",0
"006 L4/5 IT CTX Glut","5155 MFOL NN",0
"007 L2/3 IT CTX Glut","5155 MFOL NN",0
"022 L5 ET CTX Glut","5155 MFOL NN",0
"027 L6b CTX Glut","5155 MFOL NN",0
"028 L6 CT CTX Glut","5155 MFOL NN",0
"030 L5 NP CTX Glut","5155 MFOL NN",0
"036 Vip Gaba","5155 MFOL NN",0
"037 Sncg Gaba","5155 MFOL NN",0
"039 Lamp5 Gaba","5155 MFOL NN",0
"041 Pvalb chandelier Gaba","5155 MFOL NN",0
"042 Pvalb Gaba","5155 MFOL NN",0
"043 Sst Gaba","5155 MFOL NN",0
"046 Sst Chodl Gaba","5155 MFOL NN",0
"287 Astro-TE NN","5155 MFOL NN",0
"294 OPC NN","5155 MFOL NN",0
"295 Oligo NN","5155 MFOL NN",0.149068322981366
"299 Peri NN","5155 MFOL NN",0
"301 Endo NN","5155 MFOL NN",0
"302 Microglia NN","5155 MFOL NN",0
"001 Car3 Glut","5158 MOL NN",0
"003 L5/6 IT TPE-ENT Glut","5158 MOL NN",0
"004 L6 IT CTX Glut","5158 MOL NN",0
"005 L5 IT CTX Glut","5158 MOL NN",0
"006 L4/5 IT CTX Glut","5158 MOL NN",0
"007 L2/3 IT CTX Glut","5158 MOL NN",0
"022 L5 ET CTX Glut","5158 MOL NN",0
"027 L6b CTX Glut","5158 MOL NN",0
"028 L6 CT CTX Glut","5158 MOL NN",0
"030 L5 NP CTX Glut","5158 MOL NN",0
"036 Vip Gaba","5158 MOL NN",0
"037 Sncg Gaba","5158 MOL NN",0
"039 Lamp5 Gaba","5158 MOL NN",0
"041 Pvalb chandelier Gaba","5158 MOL NN",0
"042 Pvalb Gaba","5158 MOL NN",0
"043 Sst Gaba","5158 MOL NN",0
"046 Sst Chodl Gaba","5158 MOL NN",0
"287 Astro-TE NN","5158 MOL NN",0
"294 OPC NN","5158 MOL NN",0
"295 Oligo NN","5158 MOL NN",0.590062111801242
"299 Peri NN","5158 MOL NN",0
"301 Endo NN","5158 MOL NN",0
"302 Microglia NN","5158 MOL NN",0
"001 Car3 Glut","5182 Peri NN",0
"003 L5/6 IT TPE-ENT Glut","5182 Peri NN",0
"004 L6 IT CTX Glut","5182 Peri NN",0
"005 L5 IT CTX Glut","5182 Peri NN",0
"006 L4/5 IT CTX Glut","5182 Peri NN",0
"007 L2/3 IT CTX Glut","5182 Peri NN",0
"022 L5 ET CTX Glut","5182 Peri NN",0
"027 L6b CTX Glut","5182 Peri NN",0
"028 L6 CT CTX Glut","5182 Peri NN",0
"030 L5 NP CTX Glut","5182 Peri NN",0
"036 Vip Gaba","5182 Peri NN",0
"037 Sncg Gaba","5182 Peri NN",0
"039 Lamp5 Gaba","5182 Peri NN",0
"041 Pvalb chandelier Gaba","5182 Peri NN",0
"042 Pvalb Gaba","5182 Peri NN",0
"043 Sst Gaba","5182 Peri NN",0
"046 Sst Chodl Gaba","5182 Peri NN",0
"287 Astro-TE NN","5182 Peri NN",0
"294 OPC NN","5182 Peri NN",0
"295 Oligo NN","5182 Peri NN",0
"299 Peri NN","5182 Peri NN",1
"301 Endo NN","5182 Peri NN",0.0808080808080808
"302 Microglia NN","5182 Peri NN",0
"001 Car3 Glut","5188 Endo NN",0
"003 L5/6 IT TPE-ENT Glut","5188 Endo NN",0
"004 L6 IT CTX Glut","5188 Endo NN",0
"005 L5 IT CTX Glut","5188 Endo NN",0
"006 L4/5 IT CTX Glut","5188 Endo NN",0
"007 L2/3 IT CTX Glut","5188 Endo NN",0
"022 L5 ET CTX Glut","5188 Endo NN",0
"027 L6b CTX Glut","5188 Endo NN",0
"028 L6 CT CTX Glut","5188 Endo NN",0
"030 L5 NP CTX Glut","5188 Endo NN",0
"036 Vip Gaba","5188 Endo NN",0
"037 Sncg Gaba","5188 Endo NN",0
"039 Lamp5 Gaba","5188 Endo NN",0
"041 Pvalb chandelier Gaba","5188 Endo NN",0
"042 Pvalb Gaba","5188 Endo NN",0
"043 Sst Gaba","5188 Endo NN",0
"046 Sst Chodl Gaba","5188 Endo NN",0
"287 Astro-TE NN","5188 Endo NN",0
"294 OPC NN","5188 Endo NN",0
"295 Oligo NN","5188 Endo NN",0
"299 Peri NN","5188 Endo NN",0
"301 Endo NN","5188 Endo NN",0.898989898989899
"302 Microglia NN","5188 Endo NN",0
"001 Car3 Glut","5190 Microglia NN",0
"003 L5/6 IT TPE-ENT Glut","5190 Microglia NN",0
"004 L6 IT CTX Glut","5190 Microglia NN",0
"005 L5 IT CTX Glut","5190 Microglia NN",0
"006 L4/5 IT CTX Glut","5190 Microglia NN",0
"007 L2/3 IT CTX Glut","5190 Microglia NN",0
"022 L5 ET CTX Glut","5190 Microglia NN",0
"027 L6b CTX Glut","5190 Microglia NN",0
"028 L6 CT CTX Glut","5190 Microglia NN",0
"030 L5 NP CTX Glut","5190 Microglia NN",0
"036 Vip Gaba","5190 Microglia NN",0
"037 Sncg Gaba","5190 Microglia NN",0
"039 Lamp5 Gaba","5190 Microglia NN",0
"041 Pvalb chandelier Gaba","5190 Microglia NN",0
"042 Pvalb Gaba","5190 Microglia NN",0
"043 Sst Gaba","5190 Microglia NN",0
"046 Sst Chodl Gaba","5190 Microglia NN",0
"287 Astro-TE NN","5190 Microglia NN",0
"294 OPC NN","5190 Microglia NN",0
"295 Oligo NN","5190 Microglia NN",0
"299 Peri NN","5190 Microglia NN",0
"301 Endo NN","5190 Microglia NN",0
"302 Microglia NN","5190 Microglia NN",0.990196078431373
