"setting","calibration","rho","alpha","model","exact","query","argmax_correct","true_mass","fam_margin","H_family","H_within","eff_leaves","n_true","eff_ratio","category"
0,"raw",0.3,0,"gw_only",0,"001 Car3 Glut",FALSE,0,0.958098485055577,0.143790233056727,NA,9.87380782305593,1,9.87380782305593,"cross_family_failure"
0,"raw",0.3,0,"gw_only",0,"003 L5/6 IT TPE-ENT Glut",FALSE,0,1,0,NA,4.99997941806421,2,2.4999897090321,"cross_family_failure"
0,"raw",0.3,0,"gw_only",0,"004 L6 IT CTX Glut",FALSE,0.0146669662127619,0.958098485055577,0.143790233056727,1.20253770957211e-07,9.87380782305593,11,0.897618893005084,"cross_family_failure"
0,"raw",0.3,0,"gw_only",0,"005 L5 IT CTX Glut",FALSE,0,1,0,NA,4.99987786464526,4,1.24996946616132,"cross_family_failure"
0,"raw",0.3,0,"gw_only",0,"006 L4/5 IT CTX Glut",FALSE,0,0.653406540747983,0.461075280166624,NA,4.9884175164467,13,0.383724424342054,"cross_family_failure"
0,"raw",0.3,0,"gw_only",0,"007 L2/3 IT CTX Glut",FALSE,0,1,0,NA,5.8058027252171,4,1.45145068130427,"cross_family_failure"
0,"raw",0.3,0,"gw_only",0,"022 L5 ET CTX Glut",FALSE,0.152010877559297,0.695978244881406,0.42618135872868,0.693147179789313,5.51300479040882,6,0.918834131734803,"cross_family_failure"
0,"raw",0.3,0,"gw_only",0,"027 L6b CTX Glut",FALSE,0,1,0,NA,9.98169945302388,2,4.99084972651194,"cross_family_failure"
0,"raw",0.3,0,"gw_only",0,"028 L6 CT CTX Glut",FALSE,0,1,0,NA,5.9341149927371,8,0.741764374092137,"cross_family_failure"
0,"raw",0.3,0,"gw_only",0,"030 L5 NP CTX Glut",FALSE,0,1,0,NA,9.98169945302388,4,2.49542486325597,"cross_family_failure"
0,"raw",0.3,0,"gw_only",0,"036 Vip Gaba",FALSE,0,1,0,NA,4.73037239210593,8,0.591296549013242,"cross_family_failure"
0,"raw",0.3,0,"gw_only",0,"037 Sncg Gaba",FALSE,0,0.231154771635242,1.04384146577442,NA,3.99836665950274,3,1.33278888650091,"cross_family_failure"
0,"raw",0.3,0,"gw_only",0,"039 Lamp5 Gaba",FALSE,0,1,0,NA,4.76638221862617,4,1.19159555465654,"cross_family_failure"
0,"raw",0.3,0,"gw_only",0,"041 Pvalb chandelier Gaba",FALSE,0,0.0563077081212726,0.691561062795641,NA,8.78721970016276,1,8.78721970016276,"cross_family_failure"
0,"raw",0.3,0,"gw_only",0,"042 Pvalb Gaba",FALSE,0,1,0,NA,4.70092759194311,8,0.587615948992888,"cross_family_failure"
0,"raw",0.3,0,"gw_only",0,"043 Sst Gaba",FALSE,0,0.0563077081212726,0.691561062795641,NA,8.78721970016276,14,0.627658550011626,"cross_family_failure"
0,"raw",0.3,0,"gw_only",0,"046 Sst Chodl Gaba",FALSE,0,1,0,NA,3.99997749687126,1,3.99997749687126,"cross_family_failure"
0,"raw",0.3,0,"gw_only",0,"287 Astro-TE NN",FALSE,0,0.214995563242086,1.29585137906568,NA,4.92839900312098,1,4.92839900312098,"cross_family_failure"
0,"raw",0.3,0,"gw_only",0,"294 OPC NN",FALSE,0,1,0,NA,3.99993437487491,1,3.99993437487491,"cross_family_failure"
0,"raw",0.3,0,"gw_only",0,"295 Oligo NN",FALSE,0,0.497083654841842,0.563931448211456,NA,4.35126493441092,4,1.08781623360273,"cross_family_failure"
0,"raw",0.3,0,"gw_only",0,"299 Peri NN",FALSE,0,0.211807662885872,0.670545133154162,NA,6.61382328373131,1,6.61382328373131,"cross_family_failure"
0,"raw",0.3,0,"gw_only",0,"301 Endo NN",FALSE,0,1,0,NA,6.57345712951469,1,6.57345712951469,"cross_family_failure"
0,"raw",0.3,0,"gw_only",0,"302 Microglia NN",FALSE,0.238273919820702,0,1.51403193653447,0,4.5450191295136,1,4.5450191295136,"cross_family_failure"
1,"raw",0.3,0.1,"fugw",10,"001 Car3 Glut",FALSE,0.201578839149871,0.40814296014561,0.939180046357313,0,4.99793666775012,1,4.99793666775012,"cross_family_failure"
1,"raw",0.3,0.1,"fugw",10,"003 L5/6 IT TPE-ENT Glut",FALSE,0.201867117496992,0.0494383802350203,1.59297846820346,0,5.72561400971012,2,2.86280700485506,"cross_family_failure"
1,"raw",0.3,0.1,"fugw",10,"004 L6 IT CTX Glut",TRUE,1,1,0,1.6275894863836,5.09158657534962,11,0.462871506849965,"confident_correct"
1,"raw",0.3,0.1,"fugw",10,"005 L5 IT CTX Glut",FALSE,0.361098234091345,0.0744760734765256,1.05370588308192,0.683542642963906,5.21339238202987,4,1.30334809550747,"cross_family_failure"
1,"raw",0.3,0.1,"fugw",10,"006 L4/5 IT CTX Glut",TRUE,1,1,0,1.60942439748806,4.99993242572641,13,0.384610186594339,"confident_correct"
1,"raw",0.3,0.1,"fugw",10,"007 L2/3 IT CTX Glut",TRUE,0.838468227331699,0.676936454663398,0.442201201387545,1.38627901023948,4.97563054697651,4,1.24390763674413,"underconfident_correct"
1,"raw",0.3,0.1,"fugw",10,"022 L5 ET CTX Glut",TRUE,1,1,-2.22044604925031e-16,1.7338308980568,5.66230412192781,6,0.943717353654635,"confident_correct"
1,"raw",0.3,0.1,"fugw",10,"027 L6b CTX Glut",FALSE,0.343000714055553,0.313998571888895,0.643005799561656,0.663780836427632,5.0268606907047,2,2.51343034535235,"cross_family_failure"
1,"raw",0.3,0.1,"fugw",10,"028 L6 CT CTX Glut",TRUE,1,1,2.22044604925031e-16,1.60937187395058,4.99966981848485,8,0.624958727310607,"confident_correct"
1,"raw",0.3,0.1,"fugw",10,"030 L5 NP CTX Glut",TRUE,0.916669270730159,0.833338541460318,0.286829738740236,1.38628634494041,4.74739397942342,4,1.18684849485586,"confident_correct"
1,"raw",0.3,0.1,"fugw",10,"036 Vip Gaba",TRUE,1,1,1.11022302462516e-16,1.41788181711071,4.12836653698099,8,0.516045817122624,"confident_correct"
1,"raw",0.3,0.1,"fugw",10,"037 Sncg Gaba",TRUE,0.761959499576788,0.523918999153576,0.548810708058704,1.09861228109637,3.99845794080741,3,1.33281931360247,"underconfident_correct"
1,"raw",0.3,0.1,"fugw",10,"039 Lamp5 Gaba",TRUE,1,1,0,1.38625932850328,3.99985987198811,4,0.999964967997027,"confident_correct"
1,"raw",0.3,0.1,"fugw",10,"041 Pvalb chandelier Gaba",FALSE,0,1,1.11022302462516e-16,NA,3.99989301520904,1,3.99989301520904,"cross_family_failure"
1,"raw",0.3,0.1,"fugw",10,"042 Pvalb Gaba",TRUE,0.97721096134149,0.954421922682979,0.10870356725698,1.38629155629119,4.32063711488742,8,0.540079639360928,"confident_correct"
1,"raw",0.3,0.1,"fugw",10,"043 Sst Gaba",TRUE,1,1,2.22044604925031e-16,1.60833253371211,4.99447615992014,14,0.356748297137153,"confident_correct"
1,"raw",0.3,0.1,"fugw",10,"046 Sst Chodl Gaba",FALSE,0,1,0,NA,4.96387500724704,1,4.96387500724704,"cross_family_failure"
1,"raw",0.3,0.1,"fugw",10,"287 Astro-TE NN",FALSE,0.249807475664074,0.000514411766531164,1.38623530075129,0,3.99976376550173,1,3.99976376550173,"cross_family_failure"
1,"raw",0.3,0.1,"fugw",10,"294 OPC NN",FALSE,0,0.501343723060124,0.561595824837817,NA,3.99998540083435,1,3.99998540083435,"cross_family_failure"
1,"raw",0.3,0.1,"fugw",10,"295 Oligo NN",TRUE,1,1,1.11022302462516e-16,1.3862926202649,3.99999303658609,4,0.999998259146523,"confident_correct"
1,"raw",0.3,0.1,"fugw",10,"299 Peri NN",FALSE,0,0.409619038164737,0.606733961912034,NA,4.59188982508919,1,4.59188982508919,"cross_family_failure"
1,"raw",0.3,0.1,"fugw",10,"301 Endo NN",FALSE,0,1,0,NA,4.62599681369441,1,4.62599681369441,"cross_family_failure"
1,"raw",0.3,0.1,"fugw",10,"302 Microglia NN",TRUE,0.28701302744822,0.0262088187438155,1.38052483298516,0,3.97698833452005,1,3.97698833452005,"diffuse_correct"
2,"raw",0.3,0.25,"fugw",10,"001 Car3 Glut",FALSE,0.185144147171375,0.361037168014563,1.16499052721341,0,5.84162811811071,1,5.84162811811071,"cross_family_failure"
2,"raw",0.3,0.25,"fugw",10,"003 L5/6 IT TPE-ENT Glut",TRUE,0.369391514631865,0.138835111431355,1.34915584918077,0.693129181859151,6.07756162073374,2,3.03878081036687,"diffuse_correct"
2,"raw",0.3,0.25,"fugw",10,"004 L6 IT CTX Glut",TRUE,1,1,2.22044604925031e-16,1.78958566050479,5.98697131372687,11,0.544270119429715,"confident_correct"
2,"raw",0.3,0.25,"fugw",10,"005 L5 IT CTX Glut",TRUE,0.457989221935584,0.0898008204326605,1.02966822353813,1.05807161695938,5.86759239928996,4,1.46689809982249,"diffuse_correct"
2,"raw",0.3,0.25,"fugw",10,"006 L4/5 IT CTX Glut",TRUE,1,1,0,1.78443768954779,5.95622975549958,13,0.458171519653814,"confident_correct"
2,"raw",0.3,0.25,"fugw",10,"007 L2/3 IT CTX Glut",TRUE,0.808693032910811,0.617386065821622,0.48811254035706,1.38626945719428,4.99870556604997,4,1.24967639151249,"underconfident_correct"
2,"raw",0.3,0.25,"fugw",10,"022 L5 ET CTX Glut",TRUE,1,1,1.11022302462516e-16,1.79175562374296,5.9999769271338,6,0.9999961545223,"confident_correct"
2,"raw",0.3,0.25,"fugw",10,"027 L6b CTX Glut",FALSE,0.369089303764215,0.261821392471569,0.658469213235083,0.684253460438687,4.97336599424536,2,2.48668299712268,"cross_family_failure"
2,"raw",0.3,0.25,"fugw",10,"028 L6 CT CTX Glut",TRUE,1,1,-2.22044604925031e-16,1.60942830998518,4.99995198798593,8,0.624993998498242,"confident_correct"
2,"raw",0.3,0.25,"fugw",10,"030 L5 NP CTX Glut",TRUE,0.948944816338678,0.897889632677357,0.201610524406673,1.38627222649619,4.55901398039193,4,1.13975349509798,"confident_correct"
2,"raw",0.3,0.25,"fugw",10,"036 Vip Gaba",TRUE,1,1,0,1.48768496574131,4.42683537174661,8,0.553354421468326,"confident_correct"
2,"raw",0.3,0.25,"fugw",10,"037 Sncg Gaba",TRUE,0.757291244187518,0.514582488375037,0.55418219347903,1.09861221946539,3.99942902842574,3,1.33314300947524,"underconfident_correct"
2,"raw",0.3,0.25,"fugw",10,"039 Lamp5 Gaba",TRUE,1,1,0,1.38620149965645,3.9996285713922,4,0.99990714284805,"confident_correct"
2,"raw",0.3,0.25,"fugw",10,"041 Pvalb chandelier Gaba",FALSE,0,1,0,NA,3.9997559512963,1,3.9997559512963,"cross_family_failure"
2,"raw",0.3,0.25,"fugw",10,"042 Pvalb Gaba",TRUE,1,1,0,1.38628475728554,3.99996158484707,8,0.499995198105884,"confident_correct"
2,"raw",0.3,0.25,"fugw",10,"043 Sst Gaba",TRUE,1,1,0,1.60912940260559,4.99845768877876,14,0.357032692055626,"confident_correct"
2,"raw",0.3,0.25,"fugw",10,"046 Sst Chodl Gaba",FALSE,0,1,1.11022302462516e-16,NA,4.85537489333456,1,4.85537489333456,"cross_family_failure"
2,"raw",0.3,0.25,"fugw",10,"287 Astro-TE NN",TRUE,0.351702247663284,0.0052879179553888,1.09632919648957,0,2.99315853628229,1,2.99315853628229,"diffuse_correct"
2,"raw",0.3,0.25,"fugw",10,"294 OPC NN",FALSE,0,0.478762463444117,0.573703134809086,NA,3.9887427216902,1,3.9887427216902,"cross_family_failure"
2,"raw",0.3,0.25,"fugw",10,"295 Oligo NN",TRUE,1,1,0,1.18704367422968,3.277377874674,4,0.819344468668501,"confident_correct"
2,"raw",0.3,0.25,"fugw",10,"299 Peri NN",FALSE,0.352796982639428,0.210298606450108,0.899176485407203,0,3.63093633877334,1,3.63093633877334,"cross_family_failure"
2,"raw",0.3,0.25,"fugw",10,"301 Endo NN",FALSE,0.33354612510076,0.33290774979848,0.636661562438529,0,3.99118385689975,1,3.99118385689975,"cross_family_failure"
2,"raw",0.3,0.25,"fugw",10,"302 Microglia NN",TRUE,0.344156975937131,0.109628793421374,1.36220574582259,0,3.90479679897042,1,3.90479679897042,"diffuse_correct"
3,"raw",0.3,0.5,"fugw",10,"001 Car3 Glut",FALSE,0.186876034190733,0.274998443765943,1.2811882374867,0,5.96273227688637,1,5.96273227688637,"cross_family_failure"
3,"raw",0.3,0.5,"fugw",10,"003 L5/6 IT TPE-ENT Glut",TRUE,0.330453256342827,0.00425029184694126,1.33633580162876,0.692979599415901,5.99786445256993,2,2.99893222628496,"diffuse_correct"
3,"raw",0.3,0.5,"fugw",10,"004 L6 IT CTX Glut",TRUE,1,1,0,1.79145938858381,5.9981997862527,11,0.545290889659336,"confident_correct"
3,"raw",0.3,0.5,"fugw",10,"005 L5 IT CTX Glut",FALSE,0.388978181985172,0.0189116387103173,1.05683613676967,0.691904517382903,5.44789969827338,4,1.36197492456835,"cross_family_failure"
3,"raw",0.3,0.5,"fugw",10,"006 L4/5 IT CTX Glut",TRUE,1,1,-2.22044604925031e-16,1.94433720193542,6.98899802519142,13,0.537615232707032,"confident_correct"
3,"raw",0.3,0.5,"fugw",10,"007 L2/3 IT CTX Glut",TRUE,0.81351262456853,0.62702524913706,0.481089346118152,1.38618983712989,4.99667293861408,4,1.24916823465352,"underconfident_correct"
3,"raw",0.3,0.5,"fugw",10,"022 L5 ET CTX Glut",TRUE,1,1,0,1.7917235601252,5.99978454925118,6,0.999964091541864,"confident_correct"
3,"raw",0.3,0.5,"fugw",10,"027 L6b CTX Glut",FALSE,0.410021026812321,0.179957946375359,0.67686619885277,0.6931456642394,4.99722061255264,2,2.49861030627632,"cross_family_failure"
3,"raw",0.3,0.5,"fugw",10,"028 L6 CT CTX Glut",TRUE,1,1,0,1.60936301594584,4.99962553158207,8,0.624953191447759,"confident_correct"
3,"raw",0.3,0.5,"fugw",10,"030 L5 NP CTX Glut",TRUE,1,1,-2.22044604925031e-16,1.38616333006377,3.99947591011228,4,0.999868977528069,"confident_correct"
3,"raw",0.3,0.5,"fugw",10,"036 Vip Gaba",TRUE,1,1,2.22044604925031e-16,1.6323479825075,5.11587260700039,8,0.639484075875049,"confident_correct"
3,"raw",0.3,0.5,"fugw",10,"037 Sncg Gaba",TRUE,0.712596166405704,0.425192332811407,0.599810720187732,1.09861164401237,4.61956203046191,3,1.53985401015397,"underconfident_correct"
3,"raw",0.3,0.5,"fugw",10,"039 Lamp5 Gaba",TRUE,1,1,0,1.38585433534128,3.99824028407414,4,0.999560071018535,"confident_correct"
3,"raw",0.3,0.5,"fugw",10,"041 Pvalb chandelier Gaba",FALSE,0.232087153822733,0.535825692354535,0.541786000073908,0,4.69175045556315,1,4.69175045556315,"cross_family_failure"
3,"raw",0.3,0.5,"fugw",10,"042 Pvalb Gaba",TRUE,1,1,0,1.59958130851509,4.9509590659736,8,0.618869883246699,"confident_correct"
3,"raw",0.3,0.5,"fugw",10,"043 Sst Gaba",TRUE,1,1,1.11022302462516e-16,1.79150020443025,5.99844461285047,14,0.428460329489319,"confident_correct"
3,"raw",0.3,0.5,"fugw",10,"046 Sst Chodl Gaba",FALSE,0,1,0,NA,4.99847740975367,1,4.99847740975367,"cross_family_failure"
3,"raw",0.3,0.5,"fugw",10,"287 Astro-TE NN",TRUE,0.521017155822086,0.0420343116441716,0.692263478541806,0,1.99823337666299,1,1.99823337666299,"underconfident_correct"
3,"raw",0.3,0.5,"fugw",10,"294 OPC NN",FALSE,0,0.267163878257944,0.955277328206377,NA,3.8450306246357,1,3.8450306246357,"cross_family_failure"
3,"raw",0.3,0.5,"fugw",10,"295 Oligo NN",TRUE,1,1,0,1.07760978472067,2.93764953797913,4,0.734412384494781,"confident_correct"
3,"raw",0.3,0.5,"fugw",10,"299 Peri NN",TRUE,0.547508413698321,0.0950168273966422,0.68862626480477,0,2.67262700487908,1,2.67262700487908,"underconfident_correct"
3,"raw",0.3,0.5,"fugw",10,"301 Endo NN",TRUE,0.563853160859994,0.127706321719987,0.684970417354303,0,2.58513985894864,1,2.58513985894864,"underconfident_correct"
3,"raw",0.3,0.5,"fugw",10,"302 Microglia NN",TRUE,0.534633594992312,0.0692671899846246,0.690746286709368,0,1.99520397197974,1,1.99520397197974,"underconfident_correct"
4,"raw",0.3,0.75,"fugw",13,"001 Car3 Glut",TRUE,0.26731677053722,0.00688454247886183,1.38396504379457,0,5.27678129236743,1,5.27678129236743,"diffuse_correct"
4,"raw",0.3,0.75,"fugw",13,"003 L5/6 IT TPE-ENT Glut",TRUE,0.328236734265517,0.0233713815377493,1.34947939353897,0.691530167932464,5.97437751251594,2,2.98718875625797,"diffuse_correct"
4,"raw",0.3,0.75,"fugw",13,"004 L6 IT CTX Glut",TRUE,1,1,0,1.78839939563072,5.97987339079605,11,0.543624853708732,"confident_correct"
4,"raw",0.3,0.75,"fugw",13,"005 L5 IT CTX Glut",TRUE,0.432040292152496,0.00746669283164486,1.00478991767211,0.674676923146209,4.85398158226605,4,1.21349539556651,"diffuse_correct"
4,"raw",0.3,0.75,"fugw",13,"006 L4/5 IT CTX Glut",TRUE,1,1,1.11022302462516e-16,2.17203513393005,8.77612647147102,13,0.675086651651617,"confident_correct"
4,"raw",0.3,0.75,"fugw",13,"007 L2/3 IT CTX Glut",TRUE,0.83366163728977,0.66732327457954,0.450032435807424,1.38545074011691,4.97800679125213,4,1.24450169781303,"underconfident_correct"
4,"raw",0.3,0.75,"fugw",13,"022 L5 ET CTX Glut",TRUE,1,1,-2.22044604925031e-16,1.79141035096177,5.99790565601046,6,0.999650942668409,"confident_correct"
4,"raw",0.3,0.75,"fugw",13,"027 L6b CTX Glut",FALSE,0.468486237645942,0.0630275247081169,0.691159628988074,0.693132491038763,4.88718799426269,2,2.44359399713134,"cross_family_failure"
4,"raw",0.3,0.75,"fugw",13,"028 L6 CT CTX Glut",TRUE,1,1,2.22044604925031e-16,1.72718106159672,5.62477564294703,8,0.703096955368378,"confident_correct"
4,"raw",0.3,0.75,"fugw",13,"030 L5 NP CTX Glut",TRUE,1,1,-2.22044604925031e-16,1.38519788961203,3.9956165175895,4,0.998904129397374,"confident_correct"
4,"raw",0.3,0.75,"fugw",13,"036 Vip Gaba",TRUE,1,1,0,1.7912549989848,5.99697394188281,8,0.749621742735351,"confident_correct"
4,"raw",0.3,0.75,"fugw",13,"037 Sncg Gaba",TRUE,0.626665140532277,0.253330281064554,0.660706723111717,1.09860606156047,4.99096757762759,3,1.6636558592092,"underconfident_correct"
4,"raw",0.3,0.75,"fugw",13,"039 Lamp5 Gaba",TRUE,1,1,0,1.38319801241182,3.9876337601431,4,0.996908440035775,"confident_correct"
4,"raw",0.3,0.75,"fugw",13,"041 Pvalb chandelier Gaba",FALSE,0.267592604262126,0.464814791475748,0.580849660230291,0,3.99112407395387,1,3.99112407395387,"cross_family_failure"
4,"raw",0.3,0.75,"fugw",13,"042 Pvalb Gaba",TRUE,0.999999999543342,0.999999999086685,1.02780318282019e-08,1.60790531799726,4.99234294457712,8,0.62404286807214,"confident_correct"
4,"raw",0.3,0.75,"fugw",13,"043 Sst Gaba",TRUE,1,1,1.11022302462516e-16,2.19446808918407,8.97522576725686,14,0.641087554804061,"confident_correct"
4,"raw",0.3,0.75,"fugw",13,"046 Sst Chodl Gaba",FALSE,0.190228192768956,0.619543614462087,0.48655367737597,0,5.97422041887984,1,5.97422041887984,"cross_family_failure"
4,"raw",0.3,0.75,"fugw",13,"287 Astro-TE NN",TRUE,0.822461191131936,0.644922382263872,0.467640872430324,0,1.5962240516758,1,1.5962240516758,"underconfident_correct"
4,"raw",0.3,0.75,"fugw",13,"294 OPC NN",FALSE,0.322499856005654,0.355000287988692,0.628739438667371,0,2.89932687458625,1,2.89932687458625,"cross_family_failure"
4,"raw",0.3,0.75,"fugw",13,"295 Oligo NN",TRUE,1,1,0,1.02753931203058,2.79418175895284,4,0.69854543973821,"confident_correct"
4,"raw",0.3,0.75,"fugw",13,"299 Peri NN",TRUE,1,1,0,0,1,1,1,"confident_correct"
4,"raw",0.3,0.75,"fugw",13,"301 Endo NN",TRUE,1,1,0,0,1,1,1,"confident_correct"
4,"raw",0.3,0.75,"fugw",13,"302 Microglia NN",TRUE,0.99999187777405,0.9999837555481,0.00010332204234887,0,1.00010332738025,1,1.00010332738025,"confident_correct"
5,"raw",0.3,0.9,"fugw",14,"001 Car3 Glut",TRUE,0.412037550266625,0.150784227042085,1.28279609075793,0,4.23445994331468,1,4.23445994331468,"diffuse_correct"
5,"raw",0.3,0.9,"fugw",14,"003 L5/6 IT TPE-ENT Glut",TRUE,0.30493311854143,0.0445873688548389,1.36863715591492,0.676533320458334,6.19937902539482,2,3.09968951269741,"diffuse_correct"
5,"raw",0.3,0.9,"fugw",14,"004 L6 IT CTX Glut",TRUE,1,1,0,1.74172727248667,5.70719279103581,11,0.518835708275982,"confident_correct"
5,"raw",0.3,0.9,"fugw",14,"005 L5 IT CTX Glut",TRUE,0.473710628669201,0.00279004323310228,0.868794006529237,0.528908998386252,3.92121746571599,4,0.980304366428997,"diffuse_correct"
5,"raw",0.3,0.9,"fugw",14,"006 L4/5 IT CTX Glut",TRUE,1,1,-2.22044604925031e-16,2.08983537361835,8.08358428352769,13,0.621814175655976,"confident_correct"
5,"raw",0.3,0.9,"fugw",14,"007 L2/3 IT CTX Glut",TRUE,0.887701922429844,0.775403844859687,0.351293212807394,1.37740433088921,4.82599863954162,4,1.2064996598854,"underconfident_correct"
5,"raw",0.3,0.9,"fugw",14,"022 L5 ET CTX Glut",TRUE,1,1,0,1.78804764987249,5.97777036558282,6,0.99629506093047,"confident_correct"
5,"raw",0.3,0.9,"fugw",14,"027 L6b CTX Glut",TRUE,0.621162203440042,0.242324406880083,0.663492304251154,0.692992792369017,3.79507812143943,2,1.89753906071971,"underconfident_correct"
5,"raw",0.3,0.9,"fugw",14,"028 L6 CT CTX Glut",TRUE,1,1,0,1.7789004442221,5.92333979405662,8,0.740417474257078,"confident_correct"
5,"raw",0.3,0.9,"fugw",14,"030 L5 NP CTX Glut",TRUE,1,1,0,1.37587094782658,3.95852288889392,4,0.989630722223479,"confident_correct"
5,"raw",0.3,0.9,"fugw",14,"036 Vip Gaba",TRUE,1,1,2.22044604925031e-16,1.94098125450248,6.96558262760774,8,0.870697828450967,"confident_correct"
5,"raw",0.3,0.9,"fugw",14,"037 Sncg Gaba",TRUE,0.793362105867883,0.586724211735765,0.509467928462444,1.09854706078251,3.97893411472641,3,1.32631137157547,"underconfident_correct"
5,"raw",0.3,0.9,"fugw",14,"039 Lamp5 Gaba",TRUE,1,1,1.11022302462516e-16,1.36067914158796,3.89884026743169,4,0.974710066857922,"confident_correct"
5,"raw",0.3,0.9,"fugw",14,"041 Pvalb chandelier Gaba",FALSE,0.362878735136707,0.274242529726586,0.65505655240973,0,3.56493879867099,1,3.56493879867099,"cross_family_failure"
5,"raw",0.3,0.9,"fugw",14,"042 Pvalb Gaba",TRUE,1,1,0,1.7533249470251,5.77376826968908,8,0.721721033711135,"confident_correct"
5,"raw",0.3,0.9,"fugw",14,"043 Sst Gaba",TRUE,1,1,2.22044604925031e-16,2.27936381224841,9.77046258326329,14,0.697890184518806,"confident_correct"
5,"raw",0.3,0.9,"fugw",14,"046 Sst Chodl Gaba",FALSE,0.285927177381783,0.428145645236434,0.598464548222606,0,4.82923144414843,1,4.82923144414843,"cross_family_failure"
5,"raw",0.3,0.9,"fugw",14,"287 Astro-TE NN",TRUE,1,1,0,0,1,1,1,"confident_correct"
5,"raw",0.3,0.9,"fugw",14,"294 OPC NN",TRUE,0.557616667200915,0.11523333440183,0.686493047572606,0,1.98673591346486,1,1.98673591346486,"underconfident_correct"
5,"raw",0.3,0.9,"fugw",14,"295 Oligo NN",TRUE,1,1,0,1.09342999600188,2.98449333673907,4,0.746123334184767,"confident_correct"
5,"raw",0.3,0.9,"fugw",14,"299 Peri NN",TRUE,1,1,0,0,1,1,1,"confident_correct"
5,"raw",0.3,0.9,"fugw",14,"301 Endo NN",TRUE,1,1,0,0,1,1,1,"confident_correct"
5,"raw",0.3,0.9,"fugw",14,"302 Microglia NN",TRUE,1,1,0,0,1,1,1,"confident_correct"
6,"raw",0.3,1,"uot_molecular",10,"001 Car3 Glut",FALSE,0.230410421370899,0.133735664709272,1.35307129798198,0,5.3654096907308,1,5.3654096907308,"cross_family_failure"
6,"raw",0.3,1,"uot_molecular",10,"003 L5/6 IT TPE-ENT Glut",TRUE,0.320297990540918,0.0152071685950864,1.35375713733121,0.692554622872995,6.57380879958251,2,3.28690439979125,"diffuse_correct"
6,"raw",0.3,1,"uot_molecular",10,"004 L6 IT CTX Glut",TRUE,1,1,0,1.79040907559594,5.99190310643447,11,0.544718464221316,"confident_correct"
6,"raw",0.3,1,"uot_molecular",10,"005 L5 IT CTX Glut",FALSE,0.407688814382711,0.0249978745683482,1.02117874588004,0.686236951379521,4.9545877835859,4,1.23864694589648,"cross_family_failure"
6,"raw",0.3,1,"uot_molecular",10,"006 L4/5 IT CTX Glut",TRUE,1,1,0,2.06473930079088,7.88324247466455,13,0.606403267281889,"confident_correct"
6,"raw",0.3,1,"uot_molecular",10,"007 L2/3 IT CTX Glut",TRUE,0.81845292909371,0.636905858187421,0.473731294122208,1.38600400139275,4.9933664860646,4,1.24834162151615,"underconfident_correct"
6,"raw",0.3,1,"uot_molecular",10,"022 L5 ET CTX Glut",TRUE,1,1,0,1.79163172032915,5.99923355556381,6,0.999872259260634,"confident_correct"
6,"raw",0.3,1,"uot_molecular",10,"027 L6b CTX Glut",FALSE,0.446603357472932,0.106793285054137,0.68743388880925,0.693141830427698,4.94822908727868,2,2.47411454363934,"cross_family_failure"
6,"raw",0.3,1,"uot_molecular",10,"028 L6 CT CTX Glut",TRUE,1,1,0,1.71037312718299,5.53102486837465,8,0.691378108546831,"confident_correct"
6,"raw",0.3,1,"uot_molecular",10,"030 L5 NP CTX Glut",TRUE,1,1,0,1.38590948561945,3.99846079421854,4,0.999615198554634,"confident_correct"
6,"raw",0.3,1,"uot_molecular",10,"036 Vip Gaba",TRUE,1,1,0,1.77639856468614,5.90853883427094,8,0.738567354283867,"confident_correct"
6,"raw",0.3,1,"uot_molecular",10,"037 Sncg Gaba",TRUE,0.627800330620094,0.255600661240187,0.660116011463401,1.09861001721124,4.98774311238441,3,1.66258103746147,"underconfident_correct"
6,"raw",0.3,1,"uot_molecular",10,"039 Lamp5 Gaba",TRUE,0.995780502580675,0.99156100516135,0.0272829603095293,1.3853063109904,4.08264055894787,4,1.02066013973697,"confident_correct"
6,"raw",0.3,1,"uot_molecular",10,"041 Pvalb chandelier Gaba",FALSE,0.245580571205884,0.508838857588231,0.557427615498697,0,4.71647412077585,1,4.71647412077585,"cross_family_failure"
6,"raw",0.3,1,"uot_molecular",10,"042 Pvalb Gaba",TRUE,0.90575231627959,0.81150463255918,0.312256786318995,1.60127814723903,5.82773083216417,8,0.728466354020521,"confident_correct"
6,"raw",0.3,1,"uot_molecular",10,"043 Sst Gaba",TRUE,1,1,0,2.09216221338777,8.10241538890425,14,0.578743956350303,"confident_correct"
6,"raw",0.3,1,"uot_molecular",10,"046 Sst Chodl Gaba",FALSE,0.18151073699333,0.636978526013341,0.473676574406597,0,6.1051888392075,1,6.1051888392075,"cross_family_failure"
6,"raw",0.3,1,"uot_molecular",10,"287 Astro-TE NN",TRUE,0.679348701721804,0.358759485170428,0.627952266736898,0,1.87377060958039,1,1.87377060958039,"underconfident_correct"
6,"raw",0.3,1,"uot_molecular",10,"294 OPC NN",FALSE,0.242379277198886,0.280023070362532,1.02313489985573,0,3.03528438632935,1,3.03528438632935,"cross_family_failure"
6,"raw",0.3,1,"uot_molecular",10,"295 Oligo NN",TRUE,1,1,0,0.932781262742507,2.54156812540802,4,0.635392031352005,"confident_correct"
6,"raw",0.3,1,"uot_molecular",10,"299 Peri NN",TRUE,0.856876412542515,0.713905605547695,0.411874770061828,0,1.5805469650885,1,1.5805469650885,"underconfident_correct"
6,"raw",0.3,1,"uot_molecular",10,"301 Endo NN",TRUE,0.745753882252152,0.589503678438187,0.736448632575221,0,2.17199865983259,1,2.17199865983259,"underconfident_correct"
6,"raw",0.3,1,"uot_molecular",10,"302 Microglia NN",TRUE,0.679046819005943,0.358093638011886,0.627585851953326,0,1.8730835384334,1,1.8730835384334,"underconfident_correct"
7,"raw",1,0,"gw_only",1,"001 Car3 Glut",FALSE,0,1,0,NA,8.99999236952796,1,8.99999236952796,"cross_family_failure"
7,"raw",1,0,"gw_only",1,"003 L5/6 IT TPE-ENT Glut",FALSE,0,0.949442731986972,0.117930834640621,NA,5.28055491745985,2,2.64027745872993,"cross_family_failure"
7,"raw",1,0,"gw_only",1,"004 L6 IT CTX Glut",TRUE,1,1,0,2.19722372950563,8.99999236952796,11,0.818181124502542,"confident_correct"
7,"raw",1,0,"gw_only",1,"005 L5 IT CTX Glut",FALSE,0,1,0,NA,5.58930054632365,4,1.39732513658091,"cross_family_failure"
7,"raw",1,0,"gw_only",1,"006 L4/5 IT CTX Glut",FALSE,0,1,0,NA,5.15875176051605,13,0.396827058501234,"cross_family_failure"
7,"raw",1,0,"gw_only",1,"007 L2/3 IT CTX Glut",FALSE,0,1,0,NA,5.58930054632997,4,1.39732513658249,"cross_family_failure"
7,"raw",1,0,"gw_only",1,"022 L5 ET CTX Glut",FALSE,0.349830573356053,0.102090765975406,1.04717869866129,0.69314718055991,5.00123348583582,6,0.83353891430597,"cross_family_failure"
7,"raw",1,0,"gw_only",1,"027 L6b CTX Glut",FALSE,0,0.84752657495596,0.2694804951907,NA,8.93871746205924,2,4.46935873102962,"cross_family_failure"
7,"raw",1,0,"gw_only",1,"028 L6 CT CTX Glut",FALSE,0,0.464655574154849,0.786697226201932,NA,4.70959624598778,8,0.588699530748473,"cross_family_failure"
7,"raw",1,0,"gw_only",1,"030 L5 NP CTX Glut",FALSE,0,0.84752657495596,0.2694804951907,NA,8.93871746205924,4,2.23467936551481,"cross_family_failure"
7,"raw",1,0,"gw_only",1,"036 Vip Gaba",FALSE,0,1,0,NA,5.88783126831497,8,0.735978908539371,"cross_family_failure"
7,"raw",1,0,"gw_only",1,"037 Sncg Gaba",FALSE,0,1,1.11022302462516e-16,NA,5.97260954551523,3,1.99086984850508,"cross_family_failure"
7,"raw",1,0,"gw_only",1,"039 Lamp5 Gaba",FALSE,0,1,0,NA,6.01540512371181,4,1.50385128092795,"cross_family_failure"
7,"raw",1,0,"gw_only",1,"041 Pvalb chandelier Gaba",FALSE,0,0.826973106500552,0.294396118080312,NA,4.76242173086305,1,4.76242173086305,"cross_family_failure"
7,"raw",1,0,"gw_only",1,"042 Pvalb Gaba",FALSE,0,0.44535773483853,0.590405396680007,NA,5.02635627104625,8,0.628294533880782,"cross_family_failure"
7,"raw",1,0,"gw_only",1,"043 Sst Gaba",FALSE,0,0.823362348179425,0.298630847402754,NA,4.77068075088403,14,0.340762910777431,"cross_family_failure"
7,"raw",1,0,"gw_only",1,"046 Sst Chodl Gaba",FALSE,0.224223512486114,0,1.57368983916553,0,4.82441671386646,1,4.82441671386646,"cross_family_failure"
7,"raw",1,0,"gw_only",1,"287 Astro-TE NN",FALSE,0,0.154181332050253,0.681213693541282,NA,4.96522682792782,1,4.96522682792782,"cross_family_failure"
7,"raw",1,0,"gw_only",1,"294 OPC NN",FALSE,0,0.621929030402957,0.484821381496628,NA,4.90845955510852,1,4.90845955510852,"cross_family_failure"
7,"raw",1,0,"gw_only",1,"295 Oligo NN",FALSE,0,1,1.11022302462516e-16,NA,4.79363829528672,4,1.19840957382168,"cross_family_failure"
7,"raw",1,0,"gw_only",1,"299 Peri NN",FALSE,0,0.462385395737531,0.582068943899791,NA,5.593530813972,1,5.593530813972,"cross_family_failure"
7,"raw",1,0,"gw_only",1,"301 Endo NN",FALSE,0,1,1.11022302462516e-16,NA,5.39484567719918,1,5.39484567719918,"cross_family_failure"
7,"raw",1,0,"gw_only",1,"302 Microglia NN",FALSE,0,0.764476551901015,0.362441533133333,NA,4.88164918697696,1,4.88164918697696,"cross_family_failure"
8,"raw",1,0.1,"fugw",9,"001 Car3 Glut",FALSE,1.39575827953532e-09,0.573213063116311,0.518418221321943,0,4.93981902930272,1,4.93981902930272,"cross_family_failure"
8,"raw",1,0.1,"fugw",9,"003 L5/6 IT TPE-ENT Glut",FALSE,0,0.431750155115609,0.59680827817423,NA,5.42682562755748,2,2.71341281377874,"cross_family_failure"
8,"raw",1,0.1,"fugw",9,"004 L6 IT CTX Glut",TRUE,1,1,-2.22044604925031e-16,1.59941234094721,4.95012258513261,11,0.450011144102965,"confident_correct"
8,"raw",1,0.1,"fugw",9,"005 L5 IT CTX Glut",FALSE,0,0.135462019511427,0.683943933104161,NA,5.421485135384,4,1.355371283846,"cross_family_failure"
8,"raw",1,0.1,"fugw",9,"006 L4/5 IT CTX Glut",TRUE,1,1,1.11022302462516e-16,1.70235627261107,5.4868607117173,13,0.422066208593638,"confident_correct"
8,"raw",1,0.1,"fugw",9,"007 L2/3 IT CTX Glut",TRUE,0.856081603063029,0.712163206126058,0.412013240893078,1.38629298725837,4.94705853075049,4,1.23676463268762,"underconfident_correct"
8,"raw",1,0.1,"fugw",9,"022 L5 ET CTX Glut",TRUE,1,1,0,1.60781483458054,4.99189119312475,6,0.831981865520792,"confident_correct"
8,"raw",1,0.1,"fugw",9,"027 L6b CTX Glut",FALSE,0.221822005973175,0.556355988053649,0.529204359404829,0,4.84095636876245,2,2.42047818438123,"cross_family_failure"
8,"raw",1,0.1,"fugw",9,"028 L6 CT CTX Glut",TRUE,1,1,0,1.5841202840296,4.87500087545154,8,0.609375109431443,"confident_correct"
8,"raw",1,0.1,"fugw",9,"030 L5 NP CTX Glut",TRUE,0.910508313129097,0.821016626258193,0.301360191978242,1.38629368413516,4.77741706276935,4,1.19435426569234,"confident_correct"
8,"raw",1,0.1,"fugw",9,"036 Vip Gaba",TRUE,1,1,0,1.55828869484581,4.75068441409938,8,0.593835551762423,"confident_correct"
8,"raw",1,0.1,"fugw",9,"037 Sncg Gaba",FALSE,0.162906273182493,0.674187453635015,0.444457873054239,0,4.9079269185231,3,1.6359756395077,"cross_family_failure"
8,"raw",1,0.1,"fugw",9,"039 Lamp5 Gaba",TRUE,0.935377023633259,0.870754047266519,0.239502724941706,1.38629152688612,4.64693548682346,4,1.16173387170586,"confident_correct"
8,"raw",1,0.1,"fugw",9,"041 Pvalb chandelier Gaba",FALSE,0,1,1.11022302462516e-16,NA,4.79239412786554,1,4.79239412786554,"cross_family_failure"
8,"raw",1,0.1,"fugw",9,"042 Pvalb Gaba",TRUE,0.809342217954122,0.618684435908244,0.487175350851994,1.36422541346156,4.9101307597838,8,0.613766344972975,"underconfident_correct"
8,"raw",1,0.1,"fugw",9,"043 Sst Gaba",TRUE,1,1,0,1.65371424984365,5.2263558125388,14,0.373311129467057,"confident_correct"
8,"raw",1,0.1,"fugw",9,"046 Sst Chodl Gaba",FALSE,0,1,0,NA,4.9000006379041,1,4.9000006379041,"cross_family_failure"
8,"raw",1,0.1,"fugw",9,"287 Astro-TE NN",FALSE,0.239224838908165,0.000141718061956231,1.51161320294234,0,4.53403922315529,1,4.53403922315529,"cross_family_failure"
8,"raw",1,0.1,"fugw",9,"294 OPC NN",FALSE,0.234929867481446,0.00324907289493917,1.58364113701773,0,4.87266559286575,1,4.87266559286575,"cross_family_failure"
8,"raw",1,0.1,"fugw",9,"295 Oligo NN",TRUE,0.992439890430932,0.984879780861865,0.0444616090241758,1.38629421356957,4.13825949020189,4,1.03456487255047,"confident_correct"
8,"raw",1,0.1,"fugw",9,"299 Peri NN",FALSE,0,0.808072475992056,0.316122840216287,NA,4.80348750624165,1,4.80348750624165,"cross_family_failure"
8,"raw",1,0.1,"fugw",9,"301 Endo NN",FALSE,0,0.841314636141136,0.277161030318951,NA,4.72781544464366,1,4.72781544464366,"cross_family_failure"
8,"raw",1,0.1,"fugw",9,"302 Microglia NN",FALSE,0.23196116770289,0.195476455424131,1.24327572853872,0,5.15069257774506,1,5.15069257774506,"cross_family_failure"
9,"raw",1,0.25,"fugw",9,"001 Car3 Glut",FALSE,0.211485694945729,0.418133675740203,0.912139877240057,0,4.97190860594366,1,4.97190860594366,"cross_family_failure"
9,"raw",1,0.25,"fugw",9,"003 L5/6 IT TPE-ENT Glut",TRUE,0.40623863946392,0.202791325965751,1.32739351124818,0.693145655256335,4.99769126696768,2,2.49884563348384,"diffuse_correct"
9,"raw",1,0.25,"fugw",9,"004 L6 IT CTX Glut",TRUE,1,1,0,1.60943637547091,4.99999231518997,11,0.454544755926361,"confident_correct"
9,"raw",1,0.25,"fugw",9,"005 L5 IT CTX Glut",TRUE,0.42543161710359,0.0802026211461911,1.06847720553054,0.693137016539234,5.20174961310499,4,1.30043740327625,"diffuse_correct"
9,"raw",1,0.25,"fugw",9,"006 L4/5 IT CTX Glut",TRUE,1,1,1.11022302462516e-16,1.67596645355822,5.34395734074903,13,0.411073641596079,"confident_correct"
9,"raw",1,0.25,"fugw",9,"007 L2/3 IT CTX Glut",TRUE,0.820960378968356,0.641920757936712,0.469934089806777,1.3862921902153,4.99294068415308,4,1.24823517103827,"underconfident_correct"
9,"raw",1,0.25,"fugw",9,"022 L5 ET CTX Glut",TRUE,1,1,1.11022302462516e-16,1.60943704447258,4.99999566019428,6,0.83333261003238,"confident_correct"
9,"raw",1,0.25,"fugw",9,"027 L6b CTX Glut",FALSE,0.294152940458174,0.411694119083652,0.605828394640262,0.575169536683629,5.36147678993024,2,2.68073839496512,"cross_family_failure"
9,"raw",1,0.25,"fugw",9,"028 L6 CT CTX Glut",TRUE,1,1,0,1.60394729025272,4.97262211867425,8,0.621577764834281,"confident_correct"
9,"raw",1,0.25,"fugw",9,"030 L5 NP CTX Glut",TRUE,0.893990514898774,0.787981029797549,0.338089996291768,1.38629252903979,4.84245763716897,4,1.21061440929224,"underconfident_correct"
9,"raw",1,0.25,"fugw",9,"036 Vip Gaba",TRUE,1,1,1.11022302462516e-16,1.47058372831072,4.35177465386521,8,0.543971831733151,"confident_correct"
9,"raw",1,0.25,"fugw",9,"037 Sncg Gaba",TRUE,0.747082607802816,0.494165215605631,0.565517589524219,1.09861228283183,4.12593609585138,3,1.37531203195046,"underconfident_correct"
9,"raw",1,0.25,"fugw",9,"039 Lamp5 Gaba",TRUE,1,1,0,1.38628651169981,3.99996860244289,4,0.999992150610722,"confident_correct"
9,"raw",1,0.25,"fugw",9,"041 Pvalb chandelier Gaba",FALSE,0.179813334282932,0.640373331434137,0.471110318651268,0,4.91300092482992,1,4.91300092482992,"cross_family_failure"
9,"raw",1,0.25,"fugw",9,"042 Pvalb Gaba",TRUE,1,1,-2.22044604925031e-16,1.56373415788631,4.77662465470357,8,0.597078081837946,"confident_correct"
9,"raw",1,0.25,"fugw",9,"043 Sst Gaba",TRUE,1,1,0,1.59348725754661,4.92087941563392,14,0.351491386830994,"confident_correct"
9,"raw",1,0.25,"fugw",9,"046 Sst Chodl Gaba",FALSE,0,1,0,NA,4.88712435848857,1,4.88712435848857,"cross_family_failure"
9,"raw",1,0.25,"fugw",9,"287 Astro-TE NN",TRUE,0.256092703764065,0.0012460981212486,1.38570740006136,0,3.99765284467764,1,3.99765284467764,"diffuse_correct"
9,"raw",1,0.25,"fugw",9,"294 OPC NN",FALSE,0,0.463994612530544,0.710756850444021,NA,4.44828734189295,1,4.44828734189295,"cross_family_failure"
9,"raw",1,0.25,"fugw",9,"295 Oligo NN",TRUE,1,1,0,1.38629415007564,3.9999991558231,4,0.999999788955774,"confident_correct"
9,"raw",1,0.25,"fugw",9,"299 Peri NN",FALSE,0,0.545077999093644,0.53619019240945,NA,5.11525596514046,1,5.11525596514046,"cross_family_failure"
9,"raw",1,0.25,"fugw",9,"301 Endo NN",FALSE,0.257319265238271,0.177278708106687,1.25082028145476,0,5.40154117409858,1,5.40154117409858,"cross_family_failure"
9,"raw",1,0.25,"fugw",9,"302 Microglia NN",FALSE,0.25403267321876,0.218101672050397,1.18406856626074,0,4.53274104260458,1,4.53274104260458,"cross_family_failure"
10,"raw",1,0.5,"fugw",10,"001 Car3 Glut",FALSE,0.201047317597614,0.203244320038131,1.32914129458569,0,5.78145150367317,1,5.78145150367317,"cross_family_failure"
10,"raw",1,0.5,"fugw",10,"003 L5/6 IT TPE-ENT Glut",TRUE,0.366496068366301,0.102589555642326,1.34349686913125,0.693133258989345,5.82180305205073,2,2.91090152602536,"diffuse_correct"
10,"raw",1,0.5,"fugw",10,"004 L6 IT CTX Glut",TRUE,1,1,0,1.77254565838908,5.88581758731555,11,0.535074326119595,"confident_correct"
10,"raw",1,0.5,"fugw",10,"005 L5 IT CTX Glut",FALSE,0.401216490497757,0.0047968804710784,1.04972970502176,0.6929889579492,4.99872763168964,4,1.24968190792241,"cross_family_failure"
10,"raw",1,0.5,"fugw",10,"006 L4/5 IT CTX Glut",TRUE,1,1,1.11022302462516e-16,1.74967696223702,5.75274402225427,13,0.442518770942636,"confident_correct"
10,"raw",1,0.5,"fugw",10,"007 L2/3 IT CTX Glut",TRUE,0.803509394215703,0.608972892599118,0.506452822032441,1.38628565844804,5.05484086700778,4,1.26371021675194,"underconfident_correct"
10,"raw",1,0.5,"fugw",10,"022 L5 ET CTX Glut",TRUE,1,1,-2.22044604925031e-16,1.79175648577275,5.99998209929484,6,0.999997016549141,"confident_correct"
10,"raw",1,0.5,"fugw",10,"027 L6b CTX Glut",FALSE,0.359212658645355,0.281574682709289,0.652963841095552,0.672686247543119,4.94584014143522,2,2.47292007071761,"cross_family_failure"
10,"raw",1,0.5,"fugw",10,"028 L6 CT CTX Glut",TRUE,1,1,0,1.60943165087659,4.99996869231049,8,0.624996086538811,"confident_correct"
10,"raw",1,0.5,"fugw",10,"030 L5 NP CTX Glut",TRUE,0.925337642701603,0.850675285403207,0.265535378833885,1.38628352664496,4.70354137718067,4,1.17588534429517,"confident_correct"
10,"raw",1,0.5,"fugw",10,"036 Vip Gaba",TRUE,1,1,0,1.4927095807965,4.44913449073181,8,0.556141811341477,"confident_correct"
10,"raw",1,0.5,"fugw",10,"037 Sncg Gaba",TRUE,0.747483687984375,0.49496737596875,0.565082748597817,1.09861223526952,4.13389623686424,3,1.37796541228808,"underconfident_correct"
10,"raw",1,0.5,"fugw",10,"039 Lamp5 Gaba",TRUE,1,1,0,1.38625754155513,3.99985272445229,4,0.999963181113072,"confident_correct"
10,"raw",1,0.5,"fugw",10,"041 Pvalb chandelier Gaba",FALSE,0.240281866925523,0.519436266148954,0.55140461258712,0,4.47908419405554,1,4.47908419405554,"cross_family_failure"
10,"raw",1,0.5,"fugw",10,"042 Pvalb Gaba",TRUE,1,1,2.22044604925031e-16,1.57358944448671,4.82393239241199,8,0.602991549051499,"confident_correct"
10,"raw",1,0.5,"fugw",10,"043 Sst Gaba",TRUE,1,1,2.22044604925031e-16,1.59454768624073,4.92610042513145,14,0.351864316080818,"confident_correct"
10,"raw",1,0.5,"fugw",10,"046 Sst Chodl Gaba",FALSE,0,1,0,NA,4.76393139351061,1,4.76393139351061,"cross_family_failure"
10,"raw",1,0.5,"fugw",10,"287 Astro-TE NN",TRUE,0.308215288377449,0.00621869338638842,1.34150160035426,0,3.8247824901994,1,3.8247824901994,"diffuse_correct"
10,"raw",1,0.5,"fugw",10,"294 OPC NN",FALSE,0,0.47518284806176,0.575561165906222,NA,3.98347352350317,1,3.98347352350317,"cross_family_failure"
10,"raw",1,0.5,"fugw",10,"295 Oligo NN",TRUE,1,1,0,1.35818527796773,3.88912920559261,4,0.972282301398152,"confident_correct"
10,"raw",1,0.5,"fugw",10,"299 Peri NN",FALSE,0.316802530618745,0.0454535059897204,1.31812250369073,0,5.27631476282959,1,5.27631476282959,"cross_family_failure"
10,"raw",1,0.5,"fugw",10,"301 Endo NN",FALSE,0.312466140153243,0.375067719693514,0.621059674841603,0,4.0428300663035,1,4.0428300663035,"cross_family_failure"
10,"raw",1,0.5,"fugw",10,"302 Microglia NN",TRUE,0.316361174914507,0.0736430901741314,1.37278868878121,0,3.94634048022769,1,3.94634048022769,"diffuse_correct"
11,"raw",1,0.75,"fugw",10,"001 Car3 Glut",FALSE,0.191718681442056,0.25521334075994,1.29487907646268,0,5.91419372716071,1,5.91419372716071,"cross_family_failure"
11,"raw",1,0.75,"fugw",10,"003 L5/6 IT TPE-ENT Glut",TRUE,0.324637862395263,0.00650035274346378,1.34450051654979,0.693017520142068,6.41040772007407,2,3.20520386003703,"diffuse_correct"
11,"raw",1,0.75,"fugw",10,"004 L6 IT CTX Glut",TRUE,1,1,0,1.79149866647565,5.99843538752203,11,0.545312307956548,"confident_correct"
11,"raw",1,0.75,"fugw",10,"005 L5 IT CTX Glut",FALSE,0.380294909620155,0.0134518923487566,1.07075432098274,0.69164257389018,5.65625409936459,4,1.41406352484115,"cross_family_failure"
11,"raw",1,0.75,"fugw",10,"006 L4/5 IT CTX Glut",TRUE,1,1,0,1.94155464230504,6.96957775299282,13,0.536121365614832,"confident_correct"
11,"raw",1,0.75,"fugw",10,"007 L2/3 IT CTX Glut",TRUE,0.809833879985376,0.619667759970751,0.48646375073818,1.38622766468221,4.99820020552531,4,1.24955005138133,"underconfident_correct"
11,"raw",1,0.75,"fugw",10,"022 L5 ET CTX Glut",TRUE,1,1,0,1.79173162887978,5.99983296023558,6,0.999972160039263,"confident_correct"
11,"raw",1,0.75,"fugw",10,"027 L6b CTX Glut",FALSE,0.417051888412967,0.165896223174065,0.679322577169596,0.693146027657805,4.99343910847937,2,2.49671955423969,"cross_family_failure"
11,"raw",1,0.75,"fugw",10,"028 L6 CT CTX Glut",TRUE,1,1,0,1.65389951190024,5.22732414766017,8,0.653415518457521,"confident_correct"
11,"raw",1,0.75,"fugw",10,"030 L5 NP CTX Glut",TRUE,0.99999458337294,0.999989166745879,7.10988338950812e-05,1.38620504495052,3.99989709775872,4,0.999974274439679,"confident_correct"
11,"raw",1,0.75,"fugw",10,"036 Vip Gaba",TRUE,1,1,0,1.59444838260439,4.92561126973412,8,0.615701408716765,"confident_correct"
11,"raw",1,0.75,"fugw",10,"037 Sncg Gaba",TRUE,0.694077797920255,0.388155595840509,0.615798975247456,1.0986117911373,4.73374580151867,3,1.57791526717289,"underconfident_correct"
11,"raw",1,0.75,"fugw",10,"039 Lamp5 Gaba",TRUE,1,1,0,1.38603743082235,3.9989724108249,4,0.999743102706225,"confident_correct"
11,"raw",1,0.75,"fugw",10,"041 Pvalb chandelier Gaba",FALSE,0.249292706117004,0.501414587765991,0.561556767988113,0,4.31454124003393,1,4.31454124003393,"cross_family_failure"
11,"raw",1,0.75,"fugw",10,"042 Pvalb Gaba",TRUE,1,1,0,1.58694070044862,4.8887698159089,8,0.611096226988613,"confident_correct"
11,"raw",1,0.75,"fugw",10,"043 Sst Gaba",TRUE,1,1,0,1.78118262003344,5.93687333394172,14,0.424062380995837,"confident_correct"
11,"raw",1,0.75,"fugw",10,"046 Sst Chodl Gaba",FALSE,0,1,0,NA,4.9988148311253,1,4.9988148311253,"cross_family_failure"
11,"raw",1,0.75,"fugw",10,"287 Astro-TE NN",TRUE,0.463270474238762,0.0291025596515597,0.952260157205948,0,2.59156037891726,1,2.59156037891726,"diffuse_correct"
11,"raw",1,0.75,"fugw",10,"294 OPC NN",FALSE,0,0.291175957562971,0.934047895829654,NA,3.81190948551897,1,3.81190948551897,"cross_family_failure"
11,"raw",1,0.75,"fugw",10,"295 Oligo NN",TRUE,1,1,1.11022302462516e-16,1.07986991520314,2.94429651793823,4,0.736074129484557,"confident_correct"
11,"raw",1,0.75,"fugw",10,"299 Peri NN",TRUE,0.488977889627029,0.118125656017973,0.993120645330275,0,3.45508806057822,1,3.45508806057822,"diffuse_correct"
11,"raw",1,0.75,"fugw",10,"301 Endo NN",FALSE,0.493837826407811,0.0123243471843784,0.693071233870532,0,3.06929282517823,1,3.06929282517823,"cross_family_failure"
11,"raw",1,0.75,"fugw",10,"302 Microglia NN",TRUE,0.487572642684178,0.0448427114318171,0.896611004716136,0,2.45128163649679,1,2.45128163649679,"diffuse_correct"
12,"raw",1,0.9,"fugw",12,"001 Car3 Glut",FALSE,0.253063724388813,0.0523407618659636,1.37686196400735,0,5.25862675955013,1,5.25862675955013,"cross_family_failure"
12,"raw",1,0.9,"fugw",12,"003 L5/6 IT TPE-ENT Glut",TRUE,0.32790773860024,0.0168420960588475,1.34648998051474,0.691894098666237,6.1408423877427,2,3.07042119387135,"diffuse_correct"
12,"raw",1,0.9,"fugw",12,"004 L6 IT CTX Glut",TRUE,1,1,0,1.78866365400937,5.98145383125592,11,0.543768530114175,"confident_correct"
12,"raw",1,0.9,"fugw",12,"005 L5 IT CTX Glut",FALSE,0.419450469741469,0.0147143693991983,1.00794058644286,0.678685800473695,4.90283538992182,4,1.22570884748045,"cross_family_failure"
12,"raw",1,0.9,"fugw",12,"006 L4/5 IT CTX Glut",TRUE,1,1,1.11022302462516e-16,2.12806412237706,8.39859241678055,13,0.646045570521581,"confident_correct"
12,"raw",1,0.9,"fugw",12,"007 L2/3 IT CTX Glut",TRUE,0.827561090054324,0.655122180108648,0.459732416436489,1.38566705836142,4.98511542548508,4,1.24627885637127,"underconfident_correct"
12,"raw",1,0.9,"fugw",12,"022 L5 ET CTX Glut",TRUE,1,1,0,1.79148880903842,5.9983762586132,6,0.999729376435534,"confident_correct"
12,"raw",1,0.9,"fugw",12,"027 L6b CTX Glut",FALSE,0.465969673826686,0.0680606523466274,0.69082926289266,0.693135842996028,4.89465060101157,2,2.44732530050578,"cross_family_failure"
12,"raw",1,0.9,"fugw",12,"028 L6 CT CTX Glut",TRUE,1,1,0,1.72989190198138,5.64004419787194,8,0.705005524733993,"confident_correct"
12,"raw",1,0.9,"fugw",12,"030 L5 NP CTX Glut",TRUE,1,1,3.33066907387547e-16,1.38547229120113,3.99671307155257,4,0.999178267888143,"confident_correct"
12,"raw",1,0.9,"fugw",12,"036 Vip Gaba",TRUE,1,1,0,1.79140022090555,5.99784489719668,8,0.749730612149585,"confident_correct"
12,"raw",1,0.9,"fugw",12,"037 Sncg Gaba",TRUE,0.622995126030212,0.245990252060423,0.662578810260596,1.09860747848483,4.99330407436541,3,1.66443469145514,"underconfident_correct"
12,"raw",1,0.9,"fugw",12,"039 Lamp5 Gaba",TRUE,1,1,0,1.38411944997673,3.99130980904947,4,0.997827452262366,"confident_correct"
12,"raw",1,0.9,"fugw",12,"041 Pvalb chandelier Gaba",FALSE,0.261735140683638,0.476529718632724,0.57486400687166,0,4.36835703063254,1,4.36835703063254,"cross_family_failure"
12,"raw",1,0.9,"fugw",12,"042 Pvalb Gaba",TRUE,0.909480639012509,0.818961278025018,0.303737790926113,1.60827832516246,5.84996565218311,8,0.731245706522888,"confident_correct"
12,"raw",1,0.9,"fugw",12,"043 Sst Gaba",TRUE,1,1,0,2.16426079122379,8.70816238700484,14,0.622011599071774,"confident_correct"
12,"raw",1,0.9,"fugw",12,"046 Sst Chodl Gaba",FALSE,0.188061417708079,0.623877164583843,0.483399759097162,0,5.97848909469476,1,5.97848909469476,"cross_family_failure"
12,"raw",1,0.9,"fugw",12,"287 Astro-TE NN",TRUE,0.790131600256725,0.58026320051345,0.513782257888512,0,1.67160168212673,1,1.67160168212673,"underconfident_correct"
12,"raw",1,0.9,"fugw",12,"294 OPC NN",FALSE,0.346808393680978,0.306383212638044,0.645448490359168,0,2.74852111504871,1,2.74852111504871,"cross_family_failure"
12,"raw",1,0.9,"fugw",12,"295 Oligo NN",TRUE,1,1,0,1.06483459971041,2.90035922412892,4,0.725089806032231,"confident_correct"
12,"raw",1,0.9,"fugw",12,"299 Peri NN",TRUE,1,1,0,0,1,1,1,"confident_correct"
12,"raw",1,0.9,"fugw",12,"301 Endo NN",TRUE,0.943215139672601,0.886430279345203,0.218027735979846,0,1.24362156020325,1,1.24362156020325,"confident_correct"
12,"raw",1,0.9,"fugw",12,"302 Microglia NN",TRUE,0.805469834133332,0.610939668266663,0.492725477288094,0,1.6367711288587,1,1.6367711288587,"underconfident_correct"
13,"raw",1,1,"uot_molecular",9,"001 Car3 Glut",FALSE,0.194973158330691,0.234180459353086,1.31012500186963,0,5.81645811294915,1,5.81645811294915,"cross_family_failure"
13,"raw",1,1,"uot_molecular",9,"003 L5/6 IT TPE-ENT Glut",TRUE,0.332560707820553,0.00431212554007332,1.33361160110943,0.693094728929461,6.28462230784377,2,3.14231115392188,"diffuse_correct"
13,"raw",1,1,"uot_molecular",9,"004 L6 IT CTX Glut",TRUE,0.999970488835705,0.99994097767141,0.000337334067225736,1.83517996403127,6.26803645045205,11,0.569821495495641,"confident_correct"
13,"raw",1,1,"uot_molecular",9,"005 L5 IT CTX Glut",FALSE,0.383180547082162,0.00670229322534688,1.07136589187642,0.692763912665807,5.64782459870762,4,1.4119561496769,"cross_family_failure"
13,"raw",1,1,"uot_molecular",9,"006 L4/5 IT CTX Glut",TRUE,1,1,2.22044604925031e-16,1.91491204926488,6.78634190699173,13,0.522026300537825,"confident_correct"
13,"raw",1,1,"uot_molecular",9,"007 L2/3 IT CTX Glut",TRUE,0.791443438994255,0.599530468534571,0.570077082589984,1.38626849714311,5.33119142422258,4,1.33279785605564,"underconfident_correct"
13,"raw",1,1,"uot_molecular",9,"022 L5 ET CTX Glut",TRUE,1,1,0,1.79174800983335,5.99993124402572,6,0.999988540670953,"confident_correct"
13,"raw",1,1,"uot_molecular",9,"027 L6b CTX Glut",FALSE,0.380306173272108,0.239387653455784,0.664213814223497,0.685352626028509,4.98061959113418,2,2.49030979556709,"cross_family_failure"
13,"raw",1,1,"uot_molecular",9,"028 L6 CT CTX Glut",TRUE,0.999999995963036,0.999999991926071,8.20624937019698e-08,1.61040215129082,5.00482389759359,8,0.625602987199198,"confident_correct"
13,"raw",1,1,"uot_molecular",9,"030 L5 NP CTX Glut",TRUE,0.948850270479064,0.897717735933846,0.202041452847922,1.38625937140229,4.56802966273702,4,1.14200741568425,"confident_correct"
13,"raw",1,1,"uot_molecular",9,"036 Vip Gaba",TRUE,0.999999999639364,0.999999999379114,8.41527690501708e-09,1.56887804308767,4.80125840343921,8,0.600157300429901,"confident_correct"
13,"raw",1,1,"uot_molecular",9,"037 Sncg Gaba",TRUE,0.667371905646794,0.334746506261309,0.636058503549788,1.09525939654132,4.93993342690397,3,1.64664447563466,"underconfident_correct"
13,"raw",1,1,"uot_molecular",9,"039 Lamp5 Gaba",TRUE,0.996074122214438,0.992153512772779,0.0257082810343872,1.38620294603687,4.08152184432605,4,1.02038046108151,"confident_correct"
13,"raw",1,1,"uot_molecular",9,"041 Pvalb chandelier Gaba",FALSE,0.253474942259693,0.493050115480613,0.566120656953461,0,4.1782190726812,1,4.1782190726812,"cross_family_failure"
13,"raw",1,1,"uot_molecular",9,"042 Pvalb Gaba",TRUE,0.822679191938863,0.645358383877725,0.467306489975785,1.51021110311167,5.92797140971997,8,0.740996426214997,"underconfident_correct"
13,"raw",1,1,"uot_molecular",9,"043 Sst Gaba",TRUE,1,1,0,1.86669094558384,6.46686175719068,14,0.461918696942192,"confident_correct"
13,"raw",1,1,"uot_molecular",9,"046 Sst Chodl Gaba",FALSE,0.00258442418153959,0.994831151636921,0.0179797336455235,0,4.96594873661384,1,4.96594873661384,"cross_family_failure"
13,"raw",1,1,"uot_molecular",9,"287 Astro-TE NN",TRUE,0.363530742347427,0.0149767691909313,1.36342424230048,0,4.02477096760173,1,4.02477096760173,"diffuse_correct"
13,"raw",1,1,"uot_molecular",9,"294 OPC NN",FALSE,0.0010188266751526,0.337592017389943,0.91184991750103,0,4.41155748814262,1,4.41155748814262,"cross_family_failure"
13,"raw",1,1,"uot_molecular",9,"295 Oligo NN",TRUE,0.999999998070988,0.999999996141976,4.06370684142774e-08,1.33788232651329,3.8109647228939,4,0.952741180723475,"confident_correct"
13,"raw",1,1,"uot_molecular",9,"299 Peri NN",TRUE,0.380020422186473,0.092636023355891,1.25561768693823,0,4.62865955585339,1,4.62865955585339,"diffuse_correct"
13,"raw",1,1,"uot_molecular",9,"301 Endo NN",FALSE,0.381095141880384,0.0419544840828245,1.1575353346603,0,5.4441550371747,1,5.4441550371747,"cross_family_failure"
13,"raw",1,1,"uot_molecular",9,"302 Microglia NN",TRUE,0.371082514030093,0.115411873431035,1.41959216333463,0,4.55581266398633,1,4.55581266398633,"diffuse_correct"
14,"raw",3,0,"gw_only",0,"001 Car3 Glut",FALSE,0,1,3.33066907387547e-16,NA,9,1,9,"cross_family_failure"
14,"raw",3,0,"gw_only",0,"003 L5/6 IT TPE-ENT Glut",FALSE,0,1,1.11022302462516e-16,NA,4.82356405150729,2,2.41178202575365,"cross_family_failure"
14,"raw",3,0,"gw_only",0,"004 L6 IT CTX Glut",FALSE,0,1,3.33066907387547e-16,NA,9,11,0.818181818181818,"cross_family_failure"
14,"raw",3,0,"gw_only",0,"005 L5 IT CTX Glut",FALSE,0,0.121716130565514,1.03170209956786,NA,5.22888550555852,4,1.30722137638963,"cross_family_failure"
14,"raw",3,0,"gw_only",0,"006 L4/5 IT CTX Glut",FALSE,0,1,0,NA,4.8324893239747,13,0.371729947998054,"cross_family_failure"
14,"raw",3,0,"gw_only",0,"007 L2/3 IT CTX Glut",FALSE,0,1,0,NA,4.83218966056936,4,1.20804741514234,"cross_family_failure"
14,"raw",3,0,"gw_only",0,"022 L5 ET CTX Glut",FALSE,0,0.890481247258489,0.287158872744895,NA,5.64584292693052,6,0.940973821155086,"cross_family_failure"
14,"raw",3,0,"gw_only",0,"027 L6b CTX Glut",FALSE,0,1,-2.22044604925031e-16,NA,9.47776567862344,2,4.73888283931172,"cross_family_failure"
14,"raw",3,0,"gw_only",0,"028 L6 CT CTX Glut",FALSE,0,1,0,NA,4.91160268238816,8,0.61395033529852,"cross_family_failure"
14,"raw",3,0,"gw_only",0,"030 L5 NP CTX Glut",FALSE,0,1,-2.22044604925031e-16,NA,9.47776567862344,4,2.36944141965586,"cross_family_failure"
14,"raw",3,0,"gw_only",0,"036 Vip Gaba",FALSE,0,0.799988436716384,0.325095676771222,NA,4.81989653346921,8,0.602487066683651,"cross_family_failure"
14,"raw",3,0,"gw_only",0,"037 Sncg Gaba",TRUE,0.675744917427031,0.451221154189532,0.830147070322842,1.09861228866811,4.81881834136416,3,1.60627278045472,"underconfident_correct"
14,"raw",3,0,"gw_only",0,"039 Lamp5 Gaba",FALSE,0,0.798866512915482,0.326326454784779,NA,4.82208142044268,4,1.20552035511067,"cross_family_failure"
14,"raw",3,0,"gw_only",0,"041 Pvalb chandelier Gaba",FALSE,0.205934852910857,0.588130294178285,0.508520610078538,0,4.8890087763532,1,4.8890087763532,"cross_family_failure"
14,"raw",3,0,"gw_only",0,"042 Pvalb Gaba",FALSE,0,0.479849124630268,0.809223484552556,NA,5.32474431283757,8,0.665593039104696,"cross_family_failure"
14,"raw",3,0,"gw_only",0,"043 Sst Gaba",FALSE,0,1,0,NA,4.83059674725294,14,0.345042624803781,"cross_family_failure"
14,"raw",3,0,"gw_only",0,"046 Sst Chodl Gaba",FALSE,0,0.77354734640301,0.353208037452205,NA,4.86729012328486,1,4.86729012328486,"cross_family_failure"
14,"raw",3,0,"gw_only",0,"287 Astro-TE NN",FALSE,0,0.76932183662546,0.357534402930604,NA,4.87409674851868,1,4.87409674851868,"cross_family_failure"
14,"raw",3,0,"gw_only",0,"294 OPC NN",FALSE,0,0.548111092974096,0.534329350394552,NA,4.97658088420761,1,4.97658088420761,"cross_family_failure"
14,"raw",3,0,"gw_only",0,"295 Oligo NN",FALSE,0,1,-2.22044604925031e-16,NA,4.86446603330806,4,1.21611650832702,"cross_family_failure"
14,"raw",3,0,"gw_only",0,"299 Peri NN",FALSE,0,0.61026421958221,0.493204965233694,NA,4.90297311850157,1,4.90297311850157,"cross_family_failure"
14,"raw",3,0,"gw_only",0,"301 Endo NN",FALSE,0,1,0,NA,4.80860865719112,1,4.80860865719112,"cross_family_failure"
14,"raw",3,0,"gw_only",0,"302 Microglia NN",FALSE,0,0,1.73220804529669,NA,5.65312248828977,1,5.65312248828977,"cross_family_failure"
15,"raw",3,0.1,"fugw",8,"001 Car3 Glut",FALSE,0,0.320724958834856,0.640794754567734,NA,4.88811998356112,1,4.88811998356112,"cross_family_failure"
15,"raw",3,0.1,"fugw",8,"003 L5/6 IT TPE-ENT Glut",FALSE,0,0.560660500813861,0.526489656692863,NA,4.88972195247627,2,2.44486097623813,"cross_family_failure"
15,"raw",3,0.1,"fugw",8,"004 L6 IT CTX Glut",TRUE,1,1,0,1.64618150855689,5.18713493215923,11,0.471557721105385,"confident_correct"
15,"raw",3,0.1,"fugw",8,"005 L5 IT CTX Glut",FALSE,0,0.404613047343924,0.608897304048921,NA,5.27524886121568,4,1.31881221530392,"cross_family_failure"
15,"raw",3,0.1,"fugw",8,"006 L4/5 IT CTX Glut",TRUE,1,1,0,1.58809854605735,4.89443353479565,13,0.376494887291973,"confident_correct"
15,"raw",3,0.1,"fugw",8,"007 L2/3 IT CTX Glut",TRUE,0.723707397138502,0.447414794277004,0.589417641201856,1.2949925833909,5.2879014462934,4,1.32197536157335,"underconfident_correct"
15,"raw",3,0.1,"fugw",8,"022 L5 ET CTX Glut",TRUE,1,1,1.11022302462516e-16,1.58575886432274,4.88299550394671,6,0.813832583991118,"confident_correct"
15,"raw",3,0.1,"fugw",8,"027 L6b CTX Glut",FALSE,0.214275469640827,0.571449060718345,0.519566528126054,0,4.87006870278983,2,2.43503435139492,"cross_family_failure"
15,"raw",3,0.1,"fugw",8,"028 L6 CT CTX Glut",TRUE,1,1,0,1.5793427223372,4.85176580570337,8,0.606470725712921,"confident_correct"
15,"raw",3,0.1,"fugw",8,"030 L5 NP CTX Glut",TRUE,0.900926166270087,0.801852332540174,0.323043199494551,1.38629428768117,4.9611158946667,4,1.24027897366668,"confident_correct"
15,"raw",3,0.1,"fugw",8,"036 Vip Gaba",TRUE,1,1,0,1.58026314743221,4.85623354850191,8,0.607029193562739,"confident_correct"
15,"raw",3,0.1,"fugw",8,"037 Sncg Gaba",FALSE,0.218597244734139,0.562805510531721,0.525126799024791,1.71298554566364e-05,4.86498724444643,3,1.62166241481548,"cross_family_failure"
15,"raw",3,0.1,"fugw",8,"039 Lamp5 Gaba",TRUE,0.898607902744814,0.797215805489628,0.32813100148764,1.3862940595882,4.82526569193929,4,1.20631642298482,"underconfident_correct"
15,"raw",3,0.1,"fugw",8,"041 Pvalb chandelier Gaba",FALSE,0,0.768522314790457,0.358348064767121,NA,4.87373554004786,1,4.87373554004786,"cross_family_failure"
15,"raw",3,0.1,"fugw",8,"042 Pvalb Gaba",FALSE,0,1,0,NA,4.85743083046035,8,0.607178853807543,"cross_family_failure"
15,"raw",3,0.1,"fugw",8,"043 Sst Gaba",TRUE,1,1,0,1.58143606055806,4.86193283030099,14,0.347280916450071,"confident_correct"
15,"raw",3,0.1,"fugw",8,"046 Sst Chodl Gaba",FALSE,0,1,0,NA,4.84650903414269,1,4.84650903414269,"cross_family_failure"
15,"raw",3,0.1,"fugw",8,"287 Astro-TE NN",FALSE,0.226543813936352,0.093208722842749,1.37393519382161,0,4.79940214482262,1,4.79940214482262,"cross_family_failure"
15,"raw",3,0.1,"fugw",8,"294 OPC NN",FALSE,0.153780876477198,0.100115823482569,1.5660690505065,0,5.87783659772506,1,5.87783659772506,"cross_family_failure"
15,"raw",3,0.1,"fugw",8,"295 Oligo NN",TRUE,0.923978816005074,0.847957632010147,0.268942504897288,1.38629434686676,4.71075934203562,4,1.1776898355089,"confident_correct"
15,"raw",3,0.1,"fugw",8,"299 Peri NN",FALSE,0,0.80992598941079,0.314039254350957,NA,4.79982682706999,1,4.79982682706999,"cross_family_failure"
15,"raw",3,0.1,"fugw",8,"301 Endo NN",FALSE,0,0.84559153102199,0.271887467326811,NA,4.97014952295233,1,4.97014952295233,"cross_family_failure"
15,"raw",3,0.1,"fugw",8,"302 Microglia NN",FALSE,0.228939798264888,0.221915605538333,1.31305434925998,0,5.08128068402576,1,5.08128068402576,"cross_family_failure"
16,"raw",3,0.25,"fugw",8,"001 Car3 Glut",FALSE,0.220379124930741,0.461496905542736,0.821693434417479,0,5.17799975555264,1,5.17799975555264,"cross_family_failure"
16,"raw",3,0.25,"fugw",8,"003 L5/6 IT TPE-ENT Glut",FALSE,0.217796851360498,0.0605835766685996,1.534259326226,0,5.37032355359344,2,2.68516177679672,"cross_family_failure"
16,"raw",3,0.25,"fugw",8,"004 L6 IT CTX Glut",TRUE,1,1,-2.22044604925031e-16,1.60203983590643,4.96314610940214,11,0.45119510085474,"confident_correct"
16,"raw",3,0.25,"fugw",8,"005 L5 IT CTX Glut",TRUE,0.561828213793574,0.341690101845623,0.989194604653413,1.06597197972949,4.89438063565957,4,1.22359515891489,"underconfident_correct"
16,"raw",3,0.25,"fugw",8,"006 L4/5 IT CTX Glut",TRUE,1,1,-2.22044604925031e-16,1.66641777769762,5.29317247427165,13,0.407167113405512,"confident_correct"
16,"raw",3,0.25,"fugw",8,"007 L2/3 IT CTX Glut",TRUE,0.876771589026676,0.753543178053353,0.373308402111032,1.38629411366841,4.89772932676044,4,1.22443233169011,"underconfident_correct"
16,"raw",3,0.25,"fugw",8,"022 L5 ET CTX Glut",TRUE,1,1,1.11022302462516e-16,1.5997873633843,4.95197934030902,6,0.825329890051503,"confident_correct"
16,"raw",3,0.25,"fugw",8,"027 L6b CTX Glut",FALSE,0.240690369964028,0.518619260071943,0.551874397755914,0.284169381764495,5.14656263250189,2,2.57328131625094,"cross_family_failure"
16,"raw",3,0.25,"fugw",8,"028 L6 CT CTX Glut",TRUE,1,1,-2.22044604925031e-16,1.58944332866233,4.90101991150431,8,0.612627488938039,"confident_correct"
16,"raw",3,0.25,"fugw",8,"030 L5 NP CTX Glut",TRUE,0.891385709765477,0.782771419530953,0.34360833333713,1.38629416183981,4.8517096050914,4,1.21292740127285,"underconfident_correct"
16,"raw",3,0.25,"fugw",8,"036 Vip Gaba",TRUE,1,1,0,1.59245831623381,4.91581872353193,8,0.614477340441491,"confident_correct"
16,"raw",3,0.25,"fugw",8,"037 Sncg Gaba",FALSE,0.227094550006018,0.545810899987963,0.535741749852094,0,4.77658437299947,3,1.59219479099982,"cross_family_failure"
16,"raw",3,0.25,"fugw",8,"039 Lamp5 Gaba",TRUE,0.921557733963398,0.876950378492374,0.328578266607491,1.3862935359498,4.98352682633177,4,1.24588170658294,"confident_correct"
16,"raw",3,0.25,"fugw",8,"041 Pvalb chandelier Gaba",FALSE,0.0980034215969508,0.803993156806098,0.320673763647263,0,4.81196752758235,1,4.81196752758235,"cross_family_failure"
16,"raw",3,0.25,"fugw",8,"042 Pvalb Gaba",TRUE,0.897850632203543,0.795701264407087,0.329780113376438,1.38629427073989,4.82815931477627,8,0.603519914347034,"underconfident_correct"
16,"raw",3,0.25,"fugw",8,"043 Sst Gaba",TRUE,1,1,0,1.58550898073075,4.88177547592933,14,0.348698248280666,"confident_correct"
16,"raw",3,0.25,"fugw",8,"046 Sst Chodl Gaba",FALSE,0,1,0,NA,4.87532556856541,1,4.87532556856541,"cross_family_failure"
16,"raw",3,0.25,"fugw",8,"287 Astro-TE NN",FALSE,0.233412747659819,0.0860166234496712,1.06988900535982,0,4.85645696506175,1,4.85645696506175,"cross_family_failure"
16,"raw",3,0.25,"fugw",8,"294 OPC NN",FALSE,0.172553793237237,0.272114946916508,1.21078904636151,0,5.38689083207398,1,5.38689083207398,"cross_family_failure"
16,"raw",3,0.25,"fugw",8,"295 Oligo NN",TRUE,0.939717928507834,0.879435857015669,0.227742947846945,1.38629433674219,4.62034136213674,4,1.15508534053418,"confident_correct"
16,"raw",3,0.25,"fugw",8,"299 Peri NN",FALSE,0,1,0,NA,4.81976956536598,1,4.81976956536598,"cross_family_failure"
16,"raw",3,0.25,"fugw",8,"301 Endo NN",TRUE,0.235030581025285,0.000277467325194125,1.58497041643877,0,4.87914703383258,1,4.87914703383258,"diffuse_correct"
16,"raw",3,0.25,"fugw",8,"302 Microglia NN",TRUE,0.233430870190293,0.00827542914179699,1.58888588910769,0,4.89828865047475,1,4.89828865047475,"diffuse_correct"
17,"raw",3,0.5,"fugw",9,"001 Car3 Glut",FALSE,0.216325184271437,0.352142336057675,0.982856149233047,0,4.93548399818052,1,4.93548399818052,"cross_family_failure"
17,"raw",3,0.5,"fugw",9,"003 L5/6 IT TPE-ENT Glut",TRUE,0.414335279641526,0.20619462291418,1.31944623419834,0.693145676490076,5.5959686864643,2,2.79798434323215,"diffuse_correct"
17,"raw",3,0.5,"fugw",9,"004 L6 IT CTX Glut",TRUE,1,1,1.11022302462516e-16,1.72533646309781,5.61440975363049,11,0.510400886693681,"confident_correct"
17,"raw",3,0.5,"fugw",9,"005 L5 IT CTX Glut",TRUE,0.431141388915684,0.0745613747442831,1.05943283140426,0.693130116569401,4.93818768676492,4,1.23454692169123,"diffuse_correct"
17,"raw",3,0.5,"fugw",9,"006 L4/5 IT CTX Glut",TRUE,1,1,1.11022302462516e-16,1.69164627920234,5.42841003156903,13,0.417570002428387,"confident_correct"
17,"raw",3,0.5,"fugw",9,"007 L2/3 IT CTX Glut",TRUE,0.831616224455946,0.663232448911891,0.453314203532058,1.3862934143487,4.98372846549918,4,1.24593211637479,"underconfident_correct"
17,"raw",3,0.5,"fugw",9,"022 L5 ET CTX Glut",TRUE,1,1,2.22044604925031e-16,1.60943777553554,4.99999931550726,6,0.833333219251211,"confident_correct"
17,"raw",3,0.5,"fugw",9,"027 L6b CTX Glut",FALSE,0.33730437291282,0.325391254174359,0.63923127240542,0.646979053668979,5.03616481013737,2,2.51808240506868,"cross_family_failure"
17,"raw",3,0.5,"fugw",9,"028 L6 CT CTX Glut",TRUE,1,1,0,1.60331673841431,4.96948761099425,8,0.621185951374281,"confident_correct"
17,"raw",3,0.5,"fugw",9,"030 L5 NP CTX Glut",TRUE,0.897347999683045,0.794695999366089,0.330871243819856,1.3862931932286,4.83005892671338,4,1.20751473167834,"underconfident_correct"
17,"raw",3,0.5,"fugw",9,"036 Vip Gaba",TRUE,1,1,0,1.55074346017792,4.71497427546632,8,0.58937178443329,"confident_correct"
17,"raw",3,0.5,"fugw",9,"037 Sncg Gaba",TRUE,0.699308888926595,0.398617777853191,0.611448742261898,1.09861228290239,4.67012382448177,3,1.55670794149392,"underconfident_correct"
17,"raw",3,0.5,"fugw",9,"039 Lamp5 Gaba",TRUE,0.944377653798091,0.888755307596182,0.214748344832321,1.38629042407349,4.59022959262673,4,1.14755739815668,"confident_correct"
17,"raw",3,0.5,"fugw",9,"041 Pvalb chandelier Gaba",FALSE,0.22819226250389,0.54361547499222,0.537082788810702,0,4.76627728383037,1,4.76627728383037,"cross_family_failure"
17,"raw",3,0.5,"fugw",9,"042 Pvalb Gaba",TRUE,1,1,0,1.59321275911585,4.91952882733203,8,0.614941103416504,"confident_correct"
17,"raw",3,0.5,"fugw",9,"043 Sst Gaba",TRUE,1,1,0,1.63479120252882,5.12838709097397,14,0.366313363640998,"confident_correct"
17,"raw",3,0.5,"fugw",9,"046 Sst Chodl Gaba",FALSE,0,1,0,NA,4.80356587721247,1,4.80356587721247,"cross_family_failure"
17,"raw",3,0.5,"fugw",9,"287 Astro-TE NN",FALSE,0.24895150210544,0.502096995789119,0.561180317614036,0,4.84260884099741,1,4.84260884099741,"cross_family_failure"
17,"raw",3,0.5,"fugw",9,"294 OPC NN",FALSE,0.248342632864058,0.262595983994301,1.0321466552359,0,4.3981507212861,1,4.3981507212861,"cross_family_failure"
17,"raw",3,0.5,"fugw",9,"295 Oligo NN",TRUE,1,1,0,1.38629369109359,3.99999731989571,4,0.999999329973927,"confident_correct"
17,"raw",3,0.5,"fugw",9,"299 Peri NN",FALSE,0,1,-2.22044604925031e-16,NA,4.78383585959843,1,4.78383585959843,"cross_family_failure"
17,"raw",3,0.5,"fugw",9,"301 Endo NN",TRUE,0.25129757791765,0.000891275882332898,1.52854142451369,0,4.61144577286051,1,4.61144577286051,"diffuse_correct"
17,"raw",3,0.5,"fugw",9,"302 Microglia NN",TRUE,0.251606487274546,0.0146908216139049,1.5308090740635,0,4.62196840087877,1,4.62196840087877,"diffuse_correct"
18,"raw",3,0.75,"fugw",10,"001 Car3 Glut",FALSE,0.2071857736167,0.163353103206195,1.34739764474245,0,5.6299016180601,1,5.6299016180601,"cross_family_failure"
18,"raw",3,0.75,"fugw",10,"003 L5/6 IT TPE-ENT Glut",TRUE,0.365446377877212,0.0997569992440774,1.34357277801079,0.693133448538621,5.83272396976802,2,2.91636198488401,"diffuse_correct"
18,"raw",3,0.75,"fugw",10,"004 L6 IT CTX Glut",TRUE,1,1,0,1.77134253141224,5.87874045959083,11,0.534430950871894,"confident_correct"
18,"raw",3,0.75,"fugw",10,"005 L5 IT CTX Glut",TRUE,0.40539107974759,0.00598390760031037,1.05149964218453,0.692987781719967,4.9980843899252,4,1.2495210974813,"diffuse_correct"
18,"raw",3,0.75,"fugw",10,"006 L4/5 IT CTX Glut",TRUE,1,1,0,1.71886014173333,5.57816651988685,13,0.429089732298989,"confident_correct"
18,"raw",3,0.75,"fugw",10,"007 L2/3 IT CTX Glut",TRUE,0.795902852739923,0.601446831817172,0.54486992219236,1.38628732603452,5.19771943762691,4,1.29942985940673,"underconfident_correct"
18,"raw",3,0.75,"fugw",10,"022 L5 ET CTX Glut",TRUE,1,1,0,1.79173992346574,5.99988272657223,6,0.999980454428705,"confident_correct"
18,"raw",3,0.75,"fugw",10,"027 L6b CTX Glut",FALSE,0.355881523384092,0.285958892185989,0.66614437503184,0.668804926643985,5.02376627617416,2,2.51188313808708,"cross_family_failure"
18,"raw",3,0.75,"fugw",10,"028 L6 CT CTX Glut",TRUE,1,1,0,1.60943143713625,4.99996762361559,8,0.624995952951949,"confident_correct"
18,"raw",3,0.75,"fugw",10,"030 L5 NP CTX Glut",TRUE,0.919370375146407,0.838740750292814,0.28030444746724,1.38628488531673,4.7342044727347,4,1.18355111818367,"confident_correct"
18,"raw",3,0.75,"fugw",10,"036 Vip Gaba",TRUE,1,1,0,1.50304275977479,4.49534654122875,8,0.561918317653594,"confident_correct"
18,"raw",3,0.75,"fugw",10,"037 Sncg Gaba",TRUE,0.734207197746368,0.468414395492736,0.579029215535178,1.09861223601906,4.32638610287657,3,1.44212870095886,"underconfident_correct"
18,"raw",3,0.75,"fugw",10,"039 Lamp5 Gaba",TRUE,1,1,0,1.38626692476146,3.99989025607176,4,0.999972564017939,"confident_correct"
18,"raw",3,0.75,"fugw",10,"041 Pvalb chandelier Gaba",FALSE,0.243321708600922,0.513356582798156,0.554878642232818,0,4.41727607357071,1,4.41727607357071,"cross_family_failure"
18,"raw",3,0.75,"fugw",10,"042 Pvalb Gaba",TRUE,1,1,1.11022302462516e-16,1.56345070911543,4.77527091818279,8,0.596908864772848,"confident_correct"
18,"raw",3,0.75,"fugw",10,"043 Sst Gaba",TRUE,1,1,-2.22044604925031e-16,1.61045201773953,5.00507309842038,14,0.357505221315741,"confident_correct"
18,"raw",3,0.75,"fugw",10,"046 Sst Chodl Gaba",FALSE,0,1,0,NA,4.76173680893162,1,4.76173680893162,"cross_family_failure"
18,"raw",3,0.75,"fugw",10,"287 Astro-TE NN",TRUE,0.303149880361286,0.00600622244965432,1.33242556397602,0,4.07992753576891,1,4.07992753576891,"diffuse_correct"
18,"raw",3,0.75,"fugw",10,"294 OPC NN",FALSE,0,0.452144077486051,0.677780115301561,NA,4.28279251719087,1,4.28279251719087,"cross_family_failure"
18,"raw",3,0.75,"fugw",10,"295 Oligo NN",TRUE,1,1,0,1.35273130137268,3.86797572366353,4,0.966993930915882,"confident_correct"
18,"raw",3,0.75,"fugw",10,"299 Peri NN",FALSE,0.302992679530676,0.138043623387347,1.24086051157025,0,4.93945789523818,1,4.93945789523818,"cross_family_failure"
18,"raw",3,0.75,"fugw",10,"301 Endo NN",FALSE,0.301469970705612,0.397060058588775,0.612104665079858,0,3.93970439832111,1,3.93970439832111,"cross_family_failure"
18,"raw",3,0.75,"fugw",10,"302 Microglia NN",TRUE,0.298414480455962,0.0634036544109813,1.38028114227562,0,3.97601929748843,1,3.97601929748843,"diffuse_correct"
19,"raw",3,0.9,"fugw",9,"001 Car3 Glut",FALSE,0.193313160904729,0.249472570315429,1.29850160373063,0,5.89926274198917,1,5.89926274198917,"cross_family_failure"
19,"raw",3,0.9,"fugw",9,"003 L5/6 IT TPE-ENT Glut",TRUE,0.324150592350961,0.00739320226989798,1.3454646415779,0.693019153119999,6.44389849308079,2,3.2219492465404,"diffuse_correct"
19,"raw",3,0.9,"fugw",9,"004 L6 IT CTX Glut",TRUE,1,1,0,1.79148627461762,5.99836105622288,11,0.545305550565716,"confident_correct"
19,"raw",3,0.9,"fugw",9,"005 L5 IT CTX Glut",FALSE,0.378744958226319,0.0123817529032205,1.07296616396021,0.691651724823548,5.68986189096285,4,1.42246547274071,"cross_family_failure"
19,"raw",3,0.9,"fugw",9,"006 L4/5 IT CTX Glut",TRUE,1,1,2.22044604925031e-16,1.94095741773689,6.96541659262638,13,0.535801276355875,"confident_correct"
19,"raw",3,0.9,"fugw",9,"007 L2/3 IT CTX Glut",TRUE,0.804427951534003,0.608855903068006,0.494202364933922,1.3862311960091,5.13074102640898,4,1.28268525660224,"underconfident_correct"
19,"raw",3,0.9,"fugw",9,"022 L5 ET CTX Glut",TRUE,1,1,0,1.79173196031668,5.99983494880196,6,0.999972491466994,"confident_correct"
19,"raw",3,0.9,"fugw",9,"027 L6b CTX Glut",FALSE,0.414831334008378,0.170337331983245,0.678568795207723,0.693056556958223,4.99367200265877,2,2.49683600132939,"cross_family_failure"
19,"raw",3,0.9,"fugw",9,"028 L6 CT CTX Glut",TRUE,1,1,0,1.65688156487499,5.242935570661,8,0.655366946332624,"confident_correct"
19,"raw",3,0.9,"fugw",9,"030 L5 NP CTX Glut",TRUE,0.993210670455494,0.986421340910988,0.0406612994654142,1.38620923911736,4.12662180448287,4,1.03165545112072,"confident_correct"
19,"raw",3,0.9,"fugw",9,"036 Vip Gaba",TRUE,1,1,0,1.59274829873773,4.91724443165944,8,0.61465555395743,"confident_correct"
19,"raw",3,0.9,"fugw",9,"037 Sncg Gaba",TRUE,0.689372449966388,0.378744899932777,0.619601859092768,1.09861179771695,4.75904824830592,3,1.58634941610197,"underconfident_correct"
19,"raw",3,0.9,"fugw",9,"039 Lamp5 Gaba",TRUE,0.999999999889203,0.999999999778405,2.6506403595825e-09,1.38606550809563,3.99908470262836,4,0.999771175657091,"confident_correct"
19,"raw",3,0.9,"fugw",9,"041 Pvalb chandelier Gaba",FALSE,0.256277373834928,0.487445252330145,0.569127041402197,0,4.00602119438113,1,4.00602119438113,"cross_family_failure"
19,"raw",3,0.9,"fugw",9,"042 Pvalb Gaba",TRUE,0.847136855133686,0.694273710267372,0.427643521262309,1.37181588868898,4.90256883129076,8,0.612821103911345,"underconfident_correct"
19,"raw",3,0.9,"fugw",9,"043 Sst Gaba",TRUE,1,1,1.11022302462516e-16,1.78315750341306,5.94860955143183,14,0.424900682245131,"confident_correct"
19,"raw",3,0.9,"fugw",9,"046 Sst Chodl Gaba",FALSE,0,1,0,NA,4.99060223869488,1,4.99060223869488,"cross_family_failure"
19,"raw",3,0.9,"fugw",9,"287 Astro-TE NN",TRUE,0.443841572229341,0.026252784397105,0.999056372053629,0,2.7157179916039,1,2.7157179916039,"diffuse_correct"
19,"raw",3,0.9,"fugw",9,"294 OPC NN",FALSE,0,0.292227182408983,0.941771761620699,NA,3.83359745421165,1,3.83359745421165,"cross_family_failure"
19,"raw",3,0.9,"fugw",9,"295 Oligo NN",TRUE,1,1,0,1.24575353707195,3.47555277070196,4,0.868888192675491,"confident_correct"
19,"raw",3,0.9,"fugw",9,"299 Peri NN",TRUE,0.475107737939342,0.15712834167359,1.04389494506103,0,2.95317207539745,1,2.95317207539745,"diffuse_correct"
19,"raw",3,0.9,"fugw",9,"301 Endo NN",TRUE,0.479287577466949,0.0675435845364197,0.960205404745236,0,3.27385282377547,1,3.27385282377547,"diffuse_correct"
19,"raw",3,0.9,"fugw",9,"302 Microglia NN",TRUE,0.45309828452744,0.172791238216692,1.06765262393988,0,2.90854403377616,1,2.90854403377616,"diffuse_correct"
20,"raw",3,1,"uot_molecular",8,"001 Car3 Glut",FALSE,0.211665113039021,0.145589543869601,1.35310197767476,0,6.3420819616377,1,6.3420819616377,"cross_family_failure"
20,"raw",3,1,"uot_molecular",8,"003 L5/6 IT TPE-ENT Glut",TRUE,0.378911975633905,0.143455739249823,1.34299462546082,0.693118439238475,6.23476141704108,2,3.11738070852054,"diffuse_correct"
20,"raw",3,1,"uot_molecular",8,"004 L6 IT CTX Glut",TRUE,0.995833320078719,0.991666865759514,0.0269964840105096,1.76842347034587,5.97779337955092,11,0.543435761777356,"confident_correct"
20,"raw",3,1,"uot_molecular",8,"005 L5 IT CTX Glut",TRUE,0.41811077365996,0.0459204218466256,1.06002188536443,0.705266648789245,5.74530021136644,4,1.43632505284161,"diffuse_correct"
20,"raw",3,1,"uot_molecular",8,"006 L4/5 IT CTX Glut",TRUE,0.999999978807104,0.999999957614207,3.95662896976778e-07,1.81578260872551,6.14588631356299,13,0.472760485658691,"confident_correct"
20,"raw",3,1,"uot_molecular",8,"007 L2/3 IT CTX Glut",TRUE,0.799731684644008,0.602347712263525,0.515868289714268,1.38629149583337,5.07808744244047,4,1.26952186061012,"underconfident_correct"
20,"raw",3,1,"uot_molecular",8,"022 L5 ET CTX Glut",TRUE,0.999999998956111,0.999999998301489,2.33212981589e-08,1.72974856210733,5.63923593391705,6,0.939872655652841,"confident_correct"
20,"raw",3,1,"uot_molecular",8,"027 L6b CTX Glut",FALSE,0.350248789522465,0.293370705840568,0.682298074259733,0.680514234080565,5.30637698798957,2,2.65318849399478,"cross_family_failure"
20,"raw",3,1,"uot_molecular",8,"028 L6 CT CTX Glut",TRUE,0.846417024303805,0.692897492944115,0.429431884615974,1.55252096327047,5.88499993348993,8,0.735624991686241,"underconfident_correct"
20,"raw",3,1,"uot_molecular",8,"030 L5 NP CTX Glut",TRUE,0.90546623630764,0.819076755465691,0.340653517677474,1.38629046232133,5.16014727778635,4,1.29003681944659,"confident_correct"
20,"raw",3,1,"uot_molecular",8,"036 Vip Gaba",TRUE,0.999404699317595,0.998968566554891,0.00538824735251119,1.75781180814307,5.82692082867132,8,0.728365103583915,"confident_correct"
20,"raw",3,1,"uot_molecular",8,"037 Sncg Gaba",TRUE,0.641167746877689,0.285933466104868,0.672918331338684,1.09507232239286,5.75201177625822,3,1.91733725875274,"underconfident_correct"
20,"raw",3,1,"uot_molecular",8,"039 Lamp5 Gaba",TRUE,0.952850753178055,0.916487358324462,0.215743742988511,1.38604638514862,4.72522670808,4,1.18130667702,"confident_correct"
20,"raw",3,1,"uot_molecular",8,"041 Pvalb chandelier Gaba",FALSE,0.237470846944961,0.525034059280768,0.548436166452958,0,5.40134489184715,1,5.40134489184715,"cross_family_failure"
20,"raw",3,1,"uot_molecular",8,"042 Pvalb Gaba",TRUE,0.856276436281838,0.712555498148928,0.411696947518441,1.75678294304288,8.00176189140809,8,1.00022023642601,"underconfident_correct"
20,"raw",3,1,"uot_molecular",8,"043 Sst Gaba",TRUE,0.99999997268977,0.999999952866219,5.18985380080526e-07,1.97151975338375,7.18158579882537,14,0.512970414201812,"confident_correct"
20,"raw",3,1,"uot_molecular",8,"046 Sst Chodl Gaba",FALSE,0.00414129487858831,0.99171739949845,0.0268551530981252,0,5.94182728704955,1,5.94182728704955,"cross_family_failure"
20,"raw",3,1,"uot_molecular",8,"287 Astro-TE NN",FALSE,0.271398312234867,0.150534153110186,1.38627091975434,0,7.26567516343156,1,7.26567516343156,"cross_family_failure"
20,"raw",3,1,"uot_molecular",8,"294 OPC NN",FALSE,0.0632363359035402,0.269252599933785,1.32434027241117,0,7.47427275840375,1,7.47427275840375,"cross_family_failure"
20,"raw",3,1,"uot_molecular",8,"295 Oligo NN",TRUE,0.96487867600843,0.933481786941163,0.166473637740606,1.37562637644818,4.57947320603065,4,1.14486830150766,"confident_correct"
20,"raw",3,1,"uot_molecular",8,"299 Peri NN",FALSE,0.233307071940809,0.430857245162122,0.94324858967025,0,6.27101476971233,1,6.27101476971233,"cross_family_failure"
20,"raw",3,1,"uot_molecular",8,"301 Endo NN",FALSE,0.270155131232192,0.0584960452508824,1.51091400902078,0,8.40514201806906,1,8.40514201806906,"cross_family_failure"
20,"raw",3,1,"uot_molecular",8,"302 Microglia NN",TRUE,0.265208184878009,0.0328388451301421,1.59068604405047,0,5.83371555256667,1,5.83371555256667,"diffuse_correct"
21,"clip",0.3,0,"gw_only",0,"001 Car3 Glut",FALSE,0,0.958098485055577,0.143790233056727,NA,9.87380782305593,1,9.87380782305593,"cross_family_failure"
21,"clip",0.3,0,"gw_only",0,"003 L5/6 IT TPE-ENT Glut",FALSE,0,1,0,NA,4.99997941806421,2,2.4999897090321,"cross_family_failure"
21,"clip",0.3,0,"gw_only",0,"004 L6 IT CTX Glut",FALSE,0.0146669662127619,0.958098485055577,0.143790233056727,1.20253770957211e-07,9.87380782305593,11,0.897618893005084,"cross_family_failure"
21,"clip",0.3,0,"gw_only",0,"005 L5 IT CTX Glut",FALSE,0,1,0,NA,4.99987786464526,4,1.24996946616132,"cross_family_failure"
21,"clip",0.3,0,"gw_only",0,"006 L4/5 IT CTX Glut",FALSE,0,0.653406540747983,0.461075280166624,NA,4.9884175164467,13,0.383724424342054,"cross_family_failure"
21,"clip",0.3,0,"gw_only",0,"007 L2/3 IT CTX Glut",FALSE,0,1,0,NA,5.8058027252171,4,1.45145068130427,"cross_family_failure"
21,"clip",0.3,0,"gw_only",0,"022 L5 ET CTX Glut",FALSE,0.152010877559297,0.695978244881406,0.42618135872868,0.693147179789313,5.51300479040882,6,0.918834131734803,"cross_family_failure"
21,"clip",0.3,0,"gw_only",0,"027 L6b CTX Glut",FALSE,0,1,0,NA,9.98169945302388,2,4.99084972651194,"cross_family_failure"
21,"clip",0.3,0,"gw_only",0,"028 L6 CT CTX Glut",FALSE,0,1,0,NA,5.9341149927371,8,0.741764374092137,"cross_family_failure"
21,"clip",0.3,0,"gw_only",0,"030 L5 NP CTX Glut",FALSE,0,1,0,NA,9.98169945302388,4,2.49542486325597,"cross_family_failure"
21,"clip",0.3,0,"gw_only",0,"036 Vip Gaba",FALSE,0,1,0,NA,4.73037239210593,8,0.591296549013242,"cross_family_failure"
21,"clip",0.3,0,"gw_only",0,"037 Sncg Gaba",FALSE,0,0.231154771635242,1.04384146577442,NA,3.99836665950274,3,1.33278888650091,"cross_family_failure"
21,"clip",0.3,0,"gw_only",0,"039 Lamp5 Gaba",FALSE,0,1,0,NA,4.76638221862617,4,1.19159555465654,"cross_family_failure"
21,"clip",0.3,0,"gw_only",0,"041 Pvalb chandelier Gaba",FALSE,0,0.0563077081212726,0.691561062795641,NA,8.78721970016276,1,8.78721970016276,"cross_family_failure"
21,"clip",0.3,0,"gw_only",0,"042 Pvalb Gaba",FALSE,0,1,0,NA,4.70092759194311,8,0.587615948992888,"cross_family_failure"
21,"clip",0.3,0,"gw_only",0,"043 Sst Gaba",FALSE,0,0.0563077081212726,0.691561062795641,NA,8.78721970016276,14,0.627658550011626,"cross_family_failure"
21,"clip",0.3,0,"gw_only",0,"046 Sst Chodl Gaba",FALSE,0,1,0,NA,3.99997749687126,1,3.99997749687126,"cross_family_failure"
21,"clip",0.3,0,"gw_only",0,"287 Astro-TE NN",FALSE,0,0.214995563242086,1.29585137906568,NA,4.92839900312098,1,4.92839900312098,"cross_family_failure"
21,"clip",0.3,0,"gw_only",0,"294 OPC NN",FALSE,0,1,0,NA,3.99993437487491,1,3.99993437487491,"cross_family_failure"
21,"clip",0.3,0,"gw_only",0,"295 Oligo NN",FALSE,0,0.497083654841842,0.563931448211456,NA,4.35126493441092,4,1.08781623360273,"cross_family_failure"
21,"clip",0.3,0,"gw_only",0,"299 Peri NN",FALSE,0,0.211807662885872,0.670545133154162,NA,6.61382328373131,1,6.61382328373131,"cross_family_failure"
21,"clip",0.3,0,"gw_only",0,"301 Endo NN",FALSE,0,1,0,NA,6.57345712951469,1,6.57345712951469,"cross_family_failure"
21,"clip",0.3,0,"gw_only",0,"302 Microglia NN",FALSE,0.238273919820702,0,1.51403193653447,0,4.5450191295136,1,4.5450191295136,"cross_family_failure"
22,"clip",0.3,0.1,"fugw",9,"001 Car3 Glut",FALSE,0.195786054950618,0.406465552886625,0.944332651815363,0,4.99962711937259,1,4.99962711937259,"cross_family_failure"
22,"clip",0.3,0.1,"fugw",9,"003 L5/6 IT TPE-ENT Glut",TRUE,0.385981500150546,0.192034377016813,1.44352632117915,0.693147051852139,5.5348710268277,2,2.76743551341385,"diffuse_correct"
22,"clip",0.3,0.1,"fugw",9,"004 L6 IT CTX Glut",TRUE,1,1,0,1.60951003850363,5.00036064335337,11,0.454578240304852,"confident_correct"
22,"clip",0.3,0.1,"fugw",9,"005 L5 IT CTX Glut",FALSE,0,0.61168196571633,0.492197695104233,NA,4.99896044110359,4,1.2497401102759,"cross_family_failure"
22,"clip",0.3,0.1,"fugw",9,"006 L4/5 IT CTX Glut",TRUE,1,1,0,1.78181549866962,5.94063184345524,13,0.456971680265787,"confident_correct"
22,"clip",0.3,0.1,"fugw",9,"007 L2/3 IT CTX Glut",TRUE,0.804779879095168,0.609560684135522,0.493716551213641,1.38628166712287,4.99965116836158,4,1.24991279209039,"underconfident_correct"
22,"clip",0.3,0.1,"fugw",9,"022 L5 ET CTX Glut",TRUE,1,1,0,1.78823057922504,5.9788639752691,6,0.996477329211517,"confident_correct"
22,"clip",0.3,0.1,"fugw",9,"027 L6b CTX Glut",FALSE,1.30864916938632e-08,0.999999973827017,2.50628370584318e-07,0,3.999468409515,2,1.9997342047575,"cross_family_failure"
22,"clip",0.3,0.1,"fugw",9,"028 L6 CT CTX Glut",TRUE,1,1,1.11022302462516e-16,1.41133841685999,4.10144117014372,8,0.512680146267966,"confident_correct"
22,"clip",0.3,0.1,"fugw",9,"030 L5 NP CTX Glut",TRUE,1,1,0,1.3862887761115,3.99997766002883,4,0.999994415007208,"confident_correct"
22,"clip",0.3,0.1,"fugw",9,"036 Vip Gaba",TRUE,1,1,0,1.38627745382198,3.99993237138005,8,0.499991546422507,"confident_correct"
22,"clip",0.3,0.1,"fugw",9,"037 Sncg Gaba",FALSE,0,1,0,NA,3.99997750492213,3,1.33332583497404,"cross_family_failure"
22,"clip",0.3,0.1,"fugw",9,"039 Lamp5 Gaba",TRUE,1,1,0,1.38627760517252,3.99993297677203,4,0.999983244193006,"confident_correct"
22,"clip",0.3,0.1,"fugw",9,"041 Pvalb chandelier Gaba",FALSE,0,1,-2.22044604925031e-16,NA,3.9999355633563,1,3.9999355633563,"cross_family_failure"
22,"clip",0.3,0.1,"fugw",9,"042 Pvalb Gaba",FALSE,0,1,0,NA,5.38362061417912,8,0.67295257677239,"cross_family_failure"
22,"clip",0.3,0.1,"fugw",9,"043 Sst Gaba",TRUE,1,1,0,1.60404168278897,4.97309151924146,14,0.355220822802961,"confident_correct"
22,"clip",0.3,0.1,"fugw",9,"046 Sst Chodl Gaba",FALSE,0,1,0,NA,4.90243302901337,1,4.90243302901337,"cross_family_failure"
22,"clip",0.3,0.1,"fugw",9,"287 Astro-TE NN",FALSE,0.256183574893888,0.23375982375088,1.04648395822165,0,3.99916936925443,1,3.99916936925443,"cross_family_failure"
22,"clip",0.3,0.1,"fugw",9,"294 OPC NN",FALSE,0,0.239206134881791,1.04168973013938,NA,3.99929068575051,1,3.99929068575051,"cross_family_failure"
22,"clip",0.3,0.1,"fugw",9,"295 Oligo NN",TRUE,1,1,0,1.38628884827875,3.99997794869623,4,0.999994487174057,"confident_correct"
22,"clip",0.3,0.1,"fugw",9,"299 Peri NN",FALSE,0,0.419900798301034,0.602196088427862,NA,4.68156121021983,1,4.68156121021983,"cross_family_failure"
22,"clip",0.3,0.1,"fugw",9,"301 Endo NN",FALSE,0,1,-2.22044604925031e-16,NA,3.99998530614983,1,3.99998530614983,"cross_family_failure"
22,"clip",0.3,0.1,"fugw",9,"302 Microglia NN",FALSE,0.253286542024022,0,1.38539823192525,0,3.99641708883687,1,3.99641708883687,"cross_family_failure"
23,"clip",0.3,0.25,"fugw",9,"001 Car3 Glut",FALSE,0.17494738479909,0.297153764635777,0.980794304990496,0,6.30186535267904,1,6.30186535267904,"cross_family_failure"
23,"clip",0.3,0.25,"fugw",9,"003 L5/6 IT TPE-ENT Glut",FALSE,0.33155819553479,0.00355820594336909,1.32963816686954,0.693146007010312,5.99985869531972,2,2.99992934765986,"cross_family_failure"
23,"clip",0.3,0.25,"fugw",9,"004 L6 IT CTX Glut",TRUE,1,1,0,1.7917230817368,5.99978167902454,11,0.54543469809314,"confident_correct"
23,"clip",0.3,0.25,"fugw",9,"005 L5 IT CTX Glut",TRUE,0.546801540369987,0.267226481711748,0.990392835482167,1.09841453852502,5.86736764679812,4,1.46684191169953,"underconfident_correct"
23,"clip",0.3,0.25,"fugw",9,"006 L4/5 IT CTX Glut",TRUE,1,1,0,1.92925821693571,6.88440161454356,13,0.529569354964889,"confident_correct"
23,"clip",0.3,0.25,"fugw",9,"007 L2/3 IT CTX Glut",TRUE,0.741537419205035,0.48307483841007,0.571442674543825,1.38628249288161,5.79203296536207,4,1.44800824134052,"underconfident_correct"
23,"clip",0.3,0.25,"fugw",9,"022 L5 ET CTX Glut",TRUE,1,1,-2.22044604925031e-16,1.79175946922805,6,6,1,"confident_correct"
23,"clip",0.3,0.25,"fugw",9,"027 L6b CTX Glut",FALSE,0.338477732620674,0.323044534758652,0.640020599662056,0.657155286385619,4.89985138717815,2,2.44992569358908,"cross_family_failure"
23,"clip",0.3,0.25,"fugw",9,"028 L6 CT CTX Glut",TRUE,1,1,0,1.60943347128322,4.99997779429491,8,0.624997224286863,"confident_correct"
23,"clip",0.3,0.25,"fugw",9,"030 L5 NP CTX Glut",TRUE,0.909873072460287,0.819746144920573,0.302831388773175,1.38628921950197,4.77874815641363,4,1.19468703910341,"confident_correct"
23,"clip",0.3,0.25,"fugw",9,"036 Vip Gaba",TRUE,1,1,2.22044604925031e-16,1.48212512243273,4.40229115495219,8,0.550286394369024,"confident_correct"
23,"clip",0.3,0.25,"fugw",9,"037 Sncg Gaba",TRUE,0.519962361979191,0.0399247239583828,0.692349976901283,0.693147180559945,3.99049657337482,3,1.33016552445827,"underconfident_correct"
23,"clip",0.3,0.25,"fugw",9,"039 Lamp5 Gaba",TRUE,1,1,0,1.38627733166834,3.99993188277381,4,0.999982970693453,"confident_correct"
23,"clip",0.3,0.25,"fugw",9,"041 Pvalb chandelier Gaba",FALSE,0,0.999999999442121,6.41560832679009e-09,NA,3.98892389012825,1,3.98892389012825,"cross_family_failure"
23,"clip",0.3,0.25,"fugw",9,"042 Pvalb Gaba",FALSE,0,1,0,NA,4.85177915645992,8,0.606472394557491,"cross_family_failure"
23,"clip",0.3,0.25,"fugw",9,"043 Sst Gaba",TRUE,1,1,1.11022302462516e-16,1.60765139814449,4.99107540288578,14,0.356505385920413,"confident_correct"
23,"clip",0.3,0.25,"fugw",9,"046 Sst Chodl Gaba",FALSE,0,1,0,NA,4.85555078933669,1,4.85555078933669,"cross_family_failure"
23,"clip",0.3,0.25,"fugw",9,"287 Astro-TE NN",TRUE,0.350760510117263,0.00367013943026118,1.09637798358163,0,2.99330456734553,1,2.99330456734553,"diffuse_correct"
23,"clip",0.3,0.25,"fugw",9,"294 OPC NN",FALSE,0,0.383257980906555,0.61779106879734,NA,3.68200603557737,1,3.68200603557737,"cross_family_failure"
23,"clip",0.3,0.25,"fugw",9,"295 Oligo NN",TRUE,1,1,0,1.09860564256787,2.99998006176554,4,0.749995015441385,"confident_correct"
23,"clip",0.3,0.25,"fugw",9,"299 Peri NN",FALSE,0,0.285327440219593,0.651870171014962,NA,3.16449969063449,1,3.16449969063449,"cross_family_failure"
23,"clip",0.3,0.25,"fugw",9,"301 Endo NN",FALSE,0,0.347855805378801,0.751907561843226,NA,3.7120117245241,1,3.7120117245241,"cross_family_failure"
23,"clip",0.3,0.25,"fugw",9,"302 Microglia NN",TRUE,0.337751833111203,0.000905257811973259,1.09846955656809,0,2.99957183425717,1,2.99957183425717,"diffuse_correct"
24,"clip",0.3,0.5,"fugw",8,"001 Car3 Glut",FALSE,0.179665089281754,0.333426446471421,1.21719011621592,0,5.95109123602906,1,5.95109123602906,"cross_family_failure"
24,"clip",0.3,0.5,"fugw",8,"003 L5/6 IT TPE-ENT Glut",FALSE,0.332334359018339,0.000319390049235702,1.33081097167081,0.693136398178059,5.99965442364462,2,2.99982721182231,"cross_family_failure"
24,"clip",0.3,0.5,"fugw",8,"004 L6 IT CTX Glut",TRUE,1,1,1.11022302462516e-16,1.7916881504961,5.99957210286702,11,0.545415645715184,"confident_correct"
24,"clip",0.3,0.5,"fugw",8,"005 L5 IT CTX Glut",TRUE,0.438063315623806,0.0420057276914962,1.02640184365151,0.995016704604088,5.6783388672923,4,1.41958471682307,"diffuse_correct"
24,"clip",0.3,0.5,"fugw",8,"006 L4/5 IT CTX Glut",TRUE,1,1,0,1.94519132387931,6.99497003181843,13,0.538074617832187,"confident_correct"
24,"clip",0.3,0.5,"fugw",8,"007 L2/3 IT CTX Glut",TRUE,0.804929318797794,0.609858637595589,0.493492530656799,1.38628110862873,4.99956465222125,4,1.24989116305531,"underconfident_correct"
24,"clip",0.3,0.5,"fugw",8,"022 L5 ET CTX Glut",TRUE,1,1,1.11022302462516e-16,1.79175946922805,6,6,1,"confident_correct"
24,"clip",0.3,0.5,"fugw",8,"027 L6b CTX Glut",FALSE,0.344930166430182,0.310139667139636,0.644251595314029,0.665885441699413,4.92140457323698,2,2.46070228661849,"cross_family_failure"
24,"clip",0.3,0.5,"fugw",8,"028 L6 CT CTX Glut",TRUE,1,1,0,1.60943337120112,4.99997729388667,8,0.624997161735834,"confident_correct"
24,"clip",0.3,0.5,"fugw",8,"030 L5 NP CTX Glut",TRUE,0.91924425294336,0.838488505886719,0.280611299335201,1.38628904638504,4.73484758992882,4,1.18371189748221,"confident_correct"
24,"clip",0.3,0.5,"fugw",8,"036 Vip Gaba",TRUE,1,1,0,1.43459378001851,4.19793937552479,8,0.524742421940599,"confident_correct"
24,"clip",0.3,0.5,"fugw",8,"037 Sncg Gaba",TRUE,0.524354187551342,0.0487083751026833,0.691960458146346,0.914116273212007,4.48605482836079,3,1.4953516094536,"underconfident_correct"
24,"clip",0.3,0.5,"fugw",8,"039 Lamp5 Gaba",TRUE,1,1,1.11022302462516e-16,1.3862769362723,3.99993030121687,4,0.999982575304218,"confident_correct"
24,"clip",0.3,0.5,"fugw",8,"041 Pvalb chandelier Gaba",FALSE,0.169849081367014,0.660301837265971,0.455646831599035,0,4.98517523766759,1,4.98517523766759,"cross_family_failure"
24,"clip",0.3,0.5,"fugw",8,"042 Pvalb Gaba",TRUE,0.819666175765819,0.639332351531638,0.47189930302935,1.38628969080842,4.99378466606078,8,0.624223083257597,"underconfident_correct"
24,"clip",0.3,0.5,"fugw",8,"043 Sst Gaba",TRUE,1,1,0,1.88450730496126,6.58311017714035,14,0.470222155510025,"confident_correct"
24,"clip",0.3,0.5,"fugw",8,"046 Sst Chodl Gaba",FALSE,0,1,0,NA,5.96453006557944,1,5.96453006557944,"cross_family_failure"
24,"clip",0.3,0.5,"fugw",8,"287 Astro-TE NN",FALSE,0,0.191629607707316,1.06289044966395,NA,2.89472596833018,1,2.89472596833018,"cross_family_failure"
24,"clip",0.3,0.5,"fugw",8,"294 OPC NN",FALSE,0,0.318592933543379,0.641501024921644,NA,2.99945718302152,1,2.99945718302152,"cross_family_failure"
24,"clip",0.3,0.5,"fugw",8,"295 Oligo NN",TRUE,1,1,0,0.693147180559945,2,4,0.5,"confident_correct"
24,"clip",0.3,0.5,"fugw",8,"299 Peri NN",FALSE,0,0,0.693147180559945,NA,2,1,2,"cross_family_failure"
24,"clip",0.3,0.5,"fugw",8,"301 Endo NN",FALSE,0.5,0,0.693147180559945,0,2,1,2,"cross_family_failure"
24,"clip",0.3,0.5,"fugw",8,"302 Microglia NN",FALSE,0,0.918940398498824,0.169624243598215,NA,2.30399223057765,1,2.30399223057765,"cross_family_failure"
25,"clip",0.3,0.75,"fugw",8,"001 Car3 Glut",FALSE,0.212840884572396,0.118629889358522,1.3630662782661,0,5.48774190213874,1,5.48774190213874,"cross_family_failure"
25,"clip",0.3,0.75,"fugw",8,"003 L5/6 IT TPE-ENT Glut",TRUE,0.334559584139661,0.00929077123548849,1.3342259021033,0.693047552873906,5.99724046413065,2,2.99862023206532,"diffuse_correct"
25,"clip",0.3,0.75,"fugw",8,"004 L6 IT CTX Glut",TRUE,1,1,0,1.79124055136984,5.99688730053824,11,0.545171572776203,"confident_correct"
25,"clip",0.3,0.75,"fugw",8,"005 L5 IT CTX Glut",TRUE,0.470036533250723,0.0947533258892666,1.01135158068757,0.67398646725621,4.65210115023977,4,1.16302528755994,"diffuse_correct"
25,"clip",0.3,0.75,"fugw",8,"006 L4/5 IT CTX Glut",TRUE,1,1,0,2.19025407426251,8.93748361080634,13,0.687498739292795,"confident_correct"
25,"clip",0.3,0.75,"fugw",8,"007 L2/3 IT CTX Glut",TRUE,0.808234632863935,0.61646926572787,0.488772663707015,1.38628070394597,4.99887426211281,4,1.2497185655282,"underconfident_correct"
25,"clip",0.3,0.75,"fugw",8,"022 L5 ET CTX Glut",TRUE,1,1,-2.22044604925031e-16,1.79175946922805,6,6,1,"confident_correct"
25,"clip",0.3,0.75,"fugw",8,"027 L6b CTX Glut",FALSE,0.364187953781182,0.271624092437637,0.6557897951962,0.683584085766085,4.96901228191327,2,2.48450614095663,"cross_family_failure"
25,"clip",0.3,0.75,"fugw",8,"028 L6 CT CTX Glut",TRUE,1,1,1.11022302462516e-16,1.6094332564538,4.99997672015267,8,0.624997090019084,"confident_correct"
25,"clip",0.3,0.75,"fugw",8,"030 L5 NP CTX Glut",TRUE,0.947975797734276,0.895951595468552,0.204432793396478,1.38628872936938,4.56583293039,4,1.1414582325975,"confident_correct"
25,"clip",0.3,0.75,"fugw",8,"036 Vip Gaba",TRUE,1,1,0,1.74696298676633,5.73715238332177,8,0.717144047915222,"confident_correct"
25,"clip",0.3,0.75,"fugw",8,"037 Sncg Gaba",FALSE,0.3957449873235,0.208510025353,0.671248643670133,0.693152784052387,5.73708691927237,3,1.91236230642412,"cross_family_failure"
25,"clip",0.3,0.75,"fugw",8,"039 Lamp5 Gaba",TRUE,0.805752493174697,0.611504986349395,0.492323609391501,1.38628016735773,4.99942202363087,4,1.24985550590772,"underconfident_correct"
25,"clip",0.3,0.75,"fugw",8,"041 Pvalb chandelier Gaba",FALSE,0.206018403346182,0.587963193307637,0.508633348874831,0,5.46431217631428,1,5.46431217631428,"cross_family_failure"
25,"clip",0.3,0.75,"fugw",8,"042 Pvalb Gaba",TRUE,0.911982772550991,0.823965545101982,0.297926249510109,1.58936906357923,5.73967997171113,8,0.717459996463892,"confident_correct"
25,"clip",0.3,0.75,"fugw",8,"043 Sst Gaba",TRUE,1,1,-2.22044604925031e-16,2.05766058693157,7.82763629919883,14,0.559116878514202,"confident_correct"
25,"clip",0.3,0.75,"fugw",8,"046 Sst Chodl Gaba",FALSE,0,1,-2.22044604925031e-16,NA,5.99846082571798,1,5.99846082571798,"cross_family_failure"
25,"clip",0.3,0.75,"fugw",8,"287 Astro-TE NN",FALSE,0.308647819057153,0.382704361885695,0.618014480979333,0,1.85524076665008,1,1.85524076665008,"cross_family_failure"
25,"clip",0.3,0.75,"fugw",8,"294 OPC NN",FALSE,0,0.41734640106914,0.60333540662995,NA,2.69801874332019,1,2.69801874332019,"cross_family_failure"
25,"clip",0.3,0.75,"fugw",8,"295 Oligo NN",TRUE,1,1,0,0.69314718055584,1.99999999999179,4,0.499999999997947,"confident_correct"
25,"clip",0.3,0.75,"fugw",8,"299 Peri NN",FALSE,0,0.0519984681037938,1.07654876918156,NA,2.93453429912155,1,2.93453429912155,"cross_family_failure"
25,"clip",0.3,0.75,"fugw",8,"301 Endo NN",FALSE,0.288739064617711,0.422521870764579,0.601018796851768,0,1.8239761152405,1,1.8239761152405,"cross_family_failure"
25,"clip",0.3,0.75,"fugw",8,"302 Microglia NN",FALSE,0.394090811101919,0.211818377796162,0.670542828711609,0,1.95529842473571,1,1.95529842473571,"cross_family_failure"
26,"clip",0.3,0.9,"fugw",9,"001 Car3 Glut",FALSE,0.219826465774127,0.204646703149148,1.30001962473782,0,4.92203606323782,1,4.92203606323782,"cross_family_failure"
26,"clip",0.3,0.9,"fugw",9,"003 L5/6 IT TPE-ENT Glut",FALSE,0.316282552105003,0.0368441343043517,1.32672507544496,0.69222838426557,6.78689030053835,2,3.39344515026917,"cross_family_failure"
26,"clip",0.3,0.9,"fugw",9,"004 L6 IT CTX Glut",TRUE,1,1,-2.22044604925031e-16,1.76870240163363,5.86324029207304,11,0.533021844733913,"confident_correct"
26,"clip",0.3,0.9,"fugw",9,"005 L5 IT CTX Glut",TRUE,0.527832712026009,0.121616577834047,0.882530958228005,0.540208256103393,3.21449589349911,4,0.803623973374777,"underconfident_correct"
26,"clip",0.3,0.9,"fugw",9,"006 L4/5 IT CTX Glut",TRUE,1,1,1.11022302462516e-16,2.15783051856585,8.65234617755539,13,0.665565090581184,"confident_correct"
26,"clip",0.3,0.9,"fugw",9,"007 L2/3 IT CTX Glut",TRUE,0.81735264675478,0.634705293509561,0.475384142936117,1.38628009751736,4.99513205798167,4,1.24878301449542,"underconfident_correct"
26,"clip",0.3,0.9,"fugw",9,"022 L5 ET CTX Glut",TRUE,1,1,-2.22044604925031e-16,1.79175946922805,6,6,1,"confident_correct"
26,"clip",0.3,0.9,"fugw",9,"027 L6b CTX Glut",FALSE,0.397607255148516,0.204785489702969,0.672029556918081,0.693147180559945,4.99902603863854,2,2.49951301931927,"cross_family_failure"
26,"clip",0.3,0.9,"fugw",9,"028 L6 CT CTX Glut",TRUE,1,1,0,1.60943311811452,4.99997602845957,8,0.624997003557446,"confident_correct"
26,"clip",0.3,0.9,"fugw",9,"030 L5 NP CTX Glut",TRUE,1,1,0,1.38628821767389,3.99997542629148,4,0.99999385657287,"confident_correct"
26,"clip",0.3,0.9,"fugw",9,"036 Vip Gaba",TRUE,1,1,0,1.74694804581061,5.7370666654224,8,0.7171333331778,"confident_correct"
26,"clip",0.3,0.9,"fugw",9,"037 Sncg Gaba",FALSE,0.395693380627804,0.208613238744392,0.671226796791456,0.693627208317017,5.73804360082124,3,1.91268120027375,"cross_family_failure"
26,"clip",0.3,0.9,"fugw",9,"039 Lamp5 Gaba",TRUE,0.805852162558572,0.611704325117145,0.492181783655336,1.38627974744866,4.99940205382625,4,1.24985051345656,"underconfident_correct"
26,"clip",0.3,0.9,"fugw",9,"041 Pvalb chandelier Gaba",FALSE,0.216856106347048,0.566287787305903,0.522899941942213,0,5.15480395760269,1,5.15480395760269,"cross_family_failure"
26,"clip",0.3,0.9,"fugw",9,"042 Pvalb Gaba",TRUE,1,1,0,1.60168653446072,4.96139293242465,8,0.620174116553081,"confident_correct"
26,"clip",0.3,0.9,"fugw",9,"043 Sst Gaba",TRUE,1,1,2.22044604925031e-16,2.19387301547132,8.96988643514245,14,0.640706173938746,"confident_correct"
26,"clip",0.3,0.9,"fugw",9,"046 Sst Chodl Gaba",FALSE,0.158636644175895,0.682726711648209,0.437402193572633,0,6.54888000379905,1,6.54888000379905,"cross_family_failure"
26,"clip",0.3,0.9,"fugw",9,"287 Astro-TE NN",FALSE,0.164918855076159,0.670162289847682,0.447737186260751,0,1.56476739923747,1,1.56476739923747,"cross_family_failure"
26,"clip",0.3,0.9,"fugw",9,"294 OPC NN",FALSE,0,1,0,NA,3.9430754387493,1,3.9430754387493,"cross_family_failure"
26,"clip",0.3,0.9,"fugw",9,"295 Oligo NN",TRUE,1,1,0,1.3719609870354,3.9430754387493,4,0.985768859687326,"confident_correct"
26,"clip",0.3,0.9,"fugw",9,"299 Peri NN",FALSE,0.213903241375641,0.358290192029614,0.979219747251619,0,2.66237810346576,1,2.66237810346576,"cross_family_failure"
26,"clip",0.3,0.9,"fugw",9,"301 Endo NN",FALSE,0.5,0,0.693147180559945,0,2,1,2,"cross_family_failure"
26,"clip",0.3,0.9,"fugw",9,"302 Microglia NN",TRUE,0.785823105471855,0.57164621094371,0.51943841630046,0,1.68108331557478,1,1.68108331557478,"underconfident_correct"
27,"clip",0.3,1,"uot_molecular",7,"001 Car3 Glut",FALSE,0.202594864532019,0.124243911419273,1.35513499676102,0,5.60036007322391,1,5.60036007322391,"cross_family_failure"
27,"clip",0.3,1,"uot_molecular",7,"003 L5/6 IT TPE-ENT Glut",TRUE,0.322332358971294,0.0015597333263917,1.34334792596132,0.693109145854393,6.71897422849405,2,3.35948711424702,"diffuse_correct"
27,"clip",0.3,1,"uot_molecular",7,"004 L6 IT CTX Glut",TRUE,0.999965181609521,0.999930363219041,0.000392241266028644,1.79137247479749,5.99965725456475,11,0.545423386778613,"confident_correct"
27,"clip",0.3,1,"uot_molecular",7,"005 L5 IT CTX Glut",TRUE,0.421782427255991,0.00653329465139335,1.02472017962534,0.685496137098657,4.94156939608964,4,1.23539234902241,"diffuse_correct"
27,"clip",0.3,1,"uot_molecular",7,"006 L4/5 IT CTX Glut",TRUE,1,1,0,2.0697962161917,7.92320833175362,13,0.609477563981048,"confident_correct"
27,"clip",0.3,1,"uot_molecular",7,"007 L2/3 IT CTX Glut",TRUE,0.802791095172418,0.605582190344836,0.49650871404417,1.38629436111989,4.99987785151632,4,1.24996946287908,"underconfident_correct"
27,"clip",0.3,1,"uot_molecular",7,"022 L5 ET CTX Glut",TRUE,1,1,1.11022302462516e-16,1.79175946922805,6,6,1,"confident_correct"
27,"clip",0.3,1,"uot_molecular",7,"027 L6b CTX Glut",FALSE,0.347770753575981,0.304449313142629,0.646167442834246,0.660468315626634,4.91548010898414,2,2.45774005449207,"cross_family_failure"
27,"clip",0.3,1,"uot_molecular",7,"028 L6 CT CTX Glut",TRUE,1,1,0,1.60943791325366,5.00000000409778,8,0.625000000512223,"confident_correct"
27,"clip",0.3,1,"uot_molecular",7,"030 L5 NP CTX Glut",TRUE,0.909707882909535,0.819415765819069,0.303213154953674,1.38629436095412,4.77950059564521,4,1.1948751489113,"confident_correct"
27,"clip",0.3,1,"uot_molecular",7,"036 Vip Gaba",TRUE,0.738617244091697,0.505712659123863,0.664497215263663,1.92526357115848,10.1222478050693,8,1.26528097563366,"underconfident_correct"
27,"clip",0.3,1,"uot_molecular",7,"037 Sncg Gaba",FALSE,0.280028955847037,0.405665461348352,0.730791765190785,0.979824677461678,9.23575286399423,3,3.07858428799807,"cross_family_failure"
27,"clip",0.3,1,"uot_molecular",7,"039 Lamp5 Gaba",TRUE,0.83760861841699,0.67521724368698,0.443614268898949,1.37740677358,4.9405802482606,4,1.23514506206515,"underconfident_correct"
27,"clip",0.3,1,"uot_molecular",7,"041 Pvalb chandelier Gaba",FALSE,0.166666666638464,0.666666666723072,0.450561208820914,0,6.00000002204033,1,6.00000002204033,"cross_family_failure"
27,"clip",0.3,1,"uot_molecular",7,"042 Pvalb Gaba",TRUE,0.783338700031449,0.602094701642789,0.619145637166916,1.74857215009749,7.30774015627464,8,0.91346751953433,"underconfident_correct"
27,"clip",0.3,1,"uot_molecular",7,"043 Sst Gaba",TRUE,1,1,-2.22044604925031e-16,1.94478194386756,6.99210701697517,14,0.499436215498226,"confident_correct"
27,"clip",0.3,1,"uot_molecular",7,"046 Sst Chodl Gaba",FALSE,0,1,0,NA,6.40147115948144,1,6.40147115948144,"cross_family_failure"
27,"clip",0.3,1,"uot_molecular",7,"287 Astro-TE NN",FALSE,0.137304669047746,0.410490620193891,1.21265446160507,0,3.42005516631611,1,3.42005516631611,"cross_family_failure"
27,"clip",0.3,1,"uot_molecular",7,"294 OPC NN",FALSE,0,0.249244510940145,0.855072802636799,NA,3.73187953807788,1,3.73187953807788,"cross_family_failure"
27,"clip",0.3,1,"uot_molecular",7,"295 Oligo NN",TRUE,1,1,-2.22044604925031e-16,1.01374297928931,2.75589699956082,4,0.688974249890205,"confident_correct"
27,"clip",0.3,1,"uot_molecular",7,"299 Peri NN",FALSE,0.179984971086483,0.241581204777749,1.29980584258661,0,3.66858431562574,1,3.66858431562574,"cross_family_failure"
27,"clip",0.3,1,"uot_molecular",7,"301 Endo NN",FALSE,0.321122567294765,0.0343262677761005,1.11233350299668,0,3.04144735266188,1,3.04144735266188,"cross_family_failure"
27,"clip",0.3,1,"uot_molecular",7,"302 Microglia NN",FALSE,0.0250142873516053,0.904774193286928,0.331238769380375,0,2.59559819194923,1,2.59559819194923,"cross_family_failure"
28,"clip",1,0,"gw_only",1,"001 Car3 Glut",FALSE,0,1,0,NA,8.99999236952796,1,8.99999236952796,"cross_family_failure"
28,"clip",1,0,"gw_only",1,"003 L5/6 IT TPE-ENT Glut",FALSE,0,0.949442731986972,0.117930834640621,NA,5.28055491745985,2,2.64027745872993,"cross_family_failure"
28,"clip",1,0,"gw_only",1,"004 L6 IT CTX Glut",TRUE,1,1,0,2.19722372950563,8.99999236952796,11,0.818181124502542,"confident_correct"
28,"clip",1,0,"gw_only",1,"005 L5 IT CTX Glut",FALSE,0,1,0,NA,5.58930054632365,4,1.39732513658091,"cross_family_failure"
28,"clip",1,0,"gw_only",1,"006 L4/5 IT CTX Glut",FALSE,0,1,0,NA,5.15875176051605,13,0.396827058501234,"cross_family_failure"
28,"clip",1,0,"gw_only",1,"007 L2/3 IT CTX Glut",FALSE,0,1,0,NA,5.58930054632997,4,1.39732513658249,"cross_family_failure"
28,"clip",1,0,"gw_only",1,"022 L5 ET CTX Glut",FALSE,0.349830573356053,0.102090765975406,1.04717869866129,0.69314718055991,5.00123348583582,6,0.83353891430597,"cross_family_failure"
28,"clip",1,0,"gw_only",1,"027 L6b CTX Glut",FALSE,0,0.84752657495596,0.2694804951907,NA,8.93871746205924,2,4.46935873102962,"cross_family_failure"
28,"clip",1,0,"gw_only",1,"028 L6 CT CTX Glut",FALSE,0,0.464655574154849,0.786697226201932,NA,4.70959624598778,8,0.588699530748473,"cross_family_failure"
28,"clip",1,0,"gw_only",1,"030 L5 NP CTX Glut",FALSE,0,0.84752657495596,0.2694804951907,NA,8.93871746205924,4,2.23467936551481,"cross_family_failure"
28,"clip",1,0,"gw_only",1,"036 Vip Gaba",FALSE,0,1,0,NA,5.88783126831497,8,0.735978908539371,"cross_family_failure"
28,"clip",1,0,"gw_only",1,"037 Sncg Gaba",FALSE,0,1,1.11022302462516e-16,NA,5.97260954551523,3,1.99086984850508,"cross_family_failure"
28,"clip",1,0,"gw_only",1,"039 Lamp5 Gaba",FALSE,0,1,0,NA,6.01540512371181,4,1.50385128092795,"cross_family_failure"
28,"clip",1,0,"gw_only",1,"041 Pvalb chandelier Gaba",FALSE,0,0.826973106500552,0.294396118080312,NA,4.76242173086305,1,4.76242173086305,"cross_family_failure"
28,"clip",1,0,"gw_only",1,"042 Pvalb Gaba",FALSE,0,0.44535773483853,0.590405396680007,NA,5.02635627104625,8,0.628294533880782,"cross_family_failure"
28,"clip",1,0,"gw_only",1,"043 Sst Gaba",FALSE,0,0.823362348179425,0.298630847402754,NA,4.77068075088403,14,0.340762910777431,"cross_family_failure"
28,"clip",1,0,"gw_only",1,"046 Sst Chodl Gaba",FALSE,0.224223512486114,0,1.57368983916553,0,4.82441671386646,1,4.82441671386646,"cross_family_failure"
28,"clip",1,0,"gw_only",1,"287 Astro-TE NN",FALSE,0,0.154181332050253,0.681213693541282,NA,4.96522682792782,1,4.96522682792782,"cross_family_failure"
28,"clip",1,0,"gw_only",1,"294 OPC NN",FALSE,0,0.621929030402957,0.484821381496628,NA,4.90845955510852,1,4.90845955510852,"cross_family_failure"
28,"clip",1,0,"gw_only",1,"295 Oligo NN",FALSE,0,1,1.11022302462516e-16,NA,4.79363829528672,4,1.19840957382168,"cross_family_failure"
28,"clip",1,0,"gw_only",1,"299 Peri NN",FALSE,0,0.462385395737531,0.582068943899791,NA,5.593530813972,1,5.593530813972,"cross_family_failure"
28,"clip",1,0,"gw_only",1,"301 Endo NN",FALSE,0,1,1.11022302462516e-16,NA,5.39484567719918,1,5.39484567719918,"cross_family_failure"
28,"clip",1,0,"gw_only",1,"302 Microglia NN",FALSE,0,0.764476551901015,0.362441533133333,NA,4.88164918697696,1,4.88164918697696,"cross_family_failure"
29,"clip",1,0.1,"fugw",9,"001 Car3 Glut",FALSE,0,0.507737158869205,0.558045028140632,NA,5.36641252295216,1,5.36641252295216,"cross_family_failure"
29,"clip",1,0.1,"fugw",9,"003 L5/6 IT TPE-ENT Glut",FALSE,0,0.428519681061873,0.894399546825262,NA,4.94977491060978,2,2.47488745530489,"cross_family_failure"
29,"clip",1,0.1,"fugw",9,"004 L6 IT CTX Glut",TRUE,1,1,0,1.60698409553756,4.9877459562558,11,0.453431450568709,"confident_correct"
29,"clip",1,0.1,"fugw",9,"005 L5 IT CTX Glut",FALSE,0,0.147381152805978,0.682246915259879,NA,4.95685772563316,4,1.23921443140829,"cross_family_failure"
29,"clip",1,0.1,"fugw",9,"006 L4/5 IT CTX Glut",TRUE,1,1,0,1.77951567868366,5.92698515808725,13,0.45592193523748,"confident_correct"
29,"clip",1,0.1,"fugw",9,"007 L2/3 IT CTX Glut",TRUE,0.84671673420841,0.69343346841682,0.42836222141178,1.38629317450632,4.96374179652565,4,1.24093544913141,"underconfident_correct"
29,"clip",1,0.1,"fugw",9,"022 L5 ET CTX Glut",TRUE,1,1,0,1.71961796760779,5.58239540098305,6,0.930399233497176,"confident_correct"
29,"clip",1,0.1,"fugw",9,"027 L6b CTX Glut",FALSE,0.221182809763638,0.557634380472725,0.528400932750889,0,4.84611210482463,2,2.42305605241232,"cross_family_failure"
29,"clip",1,0.1,"fugw",9,"028 L6 CT CTX Glut",TRUE,1,1,0,1.58332807906053,4.8711404048777,8,0.608892550609712,"confident_correct"
29,"clip",1,0.1,"fugw",9,"030 L5 NP CTX Glut",TRUE,0.900144497483838,0.800288994967677,0.324765363921547,1.38629393366951,4.81930737791675,4,1.20482684447919,"confident_correct"
29,"clip",1,0.1,"fugw",9,"036 Vip Gaba",TRUE,1,1,1.11022302462516e-16,1.54843157052179,4.70408636588221,8,0.588010795735276,"confident_correct"
29,"clip",1,0.1,"fugw",9,"037 Sncg Gaba",FALSE,0.153300308698865,0.69339938260227,0.428391347960669,0,4.91053316477868,3,1.63684438825956,"cross_family_failure"
29,"clip",1,0.1,"fugw",9,"039 Lamp5 Gaba",TRUE,0.926796234447059,0.853592468894117,0.261848346935566,1.38629304006776,4.69575785129652,4,1.17393946282413,"confident_correct"
29,"clip",1,0.1,"fugw",9,"041 Pvalb chandelier Gaba",FALSE,0,0.810112191779059,0.313829388536573,NA,4.79945513426002,1,4.79945513426002,"cross_family_failure"
29,"clip",1,0.1,"fugw",9,"042 Pvalb Gaba",FALSE,0,1,-2.22044604925031e-16,NA,5.08548222098911,8,0.635685277623639,"cross_family_failure"
29,"clip",1,0.1,"fugw",9,"043 Sst Gaba",TRUE,1,1,0,1.58586598684445,4.88351861075636,14,0.348822757911169,"confident_correct"
29,"clip",1,0.1,"fugw",9,"046 Sst Chodl Gaba",FALSE,0,1,1.11022302462516e-16,NA,4.86384607530025,1,4.86384607530025,"cross_family_failure"
29,"clip",1,0.1,"fugw",9,"287 Astro-TE NN",FALSE,0.244956863336532,0,1.45302929703925,0,4.2760483356489,1,4.2760483356489,"cross_family_failure"
29,"clip",1,0.1,"fugw",9,"294 OPC NN",FALSE,0,0.234806432481806,1.25391282832184,NA,4.8603165076796,1,4.8603165076796,"cross_family_failure"
29,"clip",1,0.1,"fugw",9,"295 Oligo NN",TRUE,0.999998402651444,0.999996805302888,2.2917422748911e-05,1.38629388761127,4.00008091889682,4,1.0000202297242,"confident_correct"
29,"clip",1,0.1,"fugw",9,"299 Peri NN",FALSE,0,0.883379620520862,0.222292433868743,NA,4.60758886610802,1,4.60758886610802,"cross_family_failure"
29,"clip",1,0.1,"fugw",9,"301 Endo NN",FALSE,0,0.865839844056251,0.246019672182524,NA,4.66142410552243,1,4.66142410552243,"cross_family_failure"
29,"clip",1,0.1,"fugw",9,"302 Microglia NN",FALSE,0.235747333214729,0.214932043284387,1.24982273030711,0,4.76934113759935,1,4.76934113759935,"cross_family_failure"
30,"clip",1,0.25,"fugw",8,"001 Car3 Glut",FALSE,0.210210227549378,0.424821025134885,0.904971721005926,0,5.03076997520003,1,5.03076997520003,"cross_family_failure"
30,"clip",1,0.25,"fugw",8,"003 L5/6 IT TPE-ENT Glut",TRUE,0.4080207869626,0.204635181015249,1.42936720799467,0.693147080550782,5.54105893104601,2,2.770529465523,"diffuse_correct"
30,"clip",1,0.25,"fugw",8,"004 L6 IT CTX Glut",TRUE,1,1,-2.22044604925031e-16,1.60941222242016,4.99987155158021,11,0.454533777416383,"confident_correct"
30,"clip",1,0.25,"fugw",8,"005 L5 IT CTX Glut",TRUE,0.420590403867925,0.0479491552472077,1.05801956474732,0.693135594996855,4.97340401399648,4,1.24335100349912,"diffuse_correct"
30,"clip",1,0.25,"fugw",8,"006 L4/5 IT CTX Glut",TRUE,1,1,0,1.76354278636487,5.83306613839007,13,0.448697395260775,"confident_correct"
30,"clip",1,0.25,"fugw",8,"007 L2/3 IT CTX Glut",TRUE,0.814509596953604,0.629019193907208,0.479617527536804,1.3862932093643,4.9966448178363,4,1.24916120445907,"underconfident_correct"
30,"clip",1,0.25,"fugw",8,"022 L5 ET CTX Glut",TRUE,1,1,0,1.73497693400636,5.66879704586036,6,0.944799507643393,"confident_correct"
30,"clip",1,0.25,"fugw",8,"027 L6b CTX Glut",FALSE,0.257140639625597,0.485718720748805,0.57004481798653,0.420263695021753,5.25415357234612,2,2.62707678617306,"cross_family_failure"
30,"clip",1,0.25,"fugw",8,"028 L6 CT CTX Glut",TRUE,1,1,-2.22044604925031e-16,1.59619346992118,4.93421439590827,8,0.616776799488533,"confident_correct"
30,"clip",1,0.25,"fugw",8,"030 L5 NP CTX Glut",TRUE,0.886117403667322,0.772234807334643,0.354556630983527,1.38629393644994,4.86942477776814,4,1.21735619444204,"underconfident_correct"
30,"clip",1,0.25,"fugw",8,"036 Vip Gaba",TRUE,1,1,1.11022302462516e-16,1.48853615558392,4.43060505317964,8,0.553825631647455,"confident_correct"
30,"clip",1,0.25,"fugw",8,"037 Sncg Gaba",TRUE,0.735814847528639,0.471629695057278,0.577389093478166,1.09861228866811,4.30258871632734,3,1.43419623877578,"underconfident_correct"
30,"clip",1,0.25,"fugw",8,"039 Lamp5 Gaba",TRUE,0.997138586096694,0.994277172193387,0.0196150132842024,1.38629292430157,4.06307948415974,4,1.01576987103994,"confident_correct"
30,"clip",1,0.25,"fugw",8,"041 Pvalb chandelier Gaba",FALSE,0,1,0,NA,4.67122608277799,1,4.67122608277799,"cross_family_failure"
30,"clip",1,0.25,"fugw",8,"042 Pvalb Gaba",TRUE,0.858023411579921,0.716046823159841,0.408535404980164,1.37586841104946,4.89915486109873,8,0.612394357637341,"underconfident_correct"
30,"clip",1,0.25,"fugw",8,"043 Sst Gaba",TRUE,1,1,-2.22044604925031e-16,1.65521258773236,5.23419252903107,14,0.373870894930791,"confident_correct"
30,"clip",1,0.25,"fugw",8,"046 Sst Chodl Gaba",FALSE,0,1,2.22044604925031e-16,NA,4.89137671049845,1,4.89137671049845,"cross_family_failure"
30,"clip",1,0.25,"fugw",8,"287 Astro-TE NN",FALSE,0.249590497687761,0,1.38628958961377,0,3.99998091402104,1,3.99998091402104,"cross_family_failure"
30,"clip",1,0.25,"fugw",8,"294 OPC NN",FALSE,0,0.433233201515286,0.795602788999794,NA,4.65501235575678,1,4.65501235575678,"cross_family_failure"
30,"clip",1,0.25,"fugw",8,"295 Oligo NN",TRUE,1,1,0,1.3862938830256,3.99999808762329,4,0.999999521905824,"confident_correct"
30,"clip",1,0.25,"fugw",8,"299 Peri NN",FALSE,0,0.542532539118889,0.537741761024361,NA,4.77799678130478,1,4.77799678130478,"cross_family_failure"
30,"clip",1,0.25,"fugw",8,"301 Endo NN",FALSE,0,1,1.11022302462516e-16,NA,4.82056362340769,1,4.82056362340769,"cross_family_failure"
30,"clip",1,0.25,"fugw",8,"302 Microglia NN",TRUE,0.258769309664934,0.012464508277457,1.48307046053324,0,4.40645477621532,1,4.40645477621532,"diffuse_correct"
31,"clip",1,0.5,"fugw",8,"001 Car3 Glut",FALSE,0.192995463797088,0.244757229388049,1.30213634583344,0,5.67691789534365,1,5.67691789534365,"cross_family_failure"
31,"clip",1,0.5,"fugw",8,"003 L5/6 IT TPE-ENT Glut",TRUE,0.367324515004387,0.102001391127959,1.34241987246059,0.693146271395881,5.82360104580416,2,2.91180052290208,"diffuse_correct"
31,"clip",1,0.5,"fugw",8,"004 L6 IT CTX Glut",TRUE,1,1,2.22044604925031e-16,1.77299459081349,5.88846051487821,11,0.535314592261655,"confident_correct"
31,"clip",1,0.5,"fugw",8,"005 L5 IT CTX Glut",TRUE,0.412069875938416,0.0132141297591756,1.04686115709387,0.842266572985911,5.31422282742211,4,1.32855570685553,"diffuse_correct"
31,"clip",1,0.5,"fugw",8,"006 L4/5 IT CTX Glut",TRUE,1,1,1.11022302462516e-16,1.78311247009553,5.94834167184081,13,0.457564743987755,"confident_correct"
31,"clip",1,0.5,"fugw",8,"007 L2/3 IT CTX Glut",TRUE,0.798335208210927,0.601840515406813,0.526746693420721,1.3862932147483,5.12163321585904,4,1.28040830396476,"underconfident_correct"
31,"clip",1,0.5,"fugw",8,"022 L5 ET CTX Glut",TRUE,1,1,-2.22044604925031e-16,1.79175946922805,6,6,1,"confident_correct"
31,"clip",1,0.5,"fugw",8,"027 L6b CTX Glut",FALSE,0.313099477611942,0.373801044776116,0.621558201022151,0.618675120419492,5.28810823261555,2,2.64405411630777,"cross_family_failure"
31,"clip",1,0.5,"fugw",8,"028 L6 CT CTX Glut",TRUE,1,1,0,1.60736430481991,4.9896427041241,8,0.623705338015513,"confident_correct"
31,"clip",1,0.5,"fugw",8,"030 L5 NP CTX Glut",TRUE,0.880697852401548,0.761395704803095,0.3655322593639,1.38629393280816,4.88631455101535,4,1.22157863775384,"underconfident_correct"
31,"clip",1,0.5,"fugw",8,"036 Vip Gaba",TRUE,1,1,-2.22044604925031e-16,1.47553519538892,4.37337575723878,8,0.546671969654848,"confident_correct"
31,"clip",1,0.5,"fugw",8,"037 Sncg Gaba",TRUE,0.741005886337034,0.482011772674067,0.572002160011296,1.09861228866811,4.22598499558051,3,1.4086616651935,"underconfident_correct"
31,"clip",1,0.5,"fugw",8,"039 Lamp5 Gaba",TRUE,1,1,0,1.38629289831668,3.99999414879142,4,0.999998537197856,"confident_correct"
31,"clip",1,0.5,"fugw",8,"041 Pvalb chandelier Gaba",FALSE,0,1,-2.22044604925031e-16,NA,4.47652633260616,1,4.47652633260616,"cross_family_failure"
31,"clip",1,0.5,"fugw",8,"042 Pvalb Gaba",TRUE,0.713320152576594,0.426640305153187,0.599152041212861,1.09861188033424,4.60301760134182,8,0.575377200167727,"underconfident_correct"
31,"clip",1,0.5,"fugw",8,"043 Sst Gaba",TRUE,1,1,0,1.59090977293699,4.90821225639112,14,0.350586589742223,"confident_correct"
31,"clip",1,0.5,"fugw",8,"046 Sst Chodl Gaba",FALSE,0,1,2.22044604925031e-16,NA,4.76334539912255,1,4.76334539912255,"cross_family_failure"
31,"clip",1,0.5,"fugw",8,"287 Astro-TE NN",FALSE,0,0.395412383940531,0.612795331331163,NA,4.13152193834167,1,4.13152193834167,"cross_family_failure"
31,"clip",1,0.5,"fugw",8,"294 OPC NN",FALSE,0,0.47648513123515,0.574887123472853,NA,3.9849426805207,1,3.9849426805207,"cross_family_failure"
31,"clip",1,0.5,"fugw",8,"295 Oligo NN",TRUE,1,1,0,1.30189741900216,3.67626547011935,4,0.919066367529837,"confident_correct"
31,"clip",1,0.5,"fugw",8,"299 Peri NN",FALSE,0,0.0326513521354809,1.3703176047414,NA,4.37830379232953,1,4.37830379232953,"cross_family_failure"
31,"clip",1,0.5,"fugw",8,"301 Endo NN",FALSE,0.311012570385638,0,1.32619300746733,0,3.7666763485837,1,3.7666763485837,"cross_family_failure"
31,"clip",1,0.5,"fugw",8,"302 Microglia NN",FALSE,0,0.0331832828490943,1.46919795184815,NA,4.34574824357264,1,4.34574824357264,"cross_family_failure"
32,"clip",1,0.75,"fugw",9,"001 Car3 Glut",FALSE,0.180493344511539,0.326285441553687,1.22870460130843,0,5.96646486679598,1,5.96646486679598,"cross_family_failure"
32,"clip",1,0.75,"fugw",9,"003 L5/6 IT TPE-ENT Glut",TRUE,0.327901711692637,0.00271050524269673,1.33818606654355,0.693138834900001,6.34735822058622,2,3.17367911029311,"diffuse_correct"
32,"clip",1,0.75,"fugw",9,"004 L6 IT CTX Glut",TRUE,1,1,0,1.79171596319666,5.99973896948986,11,0.545430815408169,"confident_correct"
32,"clip",1,0.75,"fugw",9,"005 L5 IT CTX Glut",TRUE,0.434462631841328,0.0388701820772032,1.03023875504399,0.976656707013328,5.63308762776599,4,1.4082719069415,"diffuse_correct"
32,"clip",1,0.75,"fugw",9,"006 L4/5 IT CTX Glut",TRUE,1,1,0,1.94350270265486,6.98316814422162,13,0.53716678032474,"confident_correct"
32,"clip",1,0.75,"fugw",9,"007 L2/3 IT CTX Glut",TRUE,0.798417945297376,0.596835890594753,0.502587810899726,1.38629318643458,5.11554308826119,4,1.2788857720653,"underconfident_correct"
32,"clip",1,0.75,"fugw",9,"022 L5 ET CTX Glut",TRUE,1,1,-2.22044604925031e-16,1.79175946922805,6,6,1,"confident_correct"
32,"clip",1,0.75,"fugw",9,"027 L6b CTX Glut",FALSE,0.340690893713643,0.318618212572714,0.641492680456295,0.653091475593321,4.89550383887666,2,2.44775191943833,"cross_family_failure"
32,"clip",1,0.75,"fugw",9,"028 L6 CT CTX Glut",TRUE,1,1,0,1.60943752715891,4.99999807362444,8,0.624999759203055,"confident_correct"
32,"clip",1,0.75,"fugw",9,"030 L5 NP CTX Glut",TRUE,0.903465552825164,0.806931105650329,0.31740095559472,1.38629391108741,4.80602217031749,4,1.20150554257937,"confident_correct"
32,"clip",1,0.75,"fugw",9,"036 Vip Gaba",TRUE,1,1,1.11022302462516e-16,1.58546544703581,4.88156295883087,8,0.610195369853859,"confident_correct"
32,"clip",1,0.75,"fugw",9,"037 Sncg Gaba",TRUE,0.644089720772944,0.288179441545888,0.651028758028459,1.09330404810256,5.60345021768276,3,1.86781673922759,"underconfident_correct"
32,"clip",1,0.75,"fugw",9,"039 Lamp5 Gaba",TRUE,0.98204100206314,0.964082004126281,0.0899858986927765,1.38629289149664,4.26901174503975,4,1.06725293625994,"confident_correct"
32,"clip",1,0.75,"fugw",9,"041 Pvalb chandelier Gaba",FALSE,0.222084475315678,0.555831049368645,0.529533579936327,0,4.83400869734485,1,4.83400869734485,"cross_family_failure"
32,"clip",1,0.75,"fugw",9,"042 Pvalb Gaba",TRUE,0.791434905657692,0.582869811315383,0.512049311820382,1.35716240284993,4.88493026510689,8,0.610616283138361,"underconfident_correct"
32,"clip",1,0.75,"fugw",9,"043 Sst Gaba",TRUE,1,1,1.11022302462516e-16,1.72095488866179,5.58986361401966,14,0.399275972429976,"confident_correct"
32,"clip",1,0.75,"fugw",9,"046 Sst Chodl Gaba",FALSE,0,1,0,NA,5,1,5,"cross_family_failure"
32,"clip",1,0.75,"fugw",9,"287 Astro-TE NN",FALSE,0,0.0744592205742721,0.895541652660055,NA,3.45024020753035,1,3.45024020753035,"cross_family_failure"
32,"clip",1,0.75,"fugw",9,"294 OPC NN",FALSE,0,0.380303361935274,0.618979247771014,NA,3.5725134867682,1,3.5725134867682,"cross_family_failure"
32,"clip",1,0.75,"fugw",9,"295 Oligo NN",TRUE,1,1,0,1.04948460592137,2.85617868107338,4,0.714044670268345,"confident_correct"
32,"clip",1,0.75,"fugw",9,"299 Peri NN",FALSE,1.35875482065137e-06,0.122029740771147,1.19240040139986,0,3.29498099925736,1,3.29498099925736,"cross_family_failure"
32,"clip",1,0.75,"fugw",9,"301 Endo NN",FALSE,0.262998783718807,0.145405536944034,1.07258223696372,0,2.92291742885586,1,2.92291742885586,"cross_family_failure"
32,"clip",1,0.75,"fugw",9,"302 Microglia NN",FALSE,0.368286030714978,0.263427938570044,0.658037172025779,0,2.89114352944733,1,2.89114352944733,"cross_family_failure"
33,"clip",1,0.9,"fugw",7,"001 Car3 Glut",FALSE,0.208006795958803,0.0179463308215091,1.37191594353821,0,5.67634688371258,1,5.67634688371258,"cross_family_failure"
33,"clip",1,0.9,"fugw",7,"003 L5/6 IT TPE-ENT Glut",FALSE,0.329457273523614,0.00725452354207073,1.32996571134659,0.693069667536201,6.35842825971665,2,3.17921412985832,"cross_family_failure"
33,"clip",1,0.9,"fugw",7,"004 L6 IT CTX Glut",TRUE,1,1,1.11022302462516e-16,1.79038700082417,5.99177083800087,11,0.544706439818261,"confident_correct"
33,"clip",1,0.9,"fugw",7,"005 L5 IT CTX Glut",TRUE,0.443156404076851,0.0397698785466755,1.01450347393328,0.678088794425005,4.84254435058064,4,1.21063608764516,"diffuse_correct"
33,"clip",1,0.9,"fugw",7,"006 L4/5 IT CTX Glut",TRUE,1,1,0,2.15577933772655,8.63461684011567,13,0.664201295393513,"confident_correct"
33,"clip",1,0.9,"fugw",7,"007 L2/3 IT CTX Glut",TRUE,0.805039196404566,0.610078392809132,0.493336752509556,1.38629314217788,4.99959580251593,4,1.24989895062898,"underconfident_correct"
33,"clip",1,0.9,"fugw",7,"022 L5 ET CTX Glut",TRUE,1,1,1.11022302462516e-16,1.79175946922805,6,6,1,"confident_correct"
33,"clip",1,0.9,"fugw",7,"027 L6b CTX Glut",FALSE,0.355133385703573,0.289733228592854,0.650566619478713,0.671786379023728,4.94107061522469,2,2.47053530761235,"cross_family_failure"
33,"clip",1,0.9,"fugw",7,"028 L6 CT CTX Glut",TRUE,1,1,0,1.60943751607552,4.99999801820748,8,0.624999752275935,"confident_correct"
33,"clip",1,0.9,"fugw",7,"030 L5 NP CTX Glut",TRUE,0.924735131914356,0.849470263828712,0.267049387772717,1.38629388701282,4.70678012154972,4,1.17669503038743,"confident_correct"
33,"clip",1,0.9,"fugw",7,"036 Vip Gaba",TRUE,1,1,0,1.74780735551912,5.741998701276,8,0.7177498376595,"confident_correct"
33,"clip",1,0.9,"fugw",7,"037 Sncg Gaba",FALSE,0.398814621306377,0.202370757387245,0.672528109003023,0.693151931232976,5.74131165150474,3,1.91377055050158,"cross_family_failure"
33,"clip",1,0.9,"fugw",7,"039 Lamp5 Gaba",TRUE,0.801691121398954,0.603382242797908,0.4980490753384,1.38629313157682,4.99995029097604,4,1.24998757274401,"underconfident_correct"
33,"clip",1,0.9,"fugw",7,"041 Pvalb chandelier Gaba",FALSE,0.201061848665621,0.597876302668758,0.501870939510994,0,5.68708758600482,1,5.68708758600482,"cross_family_failure"
33,"clip",1,0.9,"fugw",7,"042 Pvalb Gaba",TRUE,0.829052427402168,0.658104854804336,0.457385532895857,1.56879043500665,5.80079542925085,8,0.725099428656357,"underconfident_correct"
33,"clip",1,0.9,"fugw",7,"043 Sst Gaba",TRUE,1,1,2.22044604925031e-16,1.94591010028239,6.99999965858955,14,0.499999975613539,"confident_correct"
33,"clip",1,0.9,"fugw",7,"046 Sst Chodl Gaba",FALSE,0,1,0,NA,5.9993323633007,1,5.9993323633007,"cross_family_failure"
33,"clip",1,0.9,"fugw",7,"287 Astro-TE NN",FALSE,0.327798160974111,0.344403678051778,0.632608350198942,0,1.88251443790235,1,1.88251443790235,"cross_family_failure"
33,"clip",1,0.9,"fugw",7,"294 OPC NN",FALSE,0,0.37863857114406,0.619644234461924,NA,2.5552251234419,1,2.5552251234419,"cross_family_failure"
33,"clip",1,0.9,"fugw",7,"295 Oligo NN",TRUE,1,1,0,0.686187355999794,1.98612867785685,4,0.496532169464212,"confident_correct"
33,"clip",1,0.9,"fugw",7,"299 Peri NN",FALSE,0,0.0143919365789159,1.09734018626689,NA,2.99618611913415,1,2.99618611913415,"cross_family_failure"
33,"clip",1,0.9,"fugw",7,"301 Endo NN",FALSE,0.322475054268664,0.355049891462673,0.628721026754846,0,1.87521070058609,1,1.87521070058609,"cross_family_failure"
33,"clip",1,0.9,"fugw",7,"302 Microglia NN",FALSE,0.351935988761917,0.296128022476165,0.64863686148578,0,1.91293146040378,1,1.91293146040378,"cross_family_failure"
34,"clip",1,1,"uot_molecular",6,"001 Car3 Glut",FALSE,0.183371263464723,0.279478687634454,1.27850969970476,0,5.98931593144771,1,5.98931593144771,"cross_family_failure"
34,"clip",1,1,"uot_molecular",6,"003 L5/6 IT TPE-ENT Glut",FALSE,0.311401908052972,0.0444818731357854,1.32774759065775,0.69123078237851,6.52680289495052,2,3.26340144747526,"cross_family_failure"
34,"clip",1,1,"uot_molecular",6,"004 L6 IT CTX Glut",TRUE,0.979686964151078,0.959373928326357,0.0992549059671323,1.80782603931641,6.49062293634473,11,0.590056630576793,"confident_correct"
34,"clip",1,1,"uot_molecular",6,"005 L5 IT CTX Glut",TRUE,0.396642521965554,0.0100338729249115,1.06560622450646,0.837353904393031,5.93387744053974,4,1.48346936013494,"diffuse_correct"
34,"clip",1,1,"uot_molecular",6,"006 L4/5 IT CTX Glut",TRUE,1,1,0,1.97012717917054,7.17158850702828,13,0.551660654386791,"confident_correct"
34,"clip",1,1,"uot_molecular",6,"007 L2/3 IT CTX Glut",TRUE,0.769152903463199,0.543461145420045,0.564994381367638,1.38629436111989,5.62970899392102,4,1.40742724848026,"underconfident_correct"
34,"clip",1,1,"uot_molecular",6,"022 L5 ET CTX Glut",TRUE,1,1,0,1.79139824537928,5.99783304830826,6,0.99963884138471,"confident_correct"
34,"clip",1,1,"uot_molecular",6,"027 L6b CTX Glut",FALSE,0.312616899873504,0.367739614781247,0.660373244703386,0.613352538133873,5.45591196499247,2,2.72795598249624,"cross_family_failure"
34,"clip",1,1,"uot_molecular",6,"028 L6 CT CTX Glut",TRUE,0.986942798123128,0.973885596246256,0.0696191492419438,1.60870452022546,5.24522848004663,8,0.655653560005829,"confident_correct"
34,"clip",1,1,"uot_molecular",6,"030 L5 NP CTX Glut",TRUE,0.875570962280897,0.751141925659357,0.375657649186738,1.38619503599513,4.91143984647558,4,1.22785996161889,"underconfident_correct"
34,"clip",1,1,"uot_molecular",6,"036 Vip Gaba",TRUE,0.729938018081544,0.51292433074976,0.717120030345729,1.7896670030125,9.37341074594113,8,1.17167634324264,"underconfident_correct"
34,"clip",1,1,"uot_molecular",6,"037 Sncg Gaba",FALSE,0.222065621569553,0.488978393808911,0.757559891249133,0.985995673156649,9.83332575263049,3,3.27777525087683,"cross_family_failure"
34,"clip",1,1,"uot_molecular",6,"039 Lamp5 Gaba",TRUE,0.860977351235349,0.723793047288744,0.41417527080771,1.35616779646802,4.95306042531307,4,1.23826510632827,"underconfident_correct"
34,"clip",1,1,"uot_molecular",6,"041 Pvalb chandelier Gaba",FALSE,0.199396733618225,0.601206444576755,0.49956648167795,0,5.17476238354719,1,5.17476238354719,"cross_family_failure"
34,"clip",1,1,"uot_molecular",6,"042 Pvalb Gaba",TRUE,0.683704562769847,0.406166482505633,0.741690334129922,1.64333981747871,7.62286405419575,8,0.952858006774469,"underconfident_correct"
34,"clip",1,1,"uot_molecular",6,"043 Sst Gaba",TRUE,1,1,1.11022302462516e-16,1.81509492508279,6.14165914727829,14,0.438689939091306,"confident_correct"
34,"clip",1,1,"uot_molecular",6,"046 Sst Chodl Gaba",FALSE,0,1,1.11022302462516e-16,NA,5.19737060702846,1,5.19737060702846,"cross_family_failure"
34,"clip",1,1,"uot_molecular",6,"287 Astro-TE NN",FALSE,0.00785082379291665,0.0727456717881192,1.19126840824338,0,4.52811729620066,1,4.52811729620066,"cross_family_failure"
34,"clip",1,1,"uot_molecular",6,"294 OPC NN",FALSE,2.14909712684671e-08,0.351465947412346,0.866950529794285,0,4.48970521176836,1,4.48970521176836,"cross_family_failure"
34,"clip",1,1,"uot_molecular",6,"295 Oligo NN",TRUE,0.918008136352858,0.836359555384621,0.286199141134639,1.11821363271592,3.71635726112252,4,0.92908931528063,"confident_correct"
34,"clip",1,1,"uot_molecular",6,"299 Peri NN",FALSE,0.137740826654419,0.00677739751147399,1.56714682824492,0,5.03124609317604,1,5.03124609317604,"cross_family_failure"
34,"clip",1,1,"uot_molecular",6,"301 Endo NN",FALSE,0.18147232734446,0.11786870987759,1.7387640756914,0,6.43610173016205,1,6.43610173016205,"cross_family_failure"
34,"clip",1,1,"uot_molecular",6,"302 Microglia NN",FALSE,0.0339853643799326,0.258733446763505,1.58640233317706,0,6.74494491139045,1,6.74494491139045,"cross_family_failure"
35,"clip",3,0,"gw_only",0,"001 Car3 Glut",FALSE,0,1,3.33066907387547e-16,NA,9,1,9,"cross_family_failure"
35,"clip",3,0,"gw_only",0,"003 L5/6 IT TPE-ENT Glut",FALSE,0,1,1.11022302462516e-16,NA,4.82356405150729,2,2.41178202575365,"cross_family_failure"
35,"clip",3,0,"gw_only",0,"004 L6 IT CTX Glut",FALSE,0,1,3.33066907387547e-16,NA,9,11,0.818181818181818,"cross_family_failure"
35,"clip",3,0,"gw_only",0,"005 L5 IT CTX Glut",FALSE,0,0.121716130565514,1.03170209956786,NA,5.22888550555852,4,1.30722137638963,"cross_family_failure"
35,"clip",3,0,"gw_only",0,"006 L4/5 IT CTX Glut",FALSE,0,1,0,NA,4.8324893239747,13,0.371729947998054,"cross_family_failure"
35,"clip",3,0,"gw_only",0,"007 L2/3 IT CTX Glut",FALSE,0,1,0,NA,4.83218966056936,4,1.20804741514234,"cross_family_failure"
35,"clip",3,0,"gw_only",0,"022 L5 ET CTX Glut",FALSE,0,0.890481247258489,0.287158872744895,NA,5.64584292693052,6,0.940973821155086,"cross_family_failure"
35,"clip",3,0,"gw_only",0,"027 L6b CTX Glut",FALSE,0,1,-2.22044604925031e-16,NA,9.47776567862344,2,4.73888283931172,"cross_family_failure"
35,"clip",3,0,"gw_only",0,"028 L6 CT CTX Glut",FALSE,0,1,0,NA,4.91160268238816,8,0.61395033529852,"cross_family_failure"
35,"clip",3,0,"gw_only",0,"030 L5 NP CTX Glut",FALSE,0,1,-2.22044604925031e-16,NA,9.47776567862344,4,2.36944141965586,"cross_family_failure"
35,"clip",3,0,"gw_only",0,"036 Vip Gaba",FALSE,0,0.799988436716384,0.325095676771222,NA,4.81989653346921,8,0.602487066683651,"cross_family_failure"
35,"clip",3,0,"gw_only",0,"037 Sncg Gaba",TRUE,0.675744917427031,0.451221154189532,0.830147070322842,1.09861228866811,4.81881834136416,3,1.60627278045472,"underconfident_correct"
35,"clip",3,0,"gw_only",0,"039 Lamp5 Gaba",FALSE,0,0.798866512915482,0.326326454784779,NA,4.82208142044268,4,1.20552035511067,"cross_family_failure"
35,"clip",3,0,"gw_only",0,"041 Pvalb chandelier Gaba",FALSE,0.205934852910857,0.588130294178285,0.508520610078538,0,4.8890087763532,1,4.8890087763532,"cross_family_failure"
35,"clip",3,0,"gw_only",0,"042 Pvalb Gaba",FALSE,0,0.479849124630268,0.809223484552556,NA,5.32474431283757,8,0.665593039104696,"cross_family_failure"
35,"clip",3,0,"gw_only",0,"043 Sst Gaba",FALSE,0,1,0,NA,4.83059674725294,14,0.345042624803781,"cross_family_failure"
35,"clip",3,0,"gw_only",0,"046 Sst Chodl Gaba",FALSE,0,0.77354734640301,0.353208037452205,NA,4.86729012328486,1,4.86729012328486,"cross_family_failure"
35,"clip",3,0,"gw_only",0,"287 Astro-TE NN",FALSE,0,0.76932183662546,0.357534402930604,NA,4.87409674851868,1,4.87409674851868,"cross_family_failure"
35,"clip",3,0,"gw_only",0,"294 OPC NN",FALSE,0,0.548111092974096,0.534329350394552,NA,4.97658088420761,1,4.97658088420761,"cross_family_failure"
35,"clip",3,0,"gw_only",0,"295 Oligo NN",FALSE,0,1,-2.22044604925031e-16,NA,4.86446603330806,4,1.21611650832702,"cross_family_failure"
35,"clip",3,0,"gw_only",0,"299 Peri NN",FALSE,0,0.61026421958221,0.493204965233694,NA,4.90297311850157,1,4.90297311850157,"cross_family_failure"
35,"clip",3,0,"gw_only",0,"301 Endo NN",FALSE,0,1,0,NA,4.80860865719112,1,4.80860865719112,"cross_family_failure"
35,"clip",3,0,"gw_only",0,"302 Microglia NN",FALSE,0,0,1.73220804529669,NA,5.65312248828977,1,5.65312248828977,"cross_family_failure"
36,"clip",3,0.1,"fugw",8,"001 Car3 Glut",FALSE,0,0.32134576516807,0.640588149583019,NA,4.88690634517814,1,4.88690634517814,"cross_family_failure"
36,"clip",3,0.1,"fugw",8,"003 L5/6 IT TPE-ENT Glut",FALSE,0,0.560534924876229,0.526569234717962,NA,4.88847093835029,2,2.44423546917514,"cross_family_failure"
36,"clip",3,0.1,"fugw",8,"004 L6 IT CTX Glut",TRUE,1,1,1.11022302462516e-16,1.64466068735031,5.179252222968,11,0.470841111178909,"confident_correct"
36,"clip",3,0.1,"fugw",8,"005 L5 IT CTX Glut",FALSE,0,0.401650864460675,0.610163292006292,NA,5.26722230923562,4,1.31680557730891,"cross_family_failure"
36,"clip",3,0.1,"fugw",8,"006 L4/5 IT CTX Glut",TRUE,1,1,-2.22044604925031e-16,1.58820446320522,4.89495196669103,13,0.376534766668541,"confident_correct"
36,"clip",3,0.1,"fugw",8,"007 L2/3 IT CTX Glut",TRUE,0.72203630954897,0.44407261909794,0.59101980183154,1.29253687984275,5.28905578893595,4,1.32226394723399,"underconfident_correct"
36,"clip",3,0.1,"fugw",8,"022 L5 ET CTX Glut",TRUE,1,1,0,1.58597270510345,4.88403979916993,6,0.814006633194988,"confident_correct"
36,"clip",3,0.1,"fugw",8,"027 L6b CTX Glut",FALSE,0.210582748682326,0.578834502635348,0.514727746354698,0,4.8775355636591,2,2.43876778182955,"cross_family_failure"
36,"clip",3,0.1,"fugw",8,"028 L6 CT CTX Glut",TRUE,1,1,0,1.57776502065389,4.8441172018188,8,0.605514650227351,"confident_correct"
36,"clip",3,0.1,"fugw",8,"030 L5 NP CTX Glut",TRUE,0.90015849781881,0.800316995637621,0.324734578458694,1.3862943143528,5.0056101749987,4,1.25140254374968,"confident_correct"
36,"clip",3,0.1,"fugw",8,"036 Vip Gaba",TRUE,1,1,0,1.57767534886395,4.84368284063392,8,0.60546035507924,"confident_correct"
36,"clip",3,0.1,"fugw",8,"037 Sncg Gaba",FALSE,0.212928526582398,0.574142946835204,0.517810989754685,5.60447777932591e-05,4.87768310037994,3,1.62589436679331,"cross_family_failure"
36,"clip",3,0.1,"fugw",8,"039 Lamp5 Gaba",TRUE,0.897942695675734,0.795885391351468,0.329579960978209,1.38629422118238,4.8278089487695,4,1.20695223719237,"underconfident_correct"
36,"clip",3,0.1,"fugw",8,"041 Pvalb chandelier Gaba",FALSE,0,0.776574178428952,0.350081672524743,NA,4.86165679163102,1,4.86165679163102,"cross_family_failure"
36,"clip",3,0.1,"fugw",8,"042 Pvalb Gaba",FALSE,0,1,1.11022302462516e-16,NA,4.85912334235077,8,0.607390417793846,"cross_family_failure"
36,"clip",3,0.1,"fugw",8,"043 Sst Gaba",TRUE,1,1,0,1.58187877397645,4.86408574973228,14,0.347434696409449,"confident_correct"
36,"clip",3,0.1,"fugw",8,"046 Sst Chodl Gaba",FALSE,0,1,0,NA,4.85451142724089,1,4.85451142724089,"cross_family_failure"
36,"clip",3,0.1,"fugw",8,"287 Astro-TE NN",FALSE,0.226374849930894,0.0935273937185118,1.37384738435133,0,4.80043612481249,1,4.80043612481249,"cross_family_failure"
36,"clip",3,0.1,"fugw",8,"294 OPC NN",FALSE,0.151053295054759,0.0996013300006266,1.58569129362081,0,5.99109408782426,1,5.99109408782426,"cross_family_failure"
36,"clip",3,0.1,"fugw",8,"295 Oligo NN",TRUE,0.921535390978401,0.843070781956802,0.275003304583196,1.3862943132948,4.72337023008851,4,1.18084255752213,"confident_correct"
36,"clip",3,0.1,"fugw",8,"299 Peri NN",FALSE,0,0.809533233293144,0.314481593325272,NA,4.80064122222663,1,4.80064122222663,"cross_family_failure"
36,"clip",3,0.1,"fugw",8,"301 Endo NN",FALSE,0,0.83404879126792,0.285977347742663,NA,4.92238424261024,1,4.92238424261024,"cross_family_failure"
36,"clip",3,0.1,"fugw",8,"302 Microglia NN",FALSE,0.228788526315359,0.221926401860295,1.3127260617897,0,5.0791181660406,1,5.0791181660406,"cross_family_failure"
37,"clip",3,0.25,"fugw",9,"001 Car3 Glut",FALSE,0.216775263923543,0.496089264059655,0.759450274630803,0,5.39078343504578,1,5.39078343504578,"cross_family_failure"
37,"clip",3,0.25,"fugw",9,"003 L5/6 IT TPE-ENT Glut",TRUE,0.345796285385774,0.122179569203022,1.36341576649478,0.66237909689625,5.09077319239357,2,2.54538659619679,"diffuse_correct"
37,"clip",3,0.25,"fugw",9,"004 L6 IT CTX Glut",TRUE,1,1,2.22044604925031e-16,1.60172804677305,4.96159889559263,11,0.451054445053876,"confident_correct"
37,"clip",3,0.25,"fugw",9,"005 L5 IT CTX Glut",TRUE,0.578600493811344,0.36205846118445,0.972669568829047,1.08312792802697,4.94990271497128,4,1.23747567874282,"underconfident_correct"
37,"clip",3,0.25,"fugw",9,"006 L4/5 IT CTX Glut",TRUE,1,1,0,1.71629431601309,5.56387226288664,13,0.427990174068203,"confident_correct"
37,"clip",3,0.25,"fugw",9,"007 L2/3 IT CTX Glut",TRUE,0.865160002285035,0.730320004570069,0.395484853743764,1.38629422657536,4.92759564336171,4,1.23189891084043,"underconfident_correct"
37,"clip",3,0.25,"fugw",9,"022 L5 ET CTX Glut",TRUE,1,1,1.11022302462516e-16,1.60367709711912,4.97127873181692,6,0.82854645530282,"confident_correct"
37,"clip",3,0.25,"fugw",9,"027 L6b CTX Glut",FALSE,0.216526757541168,0.566946484917663,0.522476711461323,0,4.86135151453,2,2.430675757265,"cross_family_failure"
37,"clip",3,0.25,"fugw",9,"028 L6 CT CTX Glut",TRUE,1,1,1.11022302462516e-16,1.58107736975623,4.86018921244418,8,0.607523651555522,"confident_correct"
37,"clip",3,0.25,"fugw",9,"030 L5 NP CTX Glut",TRUE,0.900974907834507,0.801949815669015,0.3229355863568,1.38629431415509,4.93335414801594,4,1.23333853700398,"confident_correct"
37,"clip",3,0.25,"fugw",9,"036 Vip Gaba",TRUE,1,1,0,1.55638337483277,4.74164145760824,8,0.59270518220103,"confident_correct"
37,"clip",3,0.25,"fugw",9,"037 Sncg Gaba",FALSE,0.165293583679469,0.669412832641061,0.448344514788968,0.014449543125855,4.92693701396536,3,1.64231233798845,"cross_family_failure"
37,"clip",3,0.25,"fugw",9,"039 Lamp5 Gaba",TRUE,0.918961400130216,0.837922800260432,0.281298693793063,1.38629421740522,4.94402066590783,4,1.23600516647696,"confident_correct"
37,"clip",3,0.25,"fugw",9,"041 Pvalb chandelier Gaba",FALSE,0,1,0,NA,4.80708846552598,1,4.80708846552598,"cross_family_failure"
37,"clip",3,0.25,"fugw",9,"042 Pvalb Gaba",TRUE,0.80586748340541,0.611734966810819,0.492159977044356,1.36230187541186,4.90372323775617,8,0.612965404719521,"underconfident_correct"
37,"clip",3,0.25,"fugw",9,"043 Sst Gaba",TRUE,1,1,1.11022302462516e-16,1.64237434042542,5.16742418222954,14,0.36910172730211,"confident_correct"
37,"clip",3,0.25,"fugw",9,"046 Sst Chodl Gaba",FALSE,0,1,1.11022302462516e-16,NA,4.84820310217014,1,4.84820310217014,"cross_family_failure"
37,"clip",3,0.25,"fugw",9,"287 Astro-TE NN",FALSE,0.23570007103871,0,1.52548928986816,0,4.59739247663683,1,4.59739247663683,"cross_family_failure"
37,"clip",3,0.25,"fugw",9,"294 OPC NN",FALSE,0,0.142546038145631,1.32114309429816,NA,5.21265125180487,1,5.21265125180487,"cross_family_failure"
37,"clip",3,0.25,"fugw",9,"295 Oligo NN",TRUE,0.943727130613083,0.887454261226167,0.216586574774004,1.38629431202289,4.59454682777685,4,1.14863670694421,"confident_correct"
37,"clip",3,0.25,"fugw",9,"299 Peri NN",FALSE,0,1,0,NA,4.95734224712839,1,4.95734224712839,"cross_family_failure"
37,"clip",3,0.25,"fugw",9,"301 Endo NN",FALSE,0,0.890264119579349,0.212606470952272,NA,5.48293991707825,1,5.48293991707825,"cross_family_failure"
37,"clip",3,0.25,"fugw",9,"302 Microglia NN",TRUE,0.233094277179907,0.00375308617092629,1.56234332673602,0,4.7699857941778,1,4.7699857941778,"diffuse_correct"
38,"clip",3,0.5,"fugw",7,"001 Car3 Glut",FALSE,0.21506845147553,0.351622332239377,0.983039213078027,0,5.03072495281284,1,5.03072495281284,"cross_family_failure"
38,"clip",3,0.5,"fugw",7,"003 L5/6 IT TPE-ENT Glut",TRUE,0.413858188084534,0.207081103499056,1.3201780190668,0.693147081927588,5.60829159555827,2,2.80414579777913,"diffuse_correct"
38,"clip",3,0.5,"fugw",7,"004 L6 IT CTX Glut",TRUE,1,1,1.11022302462516e-16,1.72659937704128,5.62150474923413,11,0.511045886294012,"confident_correct"
38,"clip",3,0.5,"fugw",7,"005 L5 IT CTX Glut",TRUE,0.431686964806117,0.0762198466463824,1.05962064364739,0.69313065305996,4.93448278989311,4,1.23362069747328,"diffuse_correct"
38,"clip",3,0.5,"fugw",7,"006 L4/5 IT CTX Glut",TRUE,1,1,0,1.68407301362867,5.387454519988,13,0.414419578460615,"confident_correct"
38,"clip",3,0.5,"fugw",7,"007 L2/3 IT CTX Glut",TRUE,0.825613986716313,0.651227973432627,0.462773086843273,1.38629423187353,4.98940664752778,4,1.24735166188194,"underconfident_correct"
38,"clip",3,0.5,"fugw",7,"022 L5 ET CTX Glut",TRUE,1,1,0,1.7208318513761,5.58917589468165,6,0.931529315780275,"confident_correct"
38,"clip",3,0.5,"fugw",7,"027 L6b CTX Glut",FALSE,0.10078426353889,0.79843147292222,0.326802767371479,0,5.20108575409365,2,2.60054287704682,"cross_family_failure"
38,"clip",3,0.5,"fugw",7,"028 L6 CT CTX Glut",TRUE,0.841671157622572,0.683342315245145,0.436888299706509,1.38514742750725,4.96655747178246,8,0.620819683972808,"underconfident_correct"
38,"clip",3,0.5,"fugw",7,"030 L5 NP CTX Glut",TRUE,0.88235934554707,0.764718691094139,0.362197652752221,1.38629431486,4.88127959287213,4,1.22031989821803,"underconfident_correct"
38,"clip",3,0.5,"fugw",7,"036 Vip Gaba",TRUE,1,1,-2.22044604925031e-16,1.55898705054724,4.75400324037144,8,0.59425040504643,"confident_correct"
38,"clip",3,0.5,"fugw",7,"037 Sncg Gaba",TRUE,0.623403085454233,0.246806170908465,0.662373545813128,1.08570282341383,4.90722017713152,3,1.63574005904384,"underconfident_correct"
38,"clip",3,0.5,"fugw",7,"039 Lamp5 Gaba",TRUE,0.930612327935899,0.861224655871798,0.252052157209776,1.38629421458437,4.67465163528795,4,1.16866290882199,"confident_correct"
38,"clip",3,0.5,"fugw",7,"041 Pvalb chandelier Gaba",FALSE,0,1,0,NA,4.72229478754695,1,4.72229478754695,"cross_family_failure"
38,"clip",3,0.5,"fugw",7,"042 Pvalb Gaba",TRUE,0.842336020314598,0.684672040629197,0.435775843025906,1.37230623832688,4.91218483037737,8,0.614023103797172,"underconfident_correct"
38,"clip",3,0.5,"fugw",7,"043 Sst Gaba",TRUE,1,1,1.11022302462516e-16,1.63699573421969,5.13970525387969,14,0.36712180384855,"confident_correct"
38,"clip",3,0.5,"fugw",7,"046 Sst Chodl Gaba",FALSE,0,1,0,NA,4.82608875425297,1,4.82608875425297,"cross_family_failure"
38,"clip",3,0.5,"fugw",7,"287 Astro-TE NN",TRUE,0.250513324568004,5.40921300667963e-05,1.38629000326112,0,4.18512026651587,1,4.18512026651587,"diffuse_correct"
38,"clip",3,0.5,"fugw",7,"294 OPC NN",FALSE,0,0.244167522628843,1.16522527763016,NA,4.6004522372509,1,4.6004522372509,"cross_family_failure"
38,"clip",3,0.5,"fugw",7,"295 Oligo NN",TRUE,0.98897720799636,0.97795441599272,0.0606502497921597,1.38629430930529,4.18565718585541,4,1.04641429646385,"confident_correct"
38,"clip",3,0.5,"fugw",7,"299 Peri NN",FALSE,0,0.53782533305385,0.540586844468259,NA,4.72632945582987,1,4.72632945582987,"cross_family_failure"
38,"clip",3,0.5,"fugw",7,"301 Endo NN",FALSE,0,0.497670486102168,0.578869758136556,NA,4.47148375206187,1,4.47148375206187,"cross_family_failure"
38,"clip",3,0.5,"fugw",7,"302 Microglia NN",FALSE,0,0.00961483379931921,1.51745089013988,NA,4.56058493327083,1,4.56058493327083,"cross_family_failure"
39,"clip",3,0.75,"fugw",8,"001 Car3 Glut",FALSE,0.200712676646249,0.189184569691861,1.33634315980715,0,5.09470473343584,1,5.09470473343584,"cross_family_failure"
39,"clip",3,0.75,"fugw",8,"003 L5/6 IT TPE-ENT Glut",TRUE,0.366239324969673,0.0989875507203922,1.34245310820425,0.693146283923016,5.83522890347077,2,2.91761445173538,"diffuse_correct"
39,"clip",3,0.75,"fugw",8,"004 L6 IT CTX Glut",TRUE,1,1,-2.22044604925031e-16,1.77164067744789,5.88049344406319,11,0.534590313096654,"confident_correct"
39,"clip",3,0.75,"fugw",8,"005 L5 IT CTX Glut",FALSE,0.402796092732044,0.000776725486157148,1.05037741488347,0.692971614657321,4.99870832353534,4,1.24967708088384,"cross_family_failure"
39,"clip",3,0.75,"fugw",8,"006 L4/5 IT CTX Glut",TRUE,1,1,0,1.74185450446647,5.70791897466959,13,0.439070690359199,"confident_correct"
39,"clip",3,0.75,"fugw",8,"007 L2/3 IT CTX Glut",TRUE,0.791021420607803,0.59470478118692,0.560369983122685,1.38629423542364,5.2433385253151,4,1.31083463132877,"underconfident_correct"
39,"clip",3,0.75,"fugw",8,"022 L5 ET CTX Glut",TRUE,1,1,2.22044604925031e-16,1.78001377791423,5.92993812020712,6,0.98832302003452,"confident_correct"
39,"clip",3,0.75,"fugw",8,"027 L6b CTX Glut",FALSE,0.25889483461398,0.48221033077204,0.571897771872985,0.465368292507268,5.41587812683709,2,2.70793906341855,"cross_family_failure"
39,"clip",3,0.75,"fugw",8,"028 L6 CT CTX Glut",TRUE,0.930237057048112,0.860474114096223,0.253025321916836,1.58460421855648,5.62422345869461,8,0.703027932336827,"confident_correct"
39,"clip",3,0.75,"fugw",8,"030 L5 NP CTX Glut",TRUE,0.860885264942376,0.721770529884752,0.403353212191035,1.38629431528521,4.93717626301561,4,1.2342940657539,"underconfident_correct"
39,"clip",3,0.75,"fugw",8,"036 Vip Gaba",TRUE,1,1,0,1.45448208876165,4.28226505798346,8,0.535283132247932,"confident_correct"
39,"clip",3,0.75,"fugw",8,"037 Sncg Gaba",TRUE,0.551217172246381,0.102434344492762,0.687891569472656,0.987795398079864,4.68076826681766,3,1.56025608893922,"underconfident_correct"
39,"clip",3,0.75,"fugw",8,"039 Lamp5 Gaba",TRUE,0.990170697530597,0.980341395061194,0.0552156787851235,1.38629420266614,4.16986464654451,4,1.04246616163613,"confident_correct"
39,"clip",3,0.75,"fugw",8,"041 Pvalb chandelier Gaba",FALSE,0.0542160734506156,0.891567853098769,0.21074688789686,0,4.58083671057979,1,4.58083671057979,"cross_family_failure"
39,"clip",3,0.75,"fugw",8,"042 Pvalb Gaba",TRUE,0.589420785864414,0.359495622002825,0.958696991735479,1.05610789404716,4.86073147867513,8,0.607591434834391,"underconfident_correct"
39,"clip",3,0.75,"fugw",8,"043 Sst Gaba",TRUE,1,1,1.11022302462516e-16,1.57530703664955,4.83222506055548,14,0.34515893289682,"confident_correct"
39,"clip",3,0.75,"fugw",8,"046 Sst Chodl Gaba",FALSE,0,1,0,NA,4.79677474506767,1,4.79677474506767,"cross_family_failure"
39,"clip",3,0.75,"fugw",8,"287 Astro-TE NN",FALSE,0,0.221317724512884,1.01724369176464,NA,3.95339812945783,1,3.95339812945783,"cross_family_failure"
39,"clip",3,0.75,"fugw",8,"294 OPC NN",FALSE,0,0.292060643826652,1.06274191855796,NA,4.62608811924084,1,4.62608811924084,"cross_family_failure"
39,"clip",3,0.75,"fugw",8,"295 Oligo NN",TRUE,1,1,0,1.3432723546072,3.83156124003926,4,0.957890310009815,"confident_correct"
39,"clip",3,0.75,"fugw",8,"299 Peri NN",FALSE,0,0.0984621842542643,1.22276487409321,NA,4.42245337316679,1,4.42245337316679,"cross_family_failure"
39,"clip",3,0.75,"fugw",8,"301 Endo NN",FALSE,0.294307881106776,0,1.35701625705794,0,3.88458538865635,1,3.88458538865635,"cross_family_failure"
39,"clip",3,0.75,"fugw",8,"302 Microglia NN",FALSE,0.0926354813392189,0.00180149405851504,1.74230146393708,0,5.71047075334118,1,5.71047075334118,"cross_family_failure"
40,"clip",3,0.9,"fugw",9,"001 Car3 Glut",FALSE,0.180748472821026,0.323025192626903,1.23343807627179,0,5.97159611098487,1,5.97159611098487,"cross_family_failure"
40,"clip",3,0.9,"fugw",9,"003 L5/6 IT TPE-ENT Glut",TRUE,0.327820330836865,0.00368817466468629,1.33884733209796,0.693138936748385,6.36805391670446,2,3.18402695835223,"diffuse_correct"
40,"clip",3,0.9,"fugw",9,"004 L6 IT CTX Glut",TRUE,1,1,0,1.79171425548972,5.99972872370276,11,0.545429883972978,"confident_correct"
40,"clip",3,0.9,"fugw",9,"005 L5 IT CTX Glut",TRUE,0.43285465429515,0.0364032830827394,1.03101678906723,0.96743864002289,5.60957509362185,4,1.40239377340546,"diffuse_correct"
40,"clip",3,0.9,"fugw",9,"006 L4/5 IT CTX Glut",TRUE,1,1,0,1.9430703240324,6.98014942426105,13,0.536934571097004,"confident_correct"
40,"clip",3,0.9,"fugw",9,"007 L2/3 IT CTX Glut",TRUE,0.79030765058617,0.58061530117234,0.513548771175553,1.38629423225705,5.26372042677,4,1.3159301066925,"underconfident_correct"
40,"clip",3,0.9,"fugw",9,"022 L5 ET CTX Glut",TRUE,1,1,1.11022302462516e-16,1.79175946922805,6,6,1,"confident_correct"
40,"clip",3,0.9,"fugw",9,"027 L6b CTX Glut",FALSE,0.340191868915595,0.319616262168811,0.64116266140393,0.650107680400185,4.89001562192396,2,2.44500781096198,"cross_family_failure"
40,"clip",3,0.9,"fugw",9,"028 L6 CT CTX Glut",TRUE,1,1,0,1.60943787036855,4.99999978967224,8,0.62499997370903,"confident_correct"
40,"clip",3,0.9,"fugw",9,"030 L5 NP CTX Glut",TRUE,0.900019912739327,0.800039825478654,0.325039218428194,1.38629431194943,4.81979648479709,4,1.20494912119927,"confident_correct"
40,"clip",3,0.9,"fugw",9,"036 Vip Gaba",TRUE,1,1,0,1.58064391525549,4.85808299806262,8,0.607260374757828,"confident_correct"
40,"clip",3,0.9,"fugw",9,"037 Sncg Gaba",TRUE,0.623975467989441,0.247950935978883,0.662084356887826,1.09159812973938,5.67836083521012,3,1.89278694507004,"underconfident_correct"
40,"clip",3,0.9,"fugw",9,"039 Lamp5 Gaba",TRUE,0.966239883681108,0.932479767362217,0.147579035780554,1.38629420273012,4.42412175349225,4,1.10603043837306,"confident_correct"
40,"clip",3,0.9,"fugw",9,"041 Pvalb chandelier Gaba",FALSE,0.224415943122387,0.551168113755227,0.532440522288582,0,4.81880797126138,1,4.81880797126138,"cross_family_failure"
40,"clip",3,0.9,"fugw",9,"042 Pvalb Gaba",TRUE,0.787462469420442,0.574924938840883,0.517299359928904,1.36151731483746,4.90101902033803,8,0.612627377542254,"underconfident_correct"
40,"clip",3,0.9,"fugw",9,"043 Sst Gaba",TRUE,1,1,0,1.7097963695815,5.5278357275068,14,0.394845409107628,"confident_correct"
40,"clip",3,0.9,"fugw",9,"046 Sst Chodl Gaba",FALSE,0,1,0,NA,5,1,5,"cross_family_failure"
40,"clip",3,0.9,"fugw",9,"287 Astro-TE NN",FALSE,0,0.0955850101997849,0.909570468246114,NA,3.52052931344872,1,3.52052931344872,"cross_family_failure"
40,"clip",3,0.9,"fugw",9,"294 OPC NN",FALSE,0,0.382238907645541,0.618202036517516,NA,3.56693844382532,1,3.56693844382532,"cross_family_failure"
40,"clip",3,0.9,"fugw",9,"295 Oligo NN",TRUE,1,1,0,1.04416003792187,2.84101117949853,4,0.710252794874633,"confident_correct"
40,"clip",3,0.9,"fugw",9,"299 Peri NN",FALSE,6.20603563864636e-05,0.112079035249177,1.23740089986635,0,3.44664364112898,1,3.44664364112898,"cross_family_failure"
40,"clip",3,0.9,"fugw",9,"301 Endo NN",FALSE,0.271186464343314,0.131159295749011,1.07774396580743,0,2.93804374143338,1,2.93804374143338,"cross_family_failure"
40,"clip",3,0.9,"fugw",9,"302 Microglia NN",FALSE,0.335077182634674,0.312634826348113,0.717592785476705,0,3.11490763827528,1,3.11490763827528,"cross_family_failure"
41,"clip",3,1,"uot_molecular",4,"001 Car3 Glut",FALSE,0.208634592892136,0.0808580219268247,1.357032810488,0,6.73707343145603,1,6.73707343145603,"cross_family_failure"
41,"clip",3,1,"uot_molecular",4,"003 L5/6 IT TPE-ENT Glut",TRUE,0.345351095108691,0.0717137202430924,1.35354073961205,0.687991279646378,6.35162736185332,2,3.17581368092666,"diffuse_correct"
41,"clip",3,1,"uot_molecular",4,"004 L6 IT CTX Glut",TRUE,0.964642524534534,0.929329071309619,0.153236701605028,1.76255236881156,6.38192431263275,11,0.580174937512068,"confident_correct"
41,"clip",3,1,"uot_molecular",4,"005 L5 IT CTX Glut",TRUE,0.43158228347461,0.0743564587057759,1.05878401870929,0.806478751165243,5.91380444796716,4,1.47845111199179,"diffuse_correct"
41,"clip",3,1,"uot_molecular",4,"006 L4/5 IT CTX Glut",TRUE,0.999999991817387,0.999999983679544,1.60830965141595e-07,1.78329864091586,5.94945005262047,13,0.457650004047728,"confident_correct"
41,"clip",3,1,"uot_molecular",4,"007 L2/3 IT CTX Glut",TRUE,0.795083333024711,0.596688370517786,0.536043457250821,1.38629436110827,5.15014208118132,4,1.28753552029533,"underconfident_correct"
41,"clip",3,1,"uot_molecular",4,"022 L5 ET CTX Glut",TRUE,0.999993040903358,0.999986929873404,9.22065533235208e-05,1.70445286520692,5.49881827743216,6,0.91646971290536,"confident_correct"
41,"clip",3,1,"uot_molecular",4,"027 L6b CTX Glut",FALSE,0.168697795337175,0.64399761925691,0.548482002541064,0.340313541669711,6.69082515877466,2,3.34541257938733,"cross_family_failure"
41,"clip",3,1,"uot_molecular",4,"028 L6 CT CTX Glut",TRUE,0.797329016427017,0.615536231545418,0.571309838834759,1.59907705180812,6.71713692805845,8,0.839642116007307,"underconfident_correct"
41,"clip",3,1,"uot_molecular",4,"030 L5 NP CTX Glut",TRUE,0.856668088101473,0.714764057006314,0.418967877497801,1.38570612529096,5.4963478220824,4,1.3740869555206,"underconfident_correct"
41,"clip",3,1,"uot_molecular",4,"036 Vip Gaba",TRUE,0.713564214230574,0.492432803566502,0.769132689378964,1.90544380154163,10.9114998240794,8,1.36393747800993,"underconfident_correct"
41,"clip",3,1,"uot_molecular",4,"037 Sncg Gaba",FALSE,0.216267752451599,0.447334333855247,0.861542647344022,1.03193648327521,11.6878546101343,3,3.89595153671144,"cross_family_failure"
41,"clip",3,1,"uot_molecular",4,"039 Lamp5 Gaba",TRUE,0.754928644608627,0.588818334896266,0.772890681128902,1.36156155077894,6.79913484635225,4,1.69978371158806,"underconfident_correct"
41,"clip",3,1,"uot_molecular",4,"041 Pvalb chandelier Gaba",FALSE,0.147368846722385,0.704382962272659,0.425156313978318,0,7.08625489612866,1,7.08625489612866,"cross_family_failure"
41,"clip",3,1,"uot_molecular",4,"042 Pvalb Gaba",TRUE,0.636060942659715,0.314823548638572,0.787243185949484,1.89624368602288,10.6399985270756,8,1.32999981588445,"underconfident_correct"
41,"clip",3,1,"uot_molecular",4,"043 Sst Gaba",TRUE,0.999997080605778,0.999994412863201,4.09826626513068e-05,2.23119725212259,9.31134175653062,14,0.665095839752187,"confident_correct"
41,"clip",3,1,"uot_molecular",4,"046 Sst Chodl Gaba",FALSE,1.99566424382194e-06,0.999996001962092,2.83277702928519e-05,0,7.27754683310327,1,7.27754683310327,"cross_family_failure"
41,"clip",3,1,"uot_molecular",4,"287 Astro-TE NN",FALSE,0.0893715116511724,0.102243497294466,1.74602613358387,0,9.95528350220704,1,9.95528350220704,"cross_family_failure"
41,"clip",3,1,"uot_molecular",4,"294 OPC NN",FALSE,0.000578690619689715,0.269016902478623,1.2856566395368,0,6.74965093649744,1,6.74965093649744,"cross_family_failure"
41,"clip",3,1,"uot_molecular",4,"295 Oligo NN",TRUE,0.763769215119406,0.648084003885708,0.909346988669849,1.33553936979601,7.57272067101384,4,1.89318016775346,"underconfident_correct"
41,"clip",3,1,"uot_molecular",4,"299 Peri NN",FALSE,0.0499513903590702,0.496949630292101,1.28813765672303,0,8.6518313812515,1,8.6518313812515,"cross_family_failure"
41,"clip",3,1,"uot_molecular",4,"301 Endo NN",FALSE,0.100239191153897,0.135117417135883,1.96618414965761,0,11.6379602679105,1,11.6379602679105,"cross_family_failure"
41,"clip",3,1,"uot_molecular",4,"302 Microglia NN",FALSE,0.0555919468897002,0.00107538164965595,1.97789954088294,0,10.3473655627305,1,10.3473655627305,"cross_family_failure"
