"setting","calibration","rho","alpha","model","query","argmax_correct","true_mass","fam_margin","H_family","H_within","eff_leaves","n_true","eff_ratio","category","scheme"
0,"raw",0.3,0,"gw_only","001 Car3 Glut",FALSE,0.141908043069434,5.60308852132763e-05,1.94591086147114,0,28.653770606557,1,28.653770606557,"cross_family_failure","intrinsic"
0,"raw",0.3,0,"gw_only","003 L5/6 IT TPE-ENT Glut",FALSE,0.142654416063377,5.60308852132763e-05,1.94591086147114,0.693147180559945,28.653770606557,2,14.3268853032785,"cross_family_failure","intrinsic"
0,"raw",0.3,0,"gw_only","004 L6 IT CTX Glut",FALSE,0.143207190436449,5.60308852132763e-05,1.94591086147114,2.24537198472028,28.653770606557,11,2.60488823695973,"cross_family_failure","intrinsic"
0,"raw",0.3,0,"gw_only","005 L5 IT CTX Glut",FALSE,0.142977503716836,5.60308852132763e-05,1.94591086147114,1.32989112774705,28.653770606557,4,7.16344265163925,"cross_family_failure","intrinsic"
0,"raw",0.3,0,"gw_only","006 L4/5 IT CTX Glut",TRUE,0.143263221321663,5.60308852132763e-05,1.94591086147114,2.54589330950124,28.653770606557,13,2.20413620050439,"diffuse_correct","intrinsic"
0,"raw",0.3,0,"gw_only","007 L2/3 IT CTX Glut",FALSE,0.142868604492596,5.60308852132763e-05,1.94591086147114,1.24327061920018,28.653770606557,4,7.16344265163925,"cross_family_failure","intrinsic"
0,"raw",0.3,0,"gw_only","022 L5 ET CTX Glut",FALSE,0.143120683006721,5.60308852132763e-05,1.94591086147114,1.79175946922805,28.653770606557,6,4.77562843442617,"cross_family_failure","intrinsic"
0,"raw",0.3,0,"gw_only","027 L6b CTX Glut",FALSE,0.109994513692609,0.000581342994370487,2.19709034035648,0.693147180559945,37.8451338076261,2,18.9225669038131,"cross_family_failure","intrinsic"
0,"raw",0.3,0,"gw_only","028 L6 CT CTX Glut",FALSE,0.112278180568387,0.000581342994370487,2.19709034035648,2.00852973107566,37.8451338076261,8,4.73064172595326,"cross_family_failure","intrinsic"
0,"raw",0.3,0,"gw_only","030 L5 NP CTX Glut",FALSE,0.111439421637106,0.000581342994370487,2.19709034035648,1.33071262088175,37.8451338076261,4,9.46128345190653,"cross_family_failure","intrinsic"
0,"raw",0.3,0,"gw_only","036 Vip Gaba",FALSE,0.11239001602487,0.000581342994370487,2.19709034035648,1.96889172794365,37.8451338076261,8,4.73064172595326,"cross_family_failure","intrinsic"
0,"raw",0.3,0,"gw_only","037 Sncg Gaba",FALSE,0.111190762904503,0.000581342994370487,2.19709034035648,1.09861228866811,37.8451338076261,3,12.615044602542,"cross_family_failure","intrinsic"
0,"raw",0.3,0,"gw_only","039 Lamp5 Gaba",FALSE,0.110738571192827,0.000581342994370487,2.19709034035648,1.24613800947393,37.8451338076261,4,9.46128345190653,"cross_family_failure","intrinsic"
0,"raw",0.3,0,"gw_only","041 Pvalb chandelier Gaba",FALSE,0.106621605551155,0.000581342994370487,2.19709034035648,0,37.8451338076261,1,37.8451338076261,"cross_family_failure","intrinsic"
0,"raw",0.3,0,"gw_only","042 Pvalb Gaba",FALSE,0.112375536291014,0.000581342994370487,2.19709034035648,1.96889155670479,37.8451338076261,8,4.73064172595326,"cross_family_failure","intrinsic"
0,"raw",0.3,0,"gw_only","043 Sst Gaba",TRUE,0.11297135901924,0.000581342994370487,2.19709034035648,2.51100475225912,37.8451338076261,14,2.70322384340187,"diffuse_correct","intrinsic"
0,"raw",0.3,0,"gw_only","046 Sst Chodl Gaba",TRUE,0.333333333333333,0,1.09861228866811,0,3,1,3,"diffuse_correct","intrinsic"
0,"raw",0.3,0,"gw_only","287 Astro-TE NN",FALSE,0.333333333333333,0,1.09861228866811,0,3,1,3,"cross_family_failure","intrinsic"
0,"raw",0.3,0,"gw_only","294 OPC NN",FALSE,0.247097911557025,0.0121597342544156,1.38606947554829,0,5.64692644894183,1,5.64692644894183,"cross_family_failure","intrinsic"
0,"raw",0.3,0,"gw_only","295 Oligo NN",TRUE,0.259257645811441,0.0121597342544156,1.38606947554829,1.33088373716939,5.64692644894183,4,1.41173161223546,"diffuse_correct","intrinsic"
0,"raw",0.3,0,"gw_only","299 Peri NN",FALSE,0.246822165959966,0.0121597342544156,1.38606947554829,0,5.64692644894183,1,5.64692644894183,"cross_family_failure","intrinsic"
0,"raw",0.3,0,"gw_only","301 Endo NN",FALSE,0.246822165959966,0.0121597342544156,1.38606947554829,0,5.64692644894183,1,5.64692644894183,"cross_family_failure","intrinsic"
0,"raw",0.3,0,"gw_only","302 Microglia NN",FALSE,0.333333333333333,0,1.09861228866811,0,3,1,3,"cross_family_failure","intrinsic"
1,"raw",0.3,0.1,"fugw","001 Car3 Glut",TRUE,1,1,0,0,1,1,1,"confident_correct","intrinsic"
1,"raw",0.3,0.1,"fugw","003 L5/6 IT TPE-ENT Glut",TRUE,0.654871199438354,0.329181957808181,0.719180403125034,0.56755080320856,2.97681244398517,2,1.48840622199258,"underconfident_correct","intrinsic"
1,"raw",0.3,0.1,"fugw","004 L6 IT CTX Glut",TRUE,0.679232555253001,0.358465110506002,0.627446583019276,2.02419307255741,7.40639944246847,11,0.673309040224406,"underconfident_correct","intrinsic"
1,"raw",0.3,0.1,"fugw","005 L5 IT CTX Glut",TRUE,0.684570974697353,0.369141949394706,0.623375853807379,1.04135082960373,5.01825677460048,4,1.25456419365012,"underconfident_correct","intrinsic"
1,"raw",0.3,0.1,"fugw","006 L4/5 IT CTX Glut",TRUE,1,1,2.22044604925031e-16,2.54879235006243,12.7916466198789,13,0.983972816913758,"confident_correct","intrinsic"
1,"raw",0.3,0.1,"fugw","007 L2/3 IT CTX Glut",TRUE,1,1,0,1.24227554278257,3.46348581457919,4,0.865871453644798,"confident_correct","intrinsic"
1,"raw",0.3,0.1,"fugw","022 L5 ET CTX Glut",TRUE,1,1,1.11022302462516e-16,1.79175907130026,5.9999976124337,6,0.999999602072283,"confident_correct","intrinsic"
1,"raw",0.3,0.1,"fugw","027 L6b CTX Glut",TRUE,1,1,0,0.6931471633072,1.99999996549451,2,0.999999982747254,"confident_correct","intrinsic"
1,"raw",0.3,0.1,"fugw","028 L6 CT CTX Glut",TRUE,1,1,2.22044604925031e-16,2.00832692239193,7.45084107797716,8,0.931355134747145,"confident_correct","intrinsic"
1,"raw",0.3,0.1,"fugw","030 L5 NP CTX Glut",TRUE,1,1,0,1.3296088155695,3.77956459152437,4,0.944891147881092,"confident_correct","intrinsic"
1,"raw",0.3,0.1,"fugw","036 Vip Gaba",TRUE,1,1,0,1.96790875375966,7.15569650697388,8,0.894462063371735,"confident_correct","intrinsic"
1,"raw",0.3,0.1,"fugw","037 Sncg Gaba",TRUE,1,1,0,1.09861228145372,2.99999997835684,3,0.999999992785614,"confident_correct","intrinsic"
1,"raw",0.3,0.1,"fugw","039 Lamp5 Gaba",TRUE,1,1,0,1.24332121307072,3.46710937298244,4,0.86677734324561,"confident_correct","intrinsic"
1,"raw",0.3,0.1,"fugw","041 Pvalb chandelier Gaba",TRUE,1,1,0,0,1,1,1,"confident_correct","intrinsic"
1,"raw",0.3,0.1,"fugw","042 Pvalb Gaba",TRUE,1,1,0,1.96749143891537,7.15271095160186,8,0.894088868950233,"confident_correct","intrinsic"
1,"raw",0.3,0.1,"fugw","043 Sst Gaba",TRUE,1,1,0,2.51068596359533,12.3133736902552,14,0.879526692161085,"confident_correct","intrinsic"
1,"raw",0.3,0.1,"fugw","046 Sst Chodl Gaba",TRUE,1,1,0,0,1,1,1,"confident_correct","intrinsic"
1,"raw",0.3,0.1,"fugw","287 Astro-TE NN",TRUE,1,1,0,0,1,1,1,"confident_correct","intrinsic"
1,"raw",0.3,0.1,"fugw","294 OPC NN",TRUE,1,1,0,0,1,1,1,"confident_correct","intrinsic"
1,"raw",0.3,0.1,"fugw","295 Oligo NN",TRUE,1,1,0,1.32888957801859,3.77684716409914,4,0.944211791024785,"confident_correct","intrinsic"
1,"raw",0.3,0.1,"fugw","299 Peri NN",TRUE,1,1,0,0,1,1,1,"confident_correct","intrinsic"
1,"raw",0.3,0.1,"fugw","301 Endo NN",TRUE,1,1,0,0,1,1,1,"confident_correct","intrinsic"
1,"raw",0.3,0.1,"fugw","302 Microglia NN",TRUE,1,1,0,0,1,1,1,"confident_correct","intrinsic"
2,"raw",0.3,0.25,"fugw","001 Car3 Glut",TRUE,0.981819018142128,0.963638036284256,0.0908727852305308,0,1.09512967972678,1,1.09512967972678,"confident_correct","intrinsic"
2,"raw",0.3,0.25,"fugw","003 L5/6 IT TPE-ENT Glut",TRUE,0.49825159456362,0.181468643181478,1.15160662416646,0.236815128994641,3.55942902170098,2,1.77971451085049,"diffuse_correct","intrinsic"
2,"raw",0.3,0.25,"fugw","004 L6 IT CTX Glut",TRUE,0.56227962258577,0.124559245171539,0.685369492629806,1.89642425859277,5.7643373818461,11,0.524030671076918,"underconfident_correct","intrinsic"
2,"raw",0.3,0.25,"fugw","005 L5 IT CTX Glut",TRUE,0.700312658270967,0.400625316541934,0.610599154574172,1.04472126389061,4.77226132211705,4,1.19306533052926,"underconfident_correct","intrinsic"
2,"raw",0.3,0.25,"fugw","006 L4/5 IT CTX Glut",TRUE,0.999999999582204,0.999999999164409,9.44052231829512e-09,2.46691731049494,11.7860581344595,13,0.906619856496888,"confident_correct","intrinsic"
2,"raw",0.3,0.25,"fugw","007 L2/3 IT CTX Glut",TRUE,1,1,0,1.24252565017646,3.46435216632603,4,0.866088041581507,"confident_correct","intrinsic"
2,"raw",0.3,0.25,"fugw","022 L5 ET CTX Glut",TRUE,1,1,0,1.79175587910506,5.99997845930071,6,0.999996409883452,"confident_correct","intrinsic"
2,"raw",0.3,0.25,"fugw","027 L6b CTX Glut",TRUE,1,1,0,0.693147025329797,1.99999968953973,2,0.999999844769864,"confident_correct","intrinsic"
2,"raw",0.3,0.25,"fugw","028 L6 CT CTX Glut",TRUE,1,1,0,2.01026482737601,7.46529409980613,8,0.933161762475766,"confident_correct","intrinsic"
2,"raw",0.3,0.25,"fugw","030 L5 NP CTX Glut",TRUE,1,1,0,1.32988972045941,3.78062643883192,4,0.94515660970798,"confident_correct","intrinsic"
2,"raw",0.3,0.25,"fugw","036 Vip Gaba",TRUE,1,1,0,1.96854977719795,7.16028494664367,8,0.895035618330459,"confident_correct","intrinsic"
2,"raw",0.3,0.25,"fugw","037 Sncg Gaba",TRUE,1,1,0,1.09861222341333,2.99999980423566,3,0.99999993474522,"confident_correct","intrinsic"
2,"raw",0.3,0.25,"fugw","039 Lamp5 Gaba",TRUE,1,1,0,1.24646147866664,3.47801413021946,4,0.869503532554864,"confident_correct","intrinsic"
2,"raw",0.3,0.25,"fugw","041 Pvalb chandelier Gaba",TRUE,1,1,0,0,1,1,1,"confident_correct","intrinsic"
2,"raw",0.3,0.25,"fugw","042 Pvalb Gaba",TRUE,1,1,1.11022302462516e-16,1.96729124298532,7.1512791513056,8,0.8939098939132,"confident_correct","intrinsic"
2,"raw",0.3,0.25,"fugw","043 Sst Gaba",TRUE,1,1,0,2.51116481757398,12.319271410198,14,0.879947957871289,"confident_correct","intrinsic"
2,"raw",0.3,0.25,"fugw","046 Sst Chodl Gaba",TRUE,1,1,0,0,1,1,1,"confident_correct","intrinsic"
2,"raw",0.3,0.25,"fugw","287 Astro-TE NN",TRUE,1,1,0,0,1,1,1,"confident_correct","intrinsic"
2,"raw",0.3,0.25,"fugw","294 OPC NN",TRUE,1,1,0,0,1,1,1,"confident_correct","intrinsic"
2,"raw",0.3,0.25,"fugw","295 Oligo NN",TRUE,1,1,0,1.32793568946229,3.77324619054718,4,0.943311547636795,"confident_correct","intrinsic"
2,"raw",0.3,0.25,"fugw","299 Peri NN",TRUE,1,1,0,0,1,1,1,"confident_correct","intrinsic"
2,"raw",0.3,0.25,"fugw","301 Endo NN",TRUE,1,1,0,0,1,1,1,"confident_correct","intrinsic"
2,"raw",0.3,0.25,"fugw","302 Microglia NN",TRUE,1,1,0,0,1,1,1,"confident_correct","intrinsic"
3,"raw",0.3,0.5,"fugw","001 Car3 Glut",TRUE,0.999999955287986,0.999999910575971,8.01374486843687e-07,0,1.00000080137481,1,1.00000080137481,"confident_correct","intrinsic"
3,"raw",0.3,0.5,"fugw","003 L5/6 IT TPE-ENT Glut",TRUE,0.511566539714074,0.198472023119467,1.13321168628413,0.402663919780745,3.81599359220881,2,1.90799679610441,"underconfident_correct","intrinsic"
3,"raw",0.3,0.5,"fugw","004 L6 IT CTX Glut",TRUE,0.602679610976129,0.205359221952259,0.671910208043823,1.93798825072204,6.29588479653239,11,0.572353163321127,"underconfident_correct","intrinsic"
3,"raw",0.3,0.5,"fugw","005 L5 IT CTX Glut",TRUE,0.703262117767827,0.406524235535654,0.608074927097611,1.05415587987142,4.54153930196359,4,1.1353848254909,"underconfident_correct","intrinsic"
3,"raw",0.3,0.5,"fugw","006 L4/5 IT CTX Glut",TRUE,1,1,1.11022302462516e-16,2.46340223163307,11.7447018396028,13,0.903438603046368,"confident_correct","intrinsic"
3,"raw",0.3,0.5,"fugw","007 L2/3 IT CTX Glut",TRUE,0.999167474006998,0.998334948013996,0.00673565955431695,1.24326477793539,3.48673367155042,4,0.871683417887605,"confident_correct","intrinsic"
3,"raw",0.3,0.5,"fugw","022 L5 ET CTX Glut",TRUE,1,1,-2.22044604925031e-16,1.79172692397245,5.99980473164392,6,0.999967455273986,"confident_correct","intrinsic"
3,"raw",0.3,0.5,"fugw","027 L6b CTX Glut",TRUE,0.967805247625992,0.935610495251984,0.142290466058441,0.693145776396201,2.25493373299518,2,1.12746686649759,"confident_correct","intrinsic"
3,"raw",0.3,0.5,"fugw","028 L6 CT CTX Glut",TRUE,1,1,0,2.00637042053015,7.43627774477616,8,0.929534718097021,"confident_correct","intrinsic"
3,"raw",0.3,0.5,"fugw","030 L5 NP CTX Glut",TRUE,1,1,1.11022302462516e-16,1.33064566969264,3.78348548099869,4,0.945871370249673,"confident_correct","intrinsic"
3,"raw",0.3,0.5,"fugw","036 Vip Gaba",TRUE,1,1,2.22044604925031e-16,1.97044840323993,7.17389256391194,8,0.896736570488993,"confident_correct","intrinsic"
3,"raw",0.3,0.5,"fugw","037 Sncg Gaba",TRUE,1,1,0,1.09861169807255,2.99999822821384,3,0.999999409404612,"confident_correct","intrinsic"
3,"raw",0.3,0.5,"fugw","039 Lamp5 Gaba",TRUE,1,1,0,1.25571092775274,3.51033308066793,4,0.877583270166984,"confident_correct","intrinsic"
3,"raw",0.3,0.5,"fugw","041 Pvalb chandelier Gaba",TRUE,1,1,0,0,1,1,1,"confident_correct","intrinsic"
3,"raw",0.3,0.5,"fugw","042 Pvalb Gaba",TRUE,1,1,1.11022302462516e-16,1.96661356224107,7.14643450887387,8,0.893304313609233,"confident_correct","intrinsic"
3,"raw",0.3,0.5,"fugw","043 Sst Gaba",TRUE,1,1,1.11022302462516e-16,2.51254615618457,12.3363002540433,14,0.881164303860238,"confident_correct","intrinsic"
3,"raw",0.3,0.5,"fugw","046 Sst Chodl Gaba",TRUE,1,1,0,0,1,1,1,"confident_correct","intrinsic"
3,"raw",0.3,0.5,"fugw","287 Astro-TE NN",TRUE,1,1,0,0,1,1,1,"confident_correct","intrinsic"
3,"raw",0.3,0.5,"fugw","294 OPC NN",TRUE,1,1,0,0,1,1,1,"confident_correct","intrinsic"
3,"raw",0.3,0.5,"fugw","295 Oligo NN",TRUE,1,1,0,1.32502216442983,3.76226874261734,4,0.940567185654334,"confident_correct","intrinsic"
3,"raw",0.3,0.5,"fugw","299 Peri NN",TRUE,1,1,0,0,1,1,1,"confident_correct","intrinsic"
3,"raw",0.3,0.5,"fugw","301 Endo NN",TRUE,1,1,0,0,1,1,1,"confident_correct","intrinsic"
3,"raw",0.3,0.5,"fugw","302 Microglia NN",TRUE,1,1,0,0,1,1,1,"confident_correct","intrinsic"
4,"raw",0.3,0.75,"fugw","001 Car3 Glut",TRUE,0.999999990368482,0.999999980736963,1.87412252295554e-07,0,1.00000018741227,1,1.00000018741227,"confident_correct","intrinsic"
4,"raw",0.3,0.75,"fugw","003 L5/6 IT TPE-ENT Glut",TRUE,0.530900269006711,0.21700245847193,1.09604395934095,0.588709546179837,4.09018424114415,2,2.04509212057207,"underconfident_correct","intrinsic"
4,"raw",0.3,0.75,"fugw","004 L6 IT CTX Glut",TRUE,0.677181167008367,0.354362334016734,0.628975984745379,2.04864423270951,7.51032902977407,11,0.682757184524915,"underconfident_correct","intrinsic"
4,"raw",0.3,0.75,"fugw","005 L5 IT CTX Glut",TRUE,0.702669204350209,0.405344145473382,0.608653711970202,1.07580268207611,4.3923365947648,4,1.0980841486912,"underconfident_correct","intrinsic"
4,"raw",0.3,0.75,"fugw","006 L4/5 IT CTX Glut",TRUE,1,1,1.11022302462516e-16,2.3546616226004,10.5345636002905,13,0.810351046176196,"confident_correct","intrinsic"
4,"raw",0.3,0.75,"fugw","007 L2/3 IT CTX Glut",TRUE,0.948082351543996,0.896164703087991,0.20412339300209,1.24537666888192,3.99419890135995,4,0.998549725339987,"confident_correct","intrinsic"
4,"raw",0.3,0.75,"fugw","022 L5 ET CTX Glut",TRUE,1,1,0,1.79146023296391,5.99820485101537,6,0.999700808502562,"confident_correct","intrinsic"
4,"raw",0.3,0.75,"fugw","027 L6b CTX Glut",TRUE,0.897872831654886,0.795745663309771,0.329731858681676,0.69313434150637,2.59108926414927,2,1.29554463207464,"underconfident_correct","intrinsic"
4,"raw",0.3,0.75,"fugw","028 L6 CT CTX Glut",TRUE,1,1,0,1.89140065999569,6.62864666208293,8,0.828580832760366,"confident_correct","intrinsic"
4,"raw",0.3,0.75,"fugw","030 L5 NP CTX Glut",TRUE,1,1,0,1.33212142862441,3.78907311547717,4,0.947268278869292,"confident_correct","intrinsic"
4,"raw",0.3,0.75,"fugw","036 Vip Gaba",TRUE,1,1,0,1.97591401269473,7.21320960686177,8,0.901651200857721,"confident_correct","intrinsic"
4,"raw",0.3,0.75,"fugw","037 Sncg Gaba",TRUE,1,1,0,1.09860688773964,2.99998379725835,3,0.999994599086117,"confident_correct","intrinsic"
4,"raw",0.3,0.75,"fugw","039 Lamp5 Gaba",TRUE,1,1,0,1.28181752858466,3.60318266526802,4,0.900795666317006,"confident_correct","intrinsic"
4,"raw",0.3,0.75,"fugw","041 Pvalb chandelier Gaba",TRUE,1,1,0,0,1,1,1,"confident_correct","intrinsic"
4,"raw",0.3,0.75,"fugw","042 Pvalb Gaba",TRUE,1,1,1.11022302462516e-16,1.9638634304405,7.12680787235901,8,0.890850984044876,"confident_correct","intrinsic"
4,"raw",0.3,0.75,"fugw","043 Sst Gaba",TRUE,1,1,0,2.51617519454584,12.3811504932979,14,0.88436789237842,"confident_correct","intrinsic"
4,"raw",0.3,0.75,"fugw","046 Sst Chodl Gaba",TRUE,1,1,0,0,1,1,1,"confident_correct","intrinsic"
4,"raw",0.3,0.75,"fugw","287 Astro-TE NN",TRUE,1,1,0,0,1,1,1,"confident_correct","intrinsic"
4,"raw",0.3,0.75,"fugw","294 OPC NN",TRUE,1,1,0,0,1,1,1,"confident_correct","intrinsic"
4,"raw",0.3,0.75,"fugw","295 Oligo NN",TRUE,1,1,0,1.31582124714928,3.7278111827969,4,0.931952795699226,"confident_correct","intrinsic"
4,"raw",0.3,0.75,"fugw","299 Peri NN",TRUE,1,1,0,0,1,1,1,"confident_correct","intrinsic"
4,"raw",0.3,0.75,"fugw","301 Endo NN",TRUE,1,1,0,0,1,1,1,"confident_correct","intrinsic"
4,"raw",0.3,0.75,"fugw","302 Microglia NN",TRUE,1,1,0,0,1,1,1,"confident_correct","intrinsic"
5,"raw",0.3,0.9,"fugw","001 Car3 Glut",TRUE,0.911854897816815,0.82370979563363,0.298225130149305,0,1.34746510875605,1,1.34746510875605,"confident_correct","intrinsic"
5,"raw",0.3,0.9,"fugw","003 L5/6 IT TPE-ENT Glut",TRUE,0.561928012776148,0.235678798901387,1.00822061131984,0.690438360356521,4.03980840805359,2,2.01990420402679,"underconfident_correct","intrinsic"
5,"raw",0.3,0.9,"fugw","004 L6 IT CTX Glut",TRUE,0.907049825419941,0.814099650839883,0.309310829612105,2.09513778460305,9.11302939724608,11,0.828457217931462,"confident_correct","intrinsic"
5,"raw",0.3,0.9,"fugw","005 L5 IT CTX Glut",TRUE,0.560958391268933,0.159944978201149,0.815055442428533,0.672162050364848,3.29402553886896,4,0.82350638471724,"underconfident_correct","intrinsic"
5,"raw",0.3,0.9,"fugw","006 L4/5 IT CTX Glut",TRUE,1,1,0,2.13506638807842,8.45760797256536,13,0.650585228658874,"confident_correct","intrinsic"
5,"raw",0.3,0.9,"fugw","007 L2/3 IT CTX Glut",TRUE,0.963730722817569,0.927461445635137,0.155900815217229,1.25038854527032,3.89985226540762,4,0.974963066351906,"confident_correct","intrinsic"
5,"raw",0.3,0.9,"fugw","022 L5 ET CTX Glut",TRUE,1,1,0,1.7888929096576,5.98282527053045,6,0.997137545088409,"confident_correct","intrinsic"
5,"raw",0.3,0.9,"fugw","027 L6b CTX Glut",TRUE,0.908313372888946,0.816626745777893,0.306422792358301,0.693025750866009,2.5495257197744,2,1.2747628598872,"confident_correct","intrinsic"
5,"raw",0.3,0.9,"fugw","028 L6 CT CTX Glut",TRUE,1,1,0,1.91564917033105,6.79134610669751,8,0.848918263337189,"confident_correct","intrinsic"
5,"raw",0.3,0.9,"fugw","030 L5 NP CTX Glut",TRUE,1,1,0,1.32924576321588,3.77819266076016,4,0.94454816519004,"confident_correct","intrinsic"
5,"raw",0.3,0.9,"fugw","036 Vip Gaba",TRUE,1,1,0,1.98994206146758,7.31510992329795,8,0.914388740412244,"confident_correct","intrinsic"
5,"raw",0.3,0.9,"fugw","037 Sncg Gaba",TRUE,1,1,0,1.09856134459565,2.99984717167551,3,0.99994905722517,"confident_correct","intrinsic"
5,"raw",0.3,0.9,"fugw","039 Lamp5 Gaba",TRUE,1,1,0,1.34315970108044,3.83112962546449,4,0.957782406366123,"confident_correct","intrinsic"
5,"raw",0.3,0.9,"fugw","041 Pvalb chandelier Gaba",TRUE,1,1,0,0,1,1,1,"confident_correct","intrinsic"
5,"raw",0.3,0.9,"fugw","042 Pvalb Gaba",TRUE,1,1,-2.22044604925031e-16,1.94855710285763,7.0185532205425,8,0.877319152567812,"confident_correct","intrinsic"
5,"raw",0.3,0.9,"fugw","043 Sst Gaba",TRUE,1,1,0,2.52195153110714,12.4528751389792,14,0.889491081355659,"confident_correct","intrinsic"
5,"raw",0.3,0.9,"fugw","046 Sst Chodl Gaba",TRUE,1,1,0,0,1,1,1,"confident_correct","intrinsic"
5,"raw",0.3,0.9,"fugw","287 Astro-TE NN",TRUE,1,1,0,0,1,1,1,"confident_correct","intrinsic"
5,"raw",0.3,0.9,"fugw","294 OPC NN",TRUE,0.997650747123045,0.995301494246089,0.0165680645178913,0,1.01670607603992,1,1.01670607603992,"confident_correct","intrinsic"
5,"raw",0.3,0.9,"fugw","295 Oligo NN",TRUE,1,1,0,1.28234603787124,3.60508748408074,4,0.901271871020184,"confident_correct","intrinsic"
5,"raw",0.3,0.9,"fugw","299 Peri NN",TRUE,1,1,0,0,1,1,1,"confident_correct","intrinsic"
5,"raw",0.3,0.9,"fugw","301 Endo NN",TRUE,1,1,0,0,1,1,1,"confident_correct","intrinsic"
5,"raw",0.3,0.9,"fugw","302 Microglia NN",TRUE,1,1,0,0,1,1,1,"confident_correct","intrinsic"
6,"raw",0.3,1,"uot_molecular","001 Car3 Glut",TRUE,0.995214924358181,0.990429860223676,0.0303368560895182,0,1.0308017073087,1,1.0308017073087,"confident_correct","intrinsic"
6,"raw",0.3,1,"uot_molecular","003 L5/6 IT TPE-ENT Glut",TRUE,0.518764860698306,0.204302536044172,1.11832480875571,0.507979831699363,3.98224964455546,2,1.99112482227773,"underconfident_correct","intrinsic"
6,"raw",0.3,1,"uot_molecular","004 L6 IT CTX Glut",TRUE,0.629719309292847,0.259438618585693,0.659104900015627,1.94449928980435,6.57709823080961,11,0.597918020982692,"underconfident_correct","intrinsic"
6,"raw",0.3,1,"uot_molecular","005 L5 IT CTX Glut",TRUE,0.688050943508282,0.376102065662022,0.620654018753989,1.06343335058423,4.58003723647813,4,1.14500930911953,"underconfident_correct","intrinsic"
6,"raw",0.3,1,"uot_molecular","006 L4/5 IT CTX Glut",TRUE,1,1,0,2.36861972474317,10.6826371236627,13,0.821741317204826,"confident_correct","intrinsic"
6,"raw",0.3,1,"uot_molecular","007 L2/3 IT CTX Glut",TRUE,0.944039916307822,0.888079832615644,0.215703713818847,1.24459403860673,4.01746122019505,4,1.00436530504876,"confident_correct","intrinsic"
6,"raw",0.3,1,"uot_molecular","022 L5 ET CTX Glut",TRUE,1,1,0,1.79163172024954,5.99923355508625,6,0.999872259181042,"confident_correct","intrinsic"
6,"raw",0.3,1,"uot_molecular","027 L6b CTX Glut",TRUE,0.892459895021051,0.784919790042103,0.341341224669802,0.693141830677765,2.61154633159909,2,1.30577316579954,"underconfident_correct","intrinsic"
6,"raw",0.3,1,"uot_molecular","028 L6 CT CTX Glut",TRUE,1,1,0,1.88310867307431,6.57390926517563,8,0.821738658146953,"confident_correct","intrinsic"
6,"raw",0.3,1,"uot_molecular","030 L5 NP CTX Glut",TRUE,1,1,0,1.33169586673806,3.78746097343208,4,0.946865243358019,"confident_correct","intrinsic"
6,"raw",0.3,1,"uot_molecular","036 Vip Gaba",TRUE,0.99999979522054,0.999999590441079,3.35865594856817e-06,1.97468430578346,7.20436620844516,8,0.900545776055645,"confident_correct","intrinsic"
6,"raw",0.3,1,"uot_molecular","037 Sncg Gaba",TRUE,0.995982270373979,0.991964592493632,0.0261762503632678,1.09861001761302,3.06599561412526,3,1.02199853804175,"confident_correct","intrinsic"
6,"raw",0.3,1,"uot_molecular","039 Lamp5 Gaba",TRUE,1,1,0,1.26902173979871,3.55737082531116,4,0.88934270632779,"confident_correct","intrinsic"
6,"raw",0.3,1,"uot_molecular","041 Pvalb chandelier Gaba",TRUE,0.999364378403053,0.998728756806106,0.00531417110123999,0,1.00532908664977,1,1.00532908664977,"confident_correct","intrinsic"
6,"raw",0.3,1,"uot_molecular","042 Pvalb Gaba",TRUE,1,1,0,1.96513124727959,7.13584908948114,8,0.891981136185143,"confident_correct","intrinsic"
6,"raw",0.3,1,"uot_molecular","043 Sst Gaba",TRUE,1,1,1.11022302462516e-16,2.51463340795035,12.3620761095237,14,0.883005436394552,"confident_correct","intrinsic"
6,"raw",0.3,1,"uot_molecular","046 Sst Chodl Gaba",TRUE,0.999775800869869,0.999551601739737,0.00210811388902292,0,1.00211122286088,1,1.00211122286088,"confident_correct","intrinsic"
6,"raw",0.3,1,"uot_molecular","287 Astro-TE NN",TRUE,1,1,0,0,1,1,1,"confident_correct","intrinsic"
6,"raw",0.3,1,"uot_molecular","294 OPC NN",TRUE,0.981846983840036,0.963693967680072,0.0907612072800029,0,1.09500749421828,1,1.09500749421828,"confident_correct","intrinsic"
6,"raw",0.3,1,"uot_molecular","295 Oligo NN",TRUE,1,1,1.11022302462516e-16,1.31036721515291,3.70753492527036,4,0.92688373131759,"confident_correct","intrinsic"
6,"raw",0.3,1,"uot_molecular","299 Peri NN",TRUE,1,1,0,0,1,1,1,"confident_correct","intrinsic"
6,"raw",0.3,1,"uot_molecular","301 Endo NN",TRUE,1,1,0,0,1,1,1,"confident_correct","intrinsic"
6,"raw",0.3,1,"uot_molecular","302 Microglia NN",TRUE,1,1,0,0,1,1,1,"confident_correct","intrinsic"
7,"raw",1,0,"gw_only","001 Car3 Glut",FALSE,0.142601776143098,1.4900189491851e-05,1.94590981712948,0,28.6008242552266,1,28.6008242552266,"cross_family_failure","intrinsic"
7,"raw",1,0,"gw_only","003 L5/6 IT TPE-ENT Glut",FALSE,0.1428033148149,1.4900189491851e-05,1.94590981712948,0.693147180559945,28.6008242552266,2,14.3004121276133,"cross_family_failure","intrinsic"
7,"raw",1,0,"gw_only","004 L6 IT CTX Glut",FALSE,0.14295093682821,1.4900189491851e-05,1.94590981712948,2.24513523303183,28.6008242552266,11,2.60007493229333,"cross_family_failure","intrinsic"
7,"raw",1,0,"gw_only","005 L5 IT CTX Glut",FALSE,0.142889702999346,1.4900189491851e-05,1.94590981712948,1.32972300725909,28.6008242552266,4,7.15020606380665,"cross_family_failure","intrinsic"
7,"raw",1,0,"gw_only","006 L4/5 IT CTX Glut",TRUE,0.142965837017702,1.4900189491851e-05,1.94590981712948,2.54587195532416,28.6008242552266,13,2.2000634042482,"diffuse_correct","intrinsic"
7,"raw",1,0,"gw_only","007 L2/3 IT CTX Glut",FALSE,0.142860510274649,1.4900189491851e-05,1.94590981712948,1.24267316428877,28.6008242552266,4,7.15020606380665,"cross_family_failure","intrinsic"
7,"raw",1,0,"gw_only","022 L5 ET CTX Glut",FALSE,0.142927921922096,1.4900189491851e-05,1.94590981712948,1.79175946922805,28.6008242552266,6,4.76680404253776,"cross_family_failure","intrinsic"
7,"raw",1,0,"gw_only","027 L6b CTX Glut",FALSE,0,0.000154175469144757,1.09861225644092,NA,12.6182548748739,2,6.30912743743696,"cross_family_failure","intrinsic"
7,"raw",1,0,"gw_only","028 L6 CT CTX Glut",FALSE,0,0.000153808067392958,1.09861225649147,NA,12.6182532254843,8,1.57728165318554,"cross_family_failure","intrinsic"
7,"raw",1,0,"gw_only","030 L5 NP CTX Glut",FALSE,0,0.000154175469144757,1.09861225644092,NA,12.6182548748739,4,3.15456371871848,"cross_family_failure","intrinsic"
7,"raw",1,0,"gw_only","036 Vip Gaba",FALSE,0,5.90010279135078e-05,1.09861145603694,NA,13.3672613990306,8,1.67090767487882,"cross_family_failure","intrinsic"
7,"raw",1,0,"gw_only","037 Sncg Gaba",FALSE,0,5.90173735514066e-05,1.09861145995497,NA,13.3672190747632,3,4.45573969158775,"cross_family_failure","intrinsic"
7,"raw",1,0,"gw_only","039 Lamp5 Gaba",FALSE,0,5.90826963474123e-05,1.09861145761148,NA,13.367244553377,4,3.34181113834426,"cross_family_failure","intrinsic"
7,"raw",1,0,"gw_only","041 Pvalb chandelier Gaba",FALSE,0,0.000148218813207646,1.09861217187861,NA,11.5003278057759,1,11.5003278057759,"cross_family_failure","intrinsic"
7,"raw",1,0,"gw_only","042 Pvalb Gaba",FALSE,0,0.000148191617285964,1.09861217203113,NA,11.5003259317407,8,1.43754074146759,"cross_family_failure","intrinsic"
7,"raw",1,0,"gw_only","043 Sst Gaba",FALSE,0,0.000148218813207646,1.09861217187861,NA,11.5003278057759,14,0.821451986126853,"cross_family_failure","intrinsic"
7,"raw",1,0,"gw_only","046 Sst Chodl Gaba",FALSE,0,1,0,NA,1,1,1,"cross_family_failure","intrinsic"
7,"raw",1,0,"gw_only","287 Astro-TE NN",TRUE,1,1,0,0,1,1,1,"confident_correct","intrinsic"
7,"raw",1,0,"gw_only","294 OPC NN",FALSE,9.79194486797806e-09,0.99999998041611,1.90372110654895e-07,0,3.77942569194278,1,3.77942569194278,"cross_family_failure","intrinsic"
7,"raw",1,0,"gw_only","295 Oligo NN",FALSE,3.48332187038798e-07,0.999999303335626,5.52806980368841e-06,1.34973197835216,1.00000599824289,4,0.250001499560721,"cross_family_failure","intrinsic"
7,"raw",1,0,"gw_only","299 Peri NN",FALSE,1.70965620753109e-06,0.999996580687585,2.44125526683732e-05,0,1.00002441285066,1,1.00002441285066,"cross_family_failure","intrinsic"
7,"raw",1,0,"gw_only","301 Endo NN",FALSE,1.70965620753109e-06,0.999996580687585,2.44125526683732e-05,0,1.00002441285066,1,1.00002441285066,"cross_family_failure","intrinsic"
7,"raw",1,0,"gw_only","302 Microglia NN",FALSE,0,1,0,NA,1,1,1,"cross_family_failure","intrinsic"
8,"raw",1,0.1,"fugw","001 Car3 Glut",TRUE,1,1,0,0,1,1,1,"confident_correct","intrinsic"
8,"raw",1,0.1,"fugw","003 L5/6 IT TPE-ENT Glut",TRUE,0.663253568737959,0.332110609973073,0.667361879850696,0.563764958574435,2.83284356522694,2,1.41642178261347,"underconfident_correct","intrinsic"
8,"raw",1,0.1,"fugw","004 L6 IT CTX Glut",TRUE,0.67027255896809,0.340545117936179,0.63398544550285,1.9773724071504,7.09481268215893,11,0.644982971105357,"underconfident_correct","intrinsic"
8,"raw",1,0.1,"fugw","005 L5 IT CTX Glut",TRUE,0.671758270409292,0.343516540818584,0.632926457340707,1.04020917748904,5.15415862205012,4,1.28853965551253,"underconfident_correct","intrinsic"
8,"raw",1,0.1,"fugw","006 L4/5 IT CTX Glut",TRUE,1,1,0,2.54725044833676,12.7719383558893,13,0.982456796606866,"confident_correct","intrinsic"
8,"raw",1,0.1,"fugw","007 L2/3 IT CTX Glut",TRUE,1,1,1.11022302462516e-16,1.24239981415933,3.46391625347482,4,0.865979063368705,"confident_correct","intrinsic"
8,"raw",1,0.1,"fugw","022 L5 ET CTX Glut",TRUE,1,1,1.11022302462516e-16,1.79175943378116,5.99999978731863,6,0.999999964553105,"confident_correct","intrinsic"
8,"raw",1,0.1,"fugw","027 L6b CTX Glut",TRUE,1,1,0,0.693147179048628,1.99999999697737,2,0.999999998488683,"confident_correct","intrinsic"
8,"raw",1,0.1,"fugw","028 L6 CT CTX Glut",TRUE,1,1,0,2.00776153745118,7.4466296752798,8,0.930828709409974,"confident_correct","intrinsic"
8,"raw",1,0.1,"fugw","030 L5 NP CTX Glut",TRUE,1,1,0,1.32964551914134,3.77970331759075,4,0.944925829397687,"confident_correct","intrinsic"
8,"raw",1,0.1,"fugw","036 Vip Gaba",TRUE,1,1,2.22044604925031e-16,1.96782462113358,7.15509450475969,8,0.894386813094961,"confident_correct","intrinsic"
8,"raw",1,0.1,"fugw","037 Sncg Gaba",TRUE,1,1,1.11022302462516e-16,1.09861228802987,2.99999999808528,3,0.999999999361761,"confident_correct","intrinsic"
8,"raw",1,0.1,"fugw","039 Lamp5 Gaba",TRUE,1,1,0,1.24270853036229,3.46498578563042,4,0.866246446407605,"confident_correct","intrinsic"
8,"raw",1,0.1,"fugw","041 Pvalb chandelier Gaba",TRUE,1,1,0,0,1,1,1,"confident_correct","intrinsic"
8,"raw",1,0.1,"fugw","042 Pvalb Gaba",TRUE,1,1,1.11022302462516e-16,1.96770066136807,7.15420761589306,8,0.894275951986633,"confident_correct","intrinsic"
8,"raw",1,0.1,"fugw","043 Sst Gaba",TRUE,1,1,1.11022302462516e-16,2.51057593779674,12.3120189760097,14,0.879429926857834,"confident_correct","intrinsic"
8,"raw",1,0.1,"fugw","046 Sst Chodl Gaba",TRUE,1,1,0,0,1,1,1,"confident_correct","intrinsic"
8,"raw",1,0.1,"fugw","287 Astro-TE NN",TRUE,1,1,0,0,1,1,1,"confident_correct","intrinsic"
8,"raw",1,0.1,"fugw","294 OPC NN",TRUE,1,1,0,0,1,1,1,"confident_correct","intrinsic"
8,"raw",1,0.1,"fugw","295 Oligo NN",TRUE,1,1,0,1.32943235811466,3.77889771801526,4,0.944724429503816,"confident_correct","intrinsic"
8,"raw",1,0.1,"fugw","299 Peri NN",TRUE,1,1,0,0,1,1,1,"confident_correct","intrinsic"
8,"raw",1,0.1,"fugw","301 Endo NN",TRUE,1,1,0,0,1,1,1,"confident_correct","intrinsic"
8,"raw",1,0.1,"fugw","302 Microglia NN",TRUE,1,1,0,0,1,1,1,"confident_correct","intrinsic"
9,"raw",1,0.25,"fugw","001 Car3 Glut",TRUE,0.996720595538681,0.993441191077362,0.022032521272248,0,1.02227702967944,1,1.02227702967944,"confident_correct","intrinsic"
9,"raw",1,0.25,"fugw","003 L5/6 IT TPE-ENT Glut",TRUE,0.532937056389337,0.205561429581935,1.06133622894841,0.287116888856983,3.36810902339825,2,1.68405451169912,"underconfident_correct","intrinsic"
9,"raw",1,0.25,"fugw","004 L6 IT CTX Glut",TRUE,0.555081137830725,0.11016227566145,0.68706698411445,1.78446892783613,5.35265140038488,11,0.486604672762262,"underconfident_correct","intrinsic"
9,"raw",1,0.25,"fugw","005 L5 IT CTX Glut",TRUE,0.608418793850279,0.216837587700557,0.669450127476029,1.07347927703843,6.04300340398963,4,1.51075085099741,"underconfident_correct","intrinsic"
9,"raw",1,0.25,"fugw","006 L4/5 IT CTX Glut",TRUE,0.931287788996744,0.862575577993489,0.250295026609099,2.46742381024104,12.7837737551483,13,0.983367211934484,"confident_correct","intrinsic"
9,"raw",1,0.25,"fugw","007 L2/3 IT CTX Glut",TRUE,1,1,0,1.2424745324096,3.46417508090582,4,0.866043770226455,"confident_correct","intrinsic"
9,"raw",1,0.25,"fugw","022 L5 ET CTX Glut",TRUE,1,1,0,1.79175914974511,5.99999808310264,6,0.999999680517106,"confident_correct","intrinsic"
9,"raw",1,0.25,"fugw","027 L6b CTX Glut",TRUE,1,1,0,0.693147167008294,1.9999999728967,2,0.999999986448349,"confident_correct","intrinsic"
9,"raw",1,0.25,"fugw","028 L6 CT CTX Glut",TRUE,1,1,1.11022302462516e-16,2.00835101434186,7.45102058542972,8,0.931377573178716,"confident_correct","intrinsic"
9,"raw",1,0.25,"fugw","030 L5 NP CTX Glut",TRUE,1,1,0,1.32973190419515,3.78002984156842,4,0.945007460392104,"confident_correct","intrinsic"
9,"raw",1,0.25,"fugw","036 Vip Gaba",TRUE,1,1,0,1.96801619945154,7.15646539704216,8,0.89455817463027,"confident_correct","intrinsic"
9,"raw",1,0.25,"fugw","037 Sncg Gaba",TRUE,1,1,0,1.09861228290752,2.99999998271823,3,0.99999999423941,"confident_correct","intrinsic"
9,"raw",1,0.25,"fugw","039 Lamp5 Gaba",TRUE,1,1,0,1.24364220713055,3.46822247313566,4,0.867055618283915,"confident_correct","intrinsic"
9,"raw",1,0.25,"fugw","041 Pvalb chandelier Gaba",TRUE,1,1,0,0,1,1,1,"confident_correct","intrinsic"
9,"raw",1,0.25,"fugw","042 Pvalb Gaba",TRUE,1,1,0,1.96764366298159,7.15379984922357,8,0.894224981152947,"confident_correct","intrinsic"
9,"raw",1,0.25,"fugw","043 Sst Gaba",TRUE,1,1,0,2.51072074610663,12.3138019877633,14,0.879557284840239,"confident_correct","intrinsic"
9,"raw",1,0.25,"fugw","046 Sst Chodl Gaba",TRUE,1,1,0,0,1,1,1,"confident_correct","intrinsic"
9,"raw",1,0.25,"fugw","287 Astro-TE NN",TRUE,1,1,0,0,1,1,1,"confident_correct","intrinsic"
9,"raw",1,0.25,"fugw","294 OPC NN",TRUE,1,1,0,0,1,1,1,"confident_correct","intrinsic"
9,"raw",1,0.25,"fugw","295 Oligo NN",TRUE,1,1,0,1.32915218815035,3.77783913267531,4,0.944459783168827,"confident_correct","intrinsic"
9,"raw",1,0.25,"fugw","299 Peri NN",TRUE,1,1,0,0,1,1,1,"confident_correct","intrinsic"
9,"raw",1,0.25,"fugw","301 Endo NN",TRUE,1,1,0,0,1,1,1,"confident_correct","intrinsic"
9,"raw",1,0.25,"fugw","302 Microglia NN",TRUE,1,1,0,0,1,1,1,"confident_correct","intrinsic"
10,"raw",1,0.5,"fugw","001 Car3 Glut",TRUE,0.973295909255538,0.946591818511076,0.12309159846311,0,1.13098801296677,1,1.13098801296677,"confident_correct","intrinsic"
10,"raw",1,0.5,"fugw","003 L5/6 IT TPE-ENT Glut",TRUE,0.494844413964368,0.176682223761469,1.15562235168282,0.209356288775356,3.52267675263835,2,1.76133837631917,"diffuse_correct","intrinsic"
10,"raw",1,0.5,"fugw","004 L6 IT CTX Glut",TRUE,0.549849301544415,0.0996986030888298,0.688169008599569,1.83445309843184,5.45668664232326,11,0.496062422029387,"underconfident_correct","intrinsic"
10,"raw",1,0.5,"fugw","005 L5 IT CTX Glut",TRUE,0.685577351456699,0.371154702913397,0.622593707589629,1.05075449974235,4.96002379781647,4,1.24000594945412,"underconfident_correct","intrinsic"
10,"raw",1,0.5,"fugw","006 L4/5 IT CTX Glut",TRUE,0.986217713881789,0.972435427763578,0.0727352997484137,2.46700203078426,12.2525784761492,13,0.942506036626863,"confident_correct","intrinsic"
10,"raw",1,0.5,"fugw","007 L2/3 IT CTX Glut",TRUE,1,1,0,1.24269760546641,3.46494793122827,4,0.866236982807068,"confident_correct","intrinsic"
10,"raw",1,0.5,"fugw","022 L5 ET CTX Glut",TRUE,1,1,1.11022302462516e-16,1.79175658823878,5.99998271408923,6,0.999997119014872,"confident_correct","intrinsic"
10,"raw",1,0.5,"fugw","027 L6b CTX Glut",TRUE,0.991311285721199,0.982622571442398,0.0498851522618133,0.693147058321661,2.08967730355012,2,1.04483865177506,"confident_correct","intrinsic"
10,"raw",1,0.5,"fugw","028 L6 CT CTX Glut",TRUE,1,1,0,2.00901681819013,7.45598315547482,8,0.931997894434352,"confident_correct","intrinsic"
10,"raw",1,0.5,"fugw","030 L5 NP CTX Glut",TRUE,1,1,0,1.3299833735706,3.78098052284043,4,0.945245130710108,"confident_correct","intrinsic"
10,"raw",1,0.5,"fugw","036 Vip Gaba",TRUE,1,1,0,1.96858880065543,7.16056437117084,8,0.895070546396356,"confident_correct","intrinsic"
10,"raw",1,0.5,"fugw","037 Sncg Gaba",TRUE,1,1,0,1.09861223684937,2.99999984454378,3,0.99999994818126,"confident_correct","intrinsic"
10,"raw",1,0.5,"fugw","039 Lamp5 Gaba",TRUE,1,1,1.11022302462516e-16,1.24642870811732,3.47790015565339,4,0.869475038913348,"confident_correct","intrinsic"
10,"raw",1,0.5,"fugw","041 Pvalb chandelier Gaba",TRUE,1,1,0,0,1,1,1,"confident_correct","intrinsic"
10,"raw",1,0.5,"fugw","042 Pvalb Gaba",TRUE,1,1,-2.22044604925031e-16,1.9674660814328,7.15252957915822,8,0.894066197394778,"confident_correct","intrinsic"
10,"raw",1,0.5,"fugw","043 Sst Gaba",TRUE,1,1,0,2.511150326006,12.3190928859325,14,0.879935206138034,"confident_correct","intrinsic"
10,"raw",1,0.5,"fugw","046 Sst Chodl Gaba",TRUE,1,1,0,0,1,1,1,"confident_correct","intrinsic"
10,"raw",1,0.5,"fugw","287 Astro-TE NN",TRUE,1,1,0,0,1,1,1,"confident_correct","intrinsic"
10,"raw",1,0.5,"fugw","294 OPC NN",TRUE,1,1,0,0,1,1,1,"confident_correct","intrinsic"
10,"raw",1,0.5,"fugw","295 Oligo NN",TRUE,1,1,0,1.32830712161484,3.77464795581604,4,0.94366198895401,"confident_correct","intrinsic"
10,"raw",1,0.5,"fugw","299 Peri NN",TRUE,1,1,0,0,1,1,1,"confident_correct","intrinsic"
10,"raw",1,0.5,"fugw","301 Endo NN",TRUE,1,1,0,0,1,1,1,"confident_correct","intrinsic"
10,"raw",1,0.5,"fugw","302 Microglia NN",TRUE,1,1,0,0,1,1,1,"confident_correct","intrinsic"
11,"raw",1,0.75,"fugw","001 Car3 Glut",TRUE,0.991606897921326,0.983213795842653,0.0484797053660155,0,1.04967406885313,1,1.04967406885313,"confident_correct","intrinsic"
11,"raw",1,0.75,"fugw","003 L5/6 IT TPE-ENT Glut",TRUE,0.510268530022302,0.197567842453333,1.1360057098708,0.394115468720094,3.80802404311974,2,1.90401202155987,"underconfident_correct","intrinsic"
11,"raw",1,0.75,"fugw","004 L6 IT CTX Glut",TRUE,0.597052895997645,0.19410579199529,0.674188534909014,1.93171798982044,6.21848529245896,11,0.565316844768996,"underconfident_correct","intrinsic"
11,"raw",1,0.75,"fugw","005 L5 IT CTX Glut",TRUE,0.70357285971723,0.407145719434459,0.607806562532898,1.05278854898905,4.53846757473268,4,1.13461689368317,"underconfident_correct","intrinsic"
11,"raw",1,0.75,"fugw","006 L4/5 IT CTX Glut",TRUE,1,1,0,2.46268601350553,11.7362930828542,13,0.902791775604169,"confident_correct","intrinsic"
11,"raw",1,0.75,"fugw","007 L2/3 IT CTX Glut",TRUE,0.994352140905225,0.98870428181045,0.0348679022840189,1.24335798669235,3.56514090725959,4,0.891285226814898,"confident_correct","intrinsic"
11,"raw",1,0.75,"fugw","022 L5 ET CTX Glut",TRUE,1,1,1.11022302462516e-16,1.79173336967971,5.99984340475345,6,0.999973900792242,"confident_correct","intrinsic"
11,"raw",1,0.75,"fugw","027 L6b CTX Glut",TRUE,0.946448979467327,0.892897958934655,0.208841147630703,0.693146075712157,2.37469389677151,2,1.18734694838576,"confident_correct","intrinsic"
11,"raw",1,0.75,"fugw","028 L6 CT CTX Glut",TRUE,1,1,2.22044604925031e-16,1.99311690643208,7.33837116908847,8,0.917296396136058,"confident_correct","intrinsic"
11,"raw",1,0.75,"fugw","030 L5 NP CTX Glut",TRUE,1,1,0,1.33066902564801,3.78357384894872,4,0.945893462237179,"confident_correct","intrinsic"
11,"raw",1,0.75,"fugw","036 Vip Gaba",TRUE,1,1,1.11022302462516e-16,1.9702872800409,7.17273677650713,8,0.896592097063392,"confident_correct","intrinsic"
11,"raw",1,0.75,"fugw","037 Sncg Gaba",TRUE,0.999999967377761,0.999999934755521,5.94973259166451e-07,1.09861182083685,3.00000027390848,3,1.00000009130283,"confident_correct","intrinsic"
11,"raw",1,0.75,"fugw","039 Lamp5 Gaba",TRUE,1,1,0,1.25465379415412,3.50662415038883,4,0.876656037597208,"confident_correct","intrinsic"
11,"raw",1,0.75,"fugw","041 Pvalb chandelier Gaba",TRUE,0.999999999534365,0.999999999068731,1.04710110555128e-08,0,1.00000001047101,1,1.00000001047101,"confident_correct","intrinsic"
11,"raw",1,0.75,"fugw","042 Pvalb Gaba",TRUE,1,1,0,1.96687169065524,7.14827944478557,8,0.893534930598196,"confident_correct","intrinsic"
11,"raw",1,0.75,"fugw","043 Sst Gaba",TRUE,1,1,1.11022302462516e-16,2.51239491395516,12.3344346255746,14,0.881031044683903,"confident_correct","intrinsic"
11,"raw",1,0.75,"fugw","046 Sst Chodl Gaba",TRUE,1,1,0,0,1,1,1,"confident_correct","intrinsic"
11,"raw",1,0.75,"fugw","287 Astro-TE NN",TRUE,1,1,0,0,1,1,1,"confident_correct","intrinsic"
11,"raw",1,0.75,"fugw","294 OPC NN",TRUE,0.999999999106221,0.999999998212442,1.95161691092459e-08,0,1.00000001951617,1,1.00000001951617,"confident_correct","intrinsic"
11,"raw",1,0.75,"fugw","295 Oligo NN",TRUE,1,1,0,1.32573069753294,3.76493537915284,4,0.94123384478821,"confident_correct","intrinsic"
11,"raw",1,0.75,"fugw","299 Peri NN",TRUE,1,1,0,0,1,1,1,"confident_correct","intrinsic"
11,"raw",1,0.75,"fugw","301 Endo NN",TRUE,1,1,0,0,1,1,1,"confident_correct","intrinsic"
11,"raw",1,0.75,"fugw","302 Microglia NN",TRUE,1,1,0,0,1,1,1,"confident_correct","intrinsic"
12,"raw",1,0.9,"fugw","001 Car3 Glut",TRUE,0.99229585566927,0.984591711338541,0.0451627331045632,0,1.04619809712106,1,1.04619809712106,"confident_correct","intrinsic"
12,"raw",1,0.9,"fugw","003 L5/6 IT TPE-ENT Glut",TRUE,0.523855602802087,0.207743414657831,1.10646278025766,0.558499386403782,4.05129188006679,2,2.0256459400334,"underconfident_correct","intrinsic"
12,"raw",1,0.9,"fugw","004 L6 IT CTX Glut",TRUE,0.652321261881394,0.304642523762789,0.645997832446023,1.98975074958719,6.98632419887109,11,0.635120381715554,"underconfident_correct","intrinsic"
12,"raw",1,0.9,"fugw","005 L5 IT CTX Glut",TRUE,0.683976711663847,0.367953423327694,0.623835506199168,1.06882601477782,4.55265691956249,4,1.13816422989062,"underconfident_correct","intrinsic"
12,"raw",1,0.9,"fugw","006 L4/5 IT CTX Glut",TRUE,1,1,0,2.3594537932045,10.5851681823542,13,0.814243706334935,"confident_correct","intrinsic"
12,"raw",1,0.9,"fugw","007 L2/3 IT CTX Glut",TRUE,0.946544036787411,0.893088073574822,0.208568046002182,1.24525035624069,4.00383377160978,4,1.00095844290245,"confident_correct","intrinsic"
12,"raw",1,0.9,"fugw","022 L5 ET CTX Glut",TRUE,1,1,1.11022302462516e-16,1.79152002175304,5.99856348714149,6,0.999760581190248,"confident_correct","intrinsic"
12,"raw",1,0.9,"fugw","027 L6b CTX Glut",TRUE,0.894829060573792,0.789658121147584,0.336298358800189,0.69313709000822,2.60266929395176,2,1.30133464697588,"underconfident_correct","intrinsic"
12,"raw",1,0.9,"fugw","028 L6 CT CTX Glut",TRUE,1,1,0,1.88904044531137,6.6130200811909,8,0.826627510148862,"confident_correct","intrinsic"
12,"raw",1,0.9,"fugw","030 L5 NP CTX Glut",TRUE,1,1,0,1.33209949898564,3.78899002338357,4,0.947247505845893,"confident_correct","intrinsic"
12,"raw",1,0.9,"fugw","036 Vip Gaba",TRUE,1,1,0,1.9752001459631,7.20806217400422,8,0.901007771750528,"confident_correct","intrinsic"
12,"raw",1,0.9,"fugw","037 Sncg Gaba",TRUE,1,1,0,1.0986080173272,2.99998718600463,3,0.999995728668209,"confident_correct","intrinsic"
12,"raw",1,0.9,"fugw","039 Lamp5 Gaba",TRUE,1,1,0,1.27805213446734,3.58964077373592,4,0.897410193433979,"confident_correct","intrinsic"
12,"raw",1,0.9,"fugw","041 Pvalb chandelier Gaba",TRUE,1,1,0,0,1,1,1,"confident_correct","intrinsic"
12,"raw",1,0.9,"fugw","042 Pvalb Gaba",TRUE,1,1,-2.22044604925031e-16,1.96451868478679,7.13147927450371,8,0.891434909312964,"confident_correct","intrinsic"
12,"raw",1,0.9,"fugw","043 Sst Gaba",TRUE,1,1,0,2.51571804976716,12.3754918085135,14,0.88396370060811,"confident_correct","intrinsic"
12,"raw",1,0.9,"fugw","046 Sst Chodl Gaba",TRUE,1,1,0,0,1,1,1,"confident_correct","intrinsic"
12,"raw",1,0.9,"fugw","287 Astro-TE NN",TRUE,1,1,0,0,1,1,1,"confident_correct","intrinsic"
12,"raw",1,0.9,"fugw","294 OPC NN",TRUE,0.999771492241767,0.999542984483534,0.00214427707324312,0,1.00214657767941,1,1.00214657767941,"confident_correct","intrinsic"
12,"raw",1,0.9,"fugw","295 Oligo NN",TRUE,1,1,0,1.31750714178768,3.73410118032967,4,0.933525295082419,"confident_correct","intrinsic"
12,"raw",1,0.9,"fugw","299 Peri NN",TRUE,1,1,0,0,1,1,1,"confident_correct","intrinsic"
12,"raw",1,0.9,"fugw","301 Endo NN",TRUE,1,1,0,0,1,1,1,"confident_correct","intrinsic"
12,"raw",1,0.9,"fugw","302 Microglia NN",TRUE,1,1,0,0,1,1,1,"confident_correct","intrinsic"
13,"raw",1,1,"uot_molecular","001 Car3 Glut",TRUE,0.973664447866118,0.947328897219415,0.12176378270992,0,1.12948726584481,1,1.12948726584481,"confident_correct","intrinsic"
13,"raw",1,1,"uot_molecular","003 L5/6 IT TPE-ENT Glut",TRUE,0.509850171630408,0.19629124140536,1.13554323697044,0.355007319056267,3.73227600696593,2,1.86613800348296,"underconfident_correct","intrinsic"
13,"raw",1,1,"uot_molecular","004 L6 IT CTX Glut",TRUE,0.58400985714066,0.168019714281321,0.678964692844705,1.94180289606168,6.12878622583492,11,0.557162384166811,"underconfident_correct","intrinsic"
13,"raw",1,1,"uot_molecular","005 L5 IT CTX Glut",TRUE,0.706377502866902,0.413172236356585,0.608515889960752,1.04895477613326,4.53881446301856,4,1.13470361575464,"underconfident_correct","intrinsic"
13,"raw",1,1,"uot_molecular","006 L4/5 IT CTX Glut",TRUE,0.999251564387835,0.998503128775671,0.00613503977840391,2.4659795986333,11.825627653166,13,0.90966366562815,"confident_correct","intrinsic"
13,"raw",1,1,"uot_molecular","007 L2/3 IT CTX Glut",TRUE,0.999876515127049,0.999753030254098,0.00123476601324676,1.24311583223708,3.47014747220325,4,0.867536868050811,"confident_correct","intrinsic"
13,"raw",1,1,"uot_molecular","022 L5 ET CTX Glut",TRUE,1,1,0,1.79174800979366,5.99993124378759,6,0.999988540631264,"confident_correct","intrinsic"
13,"raw",1,1,"uot_molecular","027 L6b CTX Glut",TRUE,0.95649471623025,0.9129894324605,0.178928432870825,0.693146658664274,2.32081762800691,2,1.16040881400345,"confident_correct","intrinsic"
13,"raw",1,1,"uot_molecular","028 L6 CT CTX Glut",TRUE,0.999959309434361,0.999918628356893,0.000452140436088412,1.99902015642243,7.38456208899554,8,0.923070261124442,"confident_correct","intrinsic"
13,"raw",1,1,"uot_molecular","030 L5 NP CTX Glut",TRUE,0.999999735558046,0.999999471116092,4.26958562787587e-06,1.33039357623533,3.78254665510005,4,0.945636663775014,"confident_correct","intrinsic"
13,"raw",1,1,"uot_molecular","036 Vip Gaba",TRUE,0.998686376690862,0.99754673997307,0.0105422508385985,1.971383863494,7.23821661395086,8,0.904777076743858,"confident_correct","intrinsic"
13,"raw",1,1,"uot_molecular","037 Sncg Gaba",TRUE,0.994482930296635,0.989033485216955,0.0345549468018526,1.09861191566194,3.08671579534758,3,1.02890526511586,"confident_correct","intrinsic"
13,"raw",1,1,"uot_molecular","039 Lamp5 Gaba",TRUE,0.999999393467647,0.999998787456347,9.29355005879811e-06,1.25136514289397,3.4951410737963,4,0.873785268449075,"confident_correct","intrinsic"
13,"raw",1,1,"uot_molecular","041 Pvalb chandelier Gaba",TRUE,0.998126890810326,0.996253781620652,0.0136347709173508,0,1.01418151399347,1,1.01418151399347,"confident_correct","intrinsic"
13,"raw",1,1,"uot_molecular","042 Pvalb Gaba",TRUE,0.999999906623873,0.999999813247747,1.60482094673883e-06,1.96581031271603,7.14070659240852,8,0.892588324051065,"confident_correct","intrinsic"
13,"raw",1,1,"uot_molecular","043 Sst Gaba",TRUE,0.999992762942175,0.999985538554002,9.29900713318094e-05,2.51247454675427,12.336339702109,14,0.881167121579215,"confident_correct","intrinsic"
13,"raw",1,1,"uot_molecular","046 Sst Chodl Gaba",TRUE,0.99887401679961,0.997748033599219,0.00876976009044454,0,1.00916061033031,1,1.00916061033031,"confident_correct","intrinsic"
13,"raw",1,1,"uot_molecular","287 Astro-TE NN",TRUE,0.999999291259762,0.999998635781251,1.09530752571118e-05,0,1.00001095313524,1,1.00001095313524,"confident_correct","intrinsic"
13,"raw",1,1,"uot_molecular","294 OPC NN",TRUE,0.993614004626374,0.987228219881986,0.0386405177473962,0,1.0393978878142,1,1.0393978878142,"confident_correct","intrinsic"
13,"raw",1,1,"uot_molecular","295 Oligo NN",TRUE,0.999999992864617,0.99999998988145,1.48667943834284e-07,1.32393533924967,3.75818255860226,4,0.939545639650565,"confident_correct","intrinsic"
13,"raw",1,1,"uot_molecular","299 Peri NN",TRUE,0.999995750536426,0.999991507241987,5.68604052093083e-05,0,1.00005686202179,1,1.00005686202179,"confident_correct","intrinsic"
13,"raw",1,1,"uot_molecular","301 Endo NN",TRUE,0.999986200675667,0.999972411352007,0.000168308261750018,0,1.00016832242638,1,1.00016832242638,"confident_correct","intrinsic"
13,"raw",1,1,"uot_molecular","302 Microglia NN",TRUE,0.999999878900096,0.999999761381876,2.06595418870201e-06,0,1.00000206595632,1,1.00000206595632,"confident_correct","intrinsic"
14,"raw",3,0,"gw_only","001 Car3 Glut",FALSE,0.142768290467725,4.90308881068158e-06,1.94618316107879,0,28.5959219869234,1,28.5959219869234,"cross_family_failure","intrinsic"
14,"raw",3,0,"gw_only","003 L5/6 IT TPE-ENT Glut",FALSE,0.142836131159453,4.90308881068158e-06,1.94618316107879,0.693147180559945,28.5959219869234,2,14.2979609934617,"cross_family_failure","intrinsic"
14,"raw",3,0,"gw_only","004 L6 IT CTX Glut",FALSE,0.14288481720116,4.90308881068158e-06,1.94618316107879,2.24507709587359,28.5959219869234,11,2.59962927153849,"cross_family_failure","intrinsic"
14,"raw",3,0,"gw_only","005 L5 IT CTX Glut",FALSE,0.142864847459649,4.90308881068158e-06,1.94618316107879,1.32968187042538,28.5959219869234,4,7.14898049673086,"cross_family_failure","intrinsic"
14,"raw",3,0,"gw_only","006 L4/5 IT CTX Glut",TRUE,0.142889720289971,4.90308881068158e-06,1.94618316107879,2.54586669842056,28.5959219869234,13,2.19968630668642,"diffuse_correct","intrinsic"
14,"raw",3,0,"gw_only","007 L2/3 IT CTX Glut",FALSE,0.142855292079409,4.90308881068158e-06,1.94618316107879,1.24252699333078,28.5959219869234,4,7.14898049673086,"cross_family_failure","intrinsic"
14,"raw",3,0,"gw_only","022 L5 ET CTX Glut",FALSE,0.142877537807159,4.90308881068158e-06,1.94618316107879,1.79175946922805,28.5959219869234,6,4.76598699782057,"cross_family_failure","intrinsic"
14,"raw",3,0,"gw_only","027 L6b CTX Glut",FALSE,0.111002281882034,5.7184872618965e-05,2.19725546886181,0.693147180559945,37.4374903019419,2,18.718745150971,"cross_family_failure","intrinsic"
14,"raw",3,0,"gw_only","028 L6 CT CTX Glut",FALSE,0.111229201853836,5.7184872618965e-05,2.19725546886181,2.00761917840813,37.4374903019419,8,4.67968628774274,"cross_family_failure","intrinsic"
14,"raw",3,0,"gw_only","030 L5 NP CTX Glut",FALSE,0.111147334343963,5.7184872618965e-05,2.19725546886181,1.32976466053555,37.4374903019419,4,9.35937257548548,"cross_family_failure","intrinsic"
14,"raw",3,0,"gw_only","036 Vip Gaba",FALSE,0.111239054872371,5.7184872618965e-05,2.19725546886181,1.96789597784054,37.4374903019419,8,4.67968628774274,"cross_family_failure","intrinsic"
14,"raw",3,0,"gw_only","037 Sncg Gaba",FALSE,0.111122229318446,5.7184872618965e-05,2.19725546886181,1.09861228866811,37.4374903019419,3,12.4791634339806,"cross_family_failure","intrinsic"
14,"raw",3,0,"gw_only","039 Lamp5 Gaba",FALSE,0.111076516619373,5.7184872618965e-05,2.19725546886181,1.2428212841365,37.4374903019419,4,9.35937257548548,"cross_family_failure","intrinsic"
14,"raw",3,0,"gw_only","041 Pvalb chandelier Gaba",FALSE,0.110642954020043,5.7184872618965e-05,2.19725546886181,0,37.4374903019419,1,37.4374903019419,"cross_family_failure","intrinsic"
14,"raw",3,0,"gw_only","042 Pvalb Gaba",FALSE,0.111240433049462,5.7184872618965e-05,2.19725546886181,1.96789652104673,37.4374903019419,8,4.67968628774274,"cross_family_failure","intrinsic"
14,"raw",3,0,"gw_only","043 Sst Gaba",TRUE,0.111297617922081,5.7184872618965e-05,2.19725546886181,2.51057475757564,37.4374903019419,14,2.67410645013871,"diffuse_correct","intrinsic"
14,"raw",3,0,"gw_only","046 Sst Chodl Gaba",TRUE,0.333333333333333,0,1.09861228866811,0,3,1,3,"diffuse_correct","intrinsic"
14,"raw",3,0,"gw_only","287 Astro-TE NN",FALSE,0.333333333333333,0,1.09861228866811,0,3,1,3,"cross_family_failure","intrinsic"
14,"raw",3,0,"gw_only","294 OPC NN",FALSE,0.249695860623856,0.00122185733527044,1.38630001632458,0,5.5843410398514,1,5.5843410398514,"cross_family_failure","intrinsic"
14,"raw",3,0,"gw_only","295 Oligo NN",TRUE,0.250917717959127,0.00122185733527044,1.38630001632458,1.32978054553375,5.5843410398514,4,1.39608525996285,"diffuse_correct","intrinsic"
14,"raw",3,0,"gw_only","299 Peri NN",FALSE,0.249693056899193,0.00122185689322066,1.38630001676706,0,5.58434036820563,1,5.58434036820563,"cross_family_failure","intrinsic"
14,"raw",3,0,"gw_only","301 Endo NN",FALSE,0.249693056899193,0.00122185689322066,1.38630001676706,0,5.58434036820563,1,5.58434036820563,"cross_family_failure","intrinsic"
14,"raw",3,0,"gw_only","302 Microglia NN",FALSE,0.333333333333333,0,1.09861228866811,0,3,1,3,"cross_family_failure","intrinsic"
15,"raw",3,0.1,"fugw","001 Car3 Glut",TRUE,1,1,0,0,1,1,1,"confident_correct","intrinsic"
15,"raw",3,0.1,"fugw","003 L5/6 IT TPE-ENT Glut",TRUE,0.665628243720653,0.333037033785617,0.648329073748949,0.562960366873215,2.78166979768298,2,1.39083489884149,"underconfident_correct","intrinsic"
15,"raw",3,0.1,"fugw","004 L6 IT CTX Glut",TRUE,0.668005120043784,0.336010240087567,0.635582389625262,1.96385272921846,7.01075969178955,11,0.637341790162687,"underconfident_correct","intrinsic"
15,"raw",3,0.1,"fugw","005 L5 IT CTX Glut",TRUE,0.668469048517015,0.336938097034031,0.635257536477333,1.03988348735887,5.21354867246313,4,1.30338716811578,"underconfident_correct","intrinsic"
15,"raw",3,0.1,"fugw","006 L4/5 IT CTX Glut",TRUE,1,1,-2.22044604925031e-16,2.54635036913904,12.7604477718542,13,0.981572905527245,"confident_correct","intrinsic"
15,"raw",3,0.1,"fugw","007 L2/3 IT CTX Glut",TRUE,1,1,-2.22044604925031e-16,1.24243547850808,3.46403979399512,4,0.86600994849878,"confident_correct","intrinsic"
15,"raw",3,0.1,"fugw","022 L5 ET CTX Glut",TRUE,1,1,-2.22044604925031e-16,1.79175946529871,5.99999997642393,6,0.999999996070656,"confident_correct","intrinsic"
15,"raw",3,0.1,"fugw","027 L6b CTX Glut",TRUE,1,1,0,0.693147180391055,1.99999999966222,2,0.99999999983111,"confident_correct","intrinsic"
15,"raw",3,0.1,"fugw","028 L6 CT CTX Glut",TRUE,1,1,0,2.00760107052882,7.44543483340272,8,0.93067935417534,"confident_correct","intrinsic"
15,"raw",3,0.1,"fugw","030 L5 NP CTX Glut",TRUE,1,1,0,1.32965602440071,3.779743024563,4,0.94493575614075,"confident_correct","intrinsic"
15,"raw",3,0.1,"fugw","036 Vip Gaba",TRUE,1,1,1.11022302462516e-16,1.96780131973723,7.15492778300915,8,0.894365972876144,"confident_correct","intrinsic"
15,"raw",3,0.1,"fugw","037 Sncg Gaba",TRUE,1,1,-2.22044604925031e-16,1.09861228859685,2.99999999978622,3,0.99999999992874,"confident_correct","intrinsic"
15,"raw",3,0.1,"fugw","039 Lamp5 Gaba",TRUE,1,1,0,1.24253795722062,3.46439480252348,4,0.866098700630871,"confident_correct","intrinsic"
15,"raw",3,0.1,"fugw","041 Pvalb chandelier Gaba",TRUE,1,1,0,0,1,1,1,"confident_correct","intrinsic"
15,"raw",3,0.1,"fugw","042 Pvalb Gaba",TRUE,1,1,-2.22044604925031e-16,1.96776013502816,7.15463311545789,8,0.894329139432236,"confident_correct","intrinsic"
15,"raw",3,0.1,"fugw","043 Sst Gaba",TRUE,1,1,1.11022302462516e-16,2.51054478674765,12.3116354496758,14,0.879402532119701,"confident_correct","intrinsic"
15,"raw",3,0.1,"fugw","046 Sst Chodl Gaba",TRUE,1,1,0,0,1,1,1,"confident_correct","intrinsic"
15,"raw",3,0.1,"fugw","287 Astro-TE NN",TRUE,1,1,0,0,1,1,1,"confident_correct","intrinsic"
15,"raw",3,0.1,"fugw","294 OPC NN",TRUE,1,1,0,0,1,1,1,"confident_correct","intrinsic"
15,"raw",3,0.1,"fugw","295 Oligo NN",TRUE,1,1,1.11022302462516e-16,1.32958525961499,3.77947556132137,4,0.944868890330343,"confident_correct","intrinsic"
15,"raw",3,0.1,"fugw","299 Peri NN",TRUE,1,1,0,0,1,1,1,"confident_correct","intrinsic"
15,"raw",3,0.1,"fugw","301 Endo NN",TRUE,1,1,0,0,1,1,1,"confident_correct","intrinsic"
15,"raw",3,0.1,"fugw","302 Microglia NN",TRUE,1,1,0,0,1,1,1,"confident_correct","intrinsic"
16,"raw",3,0.25,"fugw","001 Car3 Glut",TRUE,0.998747196368642,0.997494392737284,0.00962371761845825,0,1.00967017449856,1,1.00967017449856,"confident_correct","intrinsic"
16,"raw",3,0.25,"fugw","003 L5/6 IT TPE-ENT Glut",TRUE,0.557216513495042,0.225766823240376,0.974504000676054,0.345048289361673,3.21160473396993,2,1.60580236698497,"underconfident_correct","intrinsic"
16,"raw",3,0.25,"fugw","004 L6 IT CTX Glut",TRUE,0.564217426253432,0.128434852506865,0.684876598781669,1.7948597647453,5.46064959286402,11,0.496422690260366,"underconfident_correct","intrinsic"
16,"raw",3,0.25,"fugw","005 L5 IT CTX Glut",TRUE,0.579765058992619,0.159530117985239,0.680367719609007,1.08177428367869,6.27712520537323,4,1.56928130134331,"underconfident_correct","intrinsic"
16,"raw",3,0.25,"fugw","006 L4/5 IT CTX Glut",TRUE,0.909780241635798,0.819560483271595,0.303045969107298,2.467504728974,12.7806590652522,13,0.983127620404015,"confident_correct","intrinsic"
16,"raw",3,0.25,"fugw","007 L2/3 IT CTX Glut",TRUE,1,1,0,1.24246034159341,3.46412592178278,4,0.866031480445695,"confident_correct","intrinsic"
16,"raw",3,0.25,"fugw","022 L5 ET CTX Glut",TRUE,1,1,0,1.79175943383645,5.99999978765035,6,0.999999964608391,"confident_correct","intrinsic"
16,"raw",3,0.25,"fugw","027 L6b CTX Glut",TRUE,1,1,0,0.693147179055009,1.99999999699013,2,0.999999998495064,"confident_correct","intrinsic"
16,"raw",3,0.25,"fugw","028 L6 CT CTX Glut",TRUE,1,1,-2.22044604925031e-16,2.00779830715091,7.44690349065099,8,0.930862936331374,"confident_correct","intrinsic"
16,"raw",3,0.25,"fugw","030 L5 NP CTX Glut",TRUE,1,1,0,1.32968505949976,3.77985277136933,4,0.944963192842333,"confident_correct","intrinsic"
16,"raw",3,0.25,"fugw","036 Vip Gaba",TRUE,1,1,0,1.9678651012308,7.15538414954326,8,0.894423018692907,"confident_correct","intrinsic"
16,"raw",3,0.25,"fugw","037 Sncg Gaba",TRUE,1,1,0,1.09861228803665,2.99999999810562,3,0.999999999368541,"confident_correct","intrinsic"
16,"raw",3,0.25,"fugw","039 Lamp5 Gaba",TRUE,1,1,1.11022302462516e-16,1.2428483731698,3.46547037285288,4,0.866367593213221,"confident_correct","intrinsic"
16,"raw",3,0.25,"fugw","041 Pvalb chandelier Gaba",TRUE,1,1,0,0,1,1,1,"confident_correct","intrinsic"
16,"raw",3,0.25,"fugw","042 Pvalb Gaba",TRUE,1,1,-2.22044604925031e-16,1.96774142600684,7.15449926052658,8,0.894312407565822,"confident_correct","intrinsic"
16,"raw",3,0.25,"fugw","043 Sst Gaba",TRUE,1,1,-2.22044604925031e-16,2.51059314315466,12.3122308105253,14,0.879445057894667,"confident_correct","intrinsic"
16,"raw",3,0.25,"fugw","046 Sst Chodl Gaba",TRUE,1,1,0,0,1,1,1,"confident_correct","intrinsic"
16,"raw",3,0.25,"fugw","287 Astro-TE NN",TRUE,1,1,0,0,1,1,1,"confident_correct","intrinsic"
16,"raw",3,0.25,"fugw","294 OPC NN",TRUE,1,1,0,0,1,1,1,"confident_correct","intrinsic"
16,"raw",3,0.25,"fugw","295 Oligo NN",TRUE,1,1,0,1.32949244730459,3.77912479574039,4,0.944781198935096,"confident_correct","intrinsic"
16,"raw",3,0.25,"fugw","299 Peri NN",TRUE,1,1,0,0,1,1,1,"confident_correct","intrinsic"
16,"raw",3,0.25,"fugw","301 Endo NN",TRUE,1,1,0,0,1,1,1,"confident_correct","intrinsic"
16,"raw",3,0.25,"fugw","302 Microglia NN",TRUE,1,1,0,0,1,1,1,"confident_correct","intrinsic"
17,"raw",3,0.5,"fugw","001 Car3 Glut",TRUE,0.992759710570225,0.985519421140451,0.0428948426447871,0,1.04382812287435,1,1.04382812287435,"confident_correct","intrinsic"
17,"raw",3,0.5,"fugw","003 L5/6 IT TPE-ENT Glut",TRUE,0.537173499563264,0.209586842649858,1.04969818341853,0.304757497238442,3.3649278949872,2,1.6824639474936,"underconfident_correct","intrinsic"
17,"raw",3,0.5,"fugw","004 L6 IT CTX Glut",TRUE,0.557621842379052,0.115243684758104,0.686491849490587,1.78577866239169,5.37780897386387,11,0.488891724896716,"underconfident_correct","intrinsic"
17,"raw",3,0.5,"fugw","005 L5 IT CTX Glut",TRUE,0.606542412534816,0.213084825069632,0.670269608580531,1.07476312747919,6.05853766104866,4,1.51463441526217,"underconfident_correct","intrinsic"
17,"raw",3,0.5,"fugw","006 L4/5 IT CTX Glut",TRUE,0.928131395144496,0.856262790288992,0.25844584708989,2.46741865454417,12.7883495537588,13,0.983719196442981,"confident_correct","intrinsic"
17,"raw",3,0.5,"fugw","007 L2/3 IT CTX Glut",TRUE,1,1,0,1.24253482641161,3.46438395618202,4,0.866095989045504,"confident_correct","intrinsic"
17,"raw",3,0.5,"fugw","022 L5 ET CTX Glut",TRUE,1,1,2.22044604925031e-16,1.79175915059459,5.99999808819952,6,0.999999681366587,"confident_correct","intrinsic"
17,"raw",3,0.5,"fugw","027 L6b CTX Glut",TRUE,0.997185718841553,0.994371437683105,0.0193387268351236,0.693147167115992,2.03508010740643,2,1.01754005370322,"confident_correct","intrinsic"
17,"raw",3,0.5,"fugw","028 L6 CT CTX Glut",TRUE,1,1,2.22044604925031e-16,2.00813882001969,7.44943968890167,8,0.931179961112709,"confident_correct","intrinsic"
17,"raw",3,0.5,"fugw","030 L5 NP CTX Glut",TRUE,1,1,0,1.32977113845678,3.78017815115757,4,0.945044537789391,"confident_correct","intrinsic"
17,"raw",3,0.5,"fugw","036 Vip Gaba",TRUE,1,1,-2.22044604925031e-16,1.96805622547249,7.1567518476088,8,0.8945939809511,"confident_correct","intrinsic"
17,"raw",3,0.5,"fugw","037 Sncg Gaba",TRUE,1,1,1.11022302462516e-16,1.09861228296676,2.99999998289595,3,0.999999994298651,"confident_correct","intrinsic"
17,"raw",3,0.5,"fugw","039 Lamp5 Gaba",TRUE,1,1,2.22044604925031e-16,1.243777992675,3.46869343958695,4,0.867173359896737,"confident_correct","intrinsic"
17,"raw",3,0.5,"fugw","041 Pvalb chandelier Gaba",TRUE,1,1,0,0,1,1,1,"confident_correct","intrinsic"
17,"raw",3,0.5,"fugw","042 Pvalb Gaba",TRUE,1,1,0,1.96768459904901,7.15409270365059,8,0.894261587956323,"confident_correct","intrinsic"
17,"raw",3,0.5,"fugw","043 Sst Gaba",TRUE,1,1,0,2.51073775792265,12.3140114696791,14,0.879572247834224,"confident_correct","intrinsic"
17,"raw",3,0.5,"fugw","046 Sst Chodl Gaba",TRUE,1,1,0,0,1,1,1,"confident_correct","intrinsic"
17,"raw",3,0.5,"fugw","287 Astro-TE NN",TRUE,1,1,0,0,1,1,1,"confident_correct","intrinsic"
17,"raw",3,0.5,"fugw","294 OPC NN",TRUE,1,1,0,0,1,1,1,"confident_correct","intrinsic"
17,"raw",3,0.5,"fugw","295 Oligo NN",TRUE,1,1,0,1.32921349866053,3.77807076102048,4,0.94451769025512,"confident_correct","intrinsic"
17,"raw",3,0.5,"fugw","299 Peri NN",TRUE,1,1,0,0,1,1,1,"confident_correct","intrinsic"
17,"raw",3,0.5,"fugw","301 Endo NN",TRUE,1,1,0,0,1,1,1,"confident_correct","intrinsic"
17,"raw",3,0.5,"fugw","302 Microglia NN",TRUE,1,1,0,0,1,1,1,"confident_correct","intrinsic"
18,"raw",3,0.75,"fugw","001 Car3 Glut",TRUE,0.97108029836373,0.94216059672746,0.1309666545941,0,1.13992976925738,1,1.13992976925738,"confident_correct","intrinsic"
18,"raw",3,0.75,"fugw","003 L5/6 IT TPE-ENT Glut",TRUE,0.494685706928868,0.176574310048347,1.15594888643182,0.211194028920863,3.52691500975443,2,1.76345750487721,"diffuse_correct","intrinsic"
18,"raw",3,0.75,"fugw","004 L6 IT CTX Glut",TRUE,0.548526908520792,0.097053817041584,0.688430037032911,1.81728359854282,5.39384771081053,11,0.490349791891866,"underconfident_correct","intrinsic"
18,"raw",3,0.75,"fugw","005 L5 IT CTX Glut",TRUE,0.682910522678495,0.365821045356989,0.624656091261326,1.05280663654273,4.98542903269468,4,1.24635725817367,"underconfident_correct","intrinsic"
18,"raw",3,0.75,"fugw","006 L4/5 IT CTX Glut",TRUE,0.981796242645787,0.963592485291574,0.0909636228653778,2.46699898380902,12.3425662131132,13,0.949428170239474,"confident_correct","intrinsic"
18,"raw",3,0.75,"fugw","007 L2/3 IT CTX Glut",TRUE,1,1,0,1.24275727658433,3.46515469471371,4,0.866288673678428,"confident_correct","intrinsic"
18,"raw",3,0.75,"fugw","022 L5 ET CTX Glut",TRUE,1,1,-2.22044604925031e-16,1.79175659523795,5.99998275608416,6,0.999997126014027,"confident_correct","intrinsic"
18,"raw",3,0.75,"fugw","027 L6b CTX Glut",TRUE,0.982273760049779,0.964547520099557,0.089052965408721,0.69314705933835,2.15957865092719,2,1.07978932546359,"confident_correct","intrinsic"
18,"raw",3,0.75,"fugw","028 L6 CT CTX Glut",TRUE,1,1,0,2.00727745528053,7.44302576698682,8,0.930378220873352,"confident_correct","intrinsic"
18,"raw",3,0.75,"fugw","030 L5 NP CTX Glut",TRUE,1,1,1.11022302462516e-16,1.3300218732542,3.78112609219643,4,0.945281523049108,"confident_correct","intrinsic"
18,"raw",3,0.75,"fugw","036 Vip Gaba",TRUE,1,1,2.22044604925031e-16,1.96862754768223,7.16084182712572,8,0.895105228390714,"confident_correct","intrinsic"
18,"raw",3,0.75,"fugw","037 Sncg Gaba",TRUE,0.999999979852506,0.999999959705012,3.77164830828324e-07,1.09861223723928,3.00000091080528,3,1.00000030360176,"confident_correct","intrinsic"
18,"raw",3,0.75,"fugw","039 Lamp5 Gaba",TRUE,1,1,-2.22044604925031e-16,1.24655241736885,3.4783304306925,4,0.869582607673126,"confident_correct","intrinsic"
18,"raw",3,0.75,"fugw","041 Pvalb chandelier Gaba",TRUE,0.999999999938995,0.999999999877991,1.4958372190713e-09,0,1.00000000149584,1,1.00000000149584,"confident_correct","intrinsic"
18,"raw",3,0.75,"fugw","042 Pvalb Gaba",TRUE,1,1,1.11022302462516e-16,1.96750741289365,7.15282520976388,8,0.894103151220485,"confident_correct","intrinsic"
18,"raw",3,0.75,"fugw","043 Sst Gaba",TRUE,1,1,1.11022302462516e-16,2.51116667185664,12.3192942536306,14,0.879949589545043,"confident_correct","intrinsic"
18,"raw",3,0.75,"fugw","046 Sst Chodl Gaba",TRUE,1,1,0,0,1,1,1,"confident_correct","intrinsic"
18,"raw",3,0.75,"fugw","287 Astro-TE NN",TRUE,1,1,0,0,1,1,1,"confident_correct","intrinsic"
18,"raw",3,0.75,"fugw","294 OPC NN",TRUE,0.999999999913126,0.999999999826253,2.0994387832497e-09,0,1.00000000209944,1,1.00000000209944,"confident_correct","intrinsic"
18,"raw",3,0.75,"fugw","295 Oligo NN",TRUE,1,1,1.11022302462516e-16,1.32837202350655,3.77489294555897,4,0.943723236389743,"confident_correct","intrinsic"
18,"raw",3,0.75,"fugw","299 Peri NN",TRUE,1,1,0,0,1,1,1,"confident_correct","intrinsic"
18,"raw",3,0.75,"fugw","301 Endo NN",TRUE,1,1,0,0,1,1,1,"confident_correct","intrinsic"
18,"raw",3,0.75,"fugw","302 Microglia NN",TRUE,1,1,0,0,1,1,1,"confident_correct","intrinsic"
19,"raw",3,0.9,"fugw","001 Car3 Glut",TRUE,0.987554407741732,0.975108815483463,0.066959028493358,0,1.0692516684253,1,1.0692516684253,"confident_correct","intrinsic"
19,"raw",3,0.9,"fugw","003 L5/6 IT TPE-ENT Glut",TRUE,0.509689688211507,0.19676878815577,1.13674113081511,0.3924338464538,3.80669217179198,2,1.90334608589599,"underconfident_correct","intrinsic"
19,"raw",3,0.9,"fugw","004 L6 IT CTX Glut",TRUE,0.594946044976642,0.189892089953283,0.675007729576995,1.92823207223273,6.18546246296316,11,0.562314769360287,"underconfident_correct","intrinsic"
19,"raw",3,0.9,"fugw","005 L5 IT CTX Glut",TRUE,0.703302945618979,0.406605891237958,0.608039693547822,1.05278315825525,4.53903569435626,4,1.13475892358906,"underconfident_correct","intrinsic"
19,"raw",3,0.9,"fugw","006 L4/5 IT CTX Glut",TRUE,1,1,-2.22044604925031e-16,2.46141492787314,11.7213847262453,13,0.901644978941945,"confident_correct","intrinsic"
19,"raw",3,0.9,"fugw","007 L2/3 IT CTX Glut",TRUE,0.990898638369771,0.981797276739543,0.051830131110763,1.24341559728831,3.61079855188758,4,0.902699637971896,"confident_correct","intrinsic"
19,"raw",3,0.9,"fugw","022 L5 ET CTX Glut",TRUE,1,1,0,1.79173343656131,5.99984380603259,6,0.999973967672098,"confident_correct","intrinsic"
19,"raw",3,0.9,"fugw","027 L6b CTX Glut",TRUE,0.939108238802838,0.878216477605675,0.229414217398775,0.693146084394308,2.41175190740287,2,1.20587595370144,"confident_correct","intrinsic"
19,"raw",3,0.9,"fugw","028 L6 CT CTX Glut",TRUE,1,1,1.11022302462516e-16,1.9870159933297,7.29373669823227,8,0.911717087279034,"confident_correct","intrinsic"
19,"raw",3,0.9,"fugw","030 L5 NP CTX Glut",TRUE,1,1,0,1.33070565352386,3.78371243575995,4,0.945928108939988,"confident_correct","intrinsic"
19,"raw",3,0.9,"fugw","036 Vip Gaba",TRUE,1,1,0,1.97032267357438,7.17299064949907,8,0.896623831187384,"confident_correct","intrinsic"
19,"raw",3,0.9,"fugw","037 Sncg Gaba",TRUE,0.999998277122852,0.999996554245704,2.45880654118707e-05,1.09861182355247,3.00006669127098,3,1.00002223042366,"confident_correct","intrinsic"
19,"raw",3,0.9,"fugw","039 Lamp5 Gaba",TRUE,1,1,0,1.25474269592086,3.50693590932884,4,0.876733977332209,"confident_correct","intrinsic"
19,"raw",3,0.9,"fugw","041 Pvalb chandelier Gaba",TRUE,0.999999999555543,0.999999999111085,1.00154771326084e-08,0,1.00000001001548,1,1.00000001001548,"confident_correct","intrinsic"
19,"raw",3,0.9,"fugw","042 Pvalb Gaba",TRUE,1,1,-2.22044604925031e-16,1.96691446401789,7.14858520727382,8,0.893573150909227,"confident_correct","intrinsic"
19,"raw",3,0.9,"fugw","043 Sst Gaba",TRUE,1,1,2.22044604925031e-16,2.51240948641001,12.334614369876,14,0.881043883562574,"confident_correct","intrinsic"
19,"raw",3,0.9,"fugw","046 Sst Chodl Gaba",TRUE,1,1,0,0,1,1,1,"confident_correct","intrinsic"
19,"raw",3,0.9,"fugw","287 Astro-TE NN",TRUE,1,1,0,0,1,1,1,"confident_correct","intrinsic"
19,"raw",3,0.9,"fugw","294 OPC NN",TRUE,0.999674750498874,0.999349500997749,0.00293724866652308,0,1.00294156660798,1,1.00294156660798,"confident_correct","intrinsic"
19,"raw",3,0.9,"fugw","295 Oligo NN",TRUE,1,1,0,1.3256457935731,3.76461573480033,4,0.941153933700081,"confident_correct","intrinsic"
19,"raw",3,0.9,"fugw","299 Peri NN",TRUE,1,1,0,0,1,1,1,"confident_correct","intrinsic"
19,"raw",3,0.9,"fugw","301 Endo NN",TRUE,1,1,0,0,1,1,1,"confident_correct","intrinsic"
19,"raw",3,0.9,"fugw","302 Microglia NN",TRUE,1,1,0,0,1,1,1,"confident_correct","intrinsic"
20,"raw",3,1,"uot_molecular","001 Car3 Glut",TRUE,0.971070047407957,0.942140877870183,0.131011694615252,0,1.13998115250961,1,1.13998115250961,"confident_correct","intrinsic"
20,"raw",3,1,"uot_molecular","003 L5/6 IT TPE-ENT Glut",TRUE,0.552477763062443,0.229575433325235,1.01922850955273,0.39553339364085,3.4956250382147,2,1.74781251910735,"underconfident_correct","intrinsic"
20,"raw",3,1,"uot_molecular","004 L6 IT CTX Glut",TRUE,0.588814140813732,0.177722018509951,0.678167085217747,1.9650625030963,6.2665360946481,11,0.569685099513464,"underconfident_correct","intrinsic"
20,"raw",3,1,"uot_molecular","005 L5 IT CTX Glut",TRUE,0.635461978230986,0.286323282019752,0.729923673479627,1.06903589584292,5.95218041977395,4,1.48804510494349,"underconfident_correct","intrinsic"
20,"raw",3,1,"uot_molecular","006 L4/5 IT CTX Glut",TRUE,0.943160624672725,0.886363575162466,0.218556798547705,2.46935928191288,12.7759376205563,13,0.982764432350482,"confident_correct","intrinsic"
20,"raw",3,1,"uot_molecular","007 L2/3 IT CTX Glut",TRUE,0.999927353969363,0.999877376582599,0.000810046872400255,1.24268539363677,3.46740649017,4,0.866851622542499,"confident_correct","intrinsic"
20,"raw",3,1,"uot_molecular","022 L5 ET CTX Glut",TRUE,0.99999193548313,0.999984728108498,0.000105376712070057,1.79175819726896,6.0005379546474,6,1.0000896591079,"confident_correct","intrinsic"
20,"raw",3,1,"uot_molecular","027 L6b CTX Glut",TRUE,0.950731480277517,0.90147309825604,0.196451979210174,0.692929937333225,2.35228058199689,2,1.17614029099844,"confident_correct","intrinsic"
20,"raw",3,1,"uot_molecular","028 L6 CT CTX Glut",TRUE,0.968860679451416,0.939808765851177,0.146338718627051,1.99396417218812,8.07624160495024,8,1.00953020061878,"confident_correct","intrinsic"
20,"raw",3,1,"uot_molecular","030 L5 NP CTX Glut",TRUE,0.997223150792762,0.994450191556243,0.0191481888774906,1.33038179470201,3.84558242003606,4,0.961395605009015,"confident_correct","intrinsic"
20,"raw",3,1,"uot_molecular","036 Vip Gaba",TRUE,0.949613363237097,0.915599815414209,0.231445685629913,1.98053673618783,8.49886888261624,8,1.06235861032703,"confident_correct","intrinsic"
20,"raw",3,1,"uot_molecular","037 Sncg Gaba",TRUE,0.941659123075638,0.890234712240824,0.243616069507711,1.09852745188079,3.6279526275916,3,1.20931754253053,"confident_correct","intrinsic"
20,"raw",3,1,"uot_molecular","039 Lamp5 Gaba",TRUE,0.981906240757831,0.964464310083958,0.093571524854947,1.25804646113034,3.81327605257827,4,0.953319013144568,"confident_correct","intrinsic"
20,"raw",3,1,"uot_molecular","041 Pvalb chandelier Gaba",TRUE,0.986402433260687,0.972806607982802,0.0719642846788488,0,1.0877528311771,1,1.0877528311771,"confident_correct","intrinsic"
20,"raw",3,1,"uot_molecular","042 Pvalb Gaba",TRUE,0.990847571659845,0.981771331217749,0.0525103035740221,1.95793703752645,7.33423277354324,8,0.916779096692905,"confident_correct","intrinsic"
20,"raw",3,1,"uot_molecular","043 Sst Gaba",TRUE,0.963776121797986,0.927773838408446,0.157102226756044,2.5161872232608,13.2263328561315,14,0.94473806115225,"confident_correct","intrinsic"
20,"raw",3,1,"uot_molecular","046 Sst Chodl Gaba",TRUE,0.98581480618881,0.971654354627991,0.0746331329182593,0,1.09096011565826,1,1.09096011565826,"confident_correct","intrinsic"
20,"raw",3,1,"uot_molecular","287 Astro-TE NN",TRUE,0.992297513993222,0.98758888356353,0.0518470668583278,0,1.0532245771777,1,1.0532245771777,"confident_correct","intrinsic"
20,"raw",3,1,"uot_molecular","294 OPC NN",TRUE,0.979789602975731,0.9640162154151,0.109494629793488,0,1.11788544776306,1,1.11788544776306,"confident_correct","intrinsic"
20,"raw",3,1,"uot_molecular","295 Oligo NN",TRUE,0.992465759196151,0.989023199258258,0.0539308566487695,1.32065188200271,3.91428479449013,4,0.978571198622532,"confident_correct","intrinsic"
20,"raw",3,1,"uot_molecular","299 Peri NN",TRUE,0.97465724142554,0.957108656852115,0.138536231644309,0,1.14859129767861,1,1.14859129767861,"confident_correct","intrinsic"
20,"raw",3,1,"uot_molecular","301 Endo NN",TRUE,0.97484196375477,0.95382216096143,0.130713568514567,0,1.13964556375338,1,1.13964556375338,"confident_correct","intrinsic"
20,"raw",3,1,"uot_molecular","302 Microglia NN",TRUE,0.996113950116691,0.993090877361773,0.0275779048140352,0,1.0279681618432,1,1.0279681618432,"confident_correct","intrinsic"
21,"clip",0.3,0,"gw_only","001 Car3 Glut",FALSE,0.141908043069434,5.60308852132763e-05,1.94591086147114,0,28.653770606557,1,28.653770606557,"cross_family_failure","intrinsic"
21,"clip",0.3,0,"gw_only","003 L5/6 IT TPE-ENT Glut",FALSE,0.142654416063377,5.60308852132763e-05,1.94591086147114,0.693147180559945,28.653770606557,2,14.3268853032785,"cross_family_failure","intrinsic"
21,"clip",0.3,0,"gw_only","004 L6 IT CTX Glut",FALSE,0.143207190436449,5.60308852132763e-05,1.94591086147114,2.24537198472028,28.653770606557,11,2.60488823695973,"cross_family_failure","intrinsic"
21,"clip",0.3,0,"gw_only","005 L5 IT CTX Glut",FALSE,0.142977503716836,5.60308852132763e-05,1.94591086147114,1.32989112774705,28.653770606557,4,7.16344265163925,"cross_family_failure","intrinsic"
21,"clip",0.3,0,"gw_only","006 L4/5 IT CTX Glut",TRUE,0.143263221321663,5.60308852132763e-05,1.94591086147114,2.54589330950124,28.653770606557,13,2.20413620050439,"diffuse_correct","intrinsic"
21,"clip",0.3,0,"gw_only","007 L2/3 IT CTX Glut",FALSE,0.142868604492596,5.60308852132763e-05,1.94591086147114,1.24327061920018,28.653770606557,4,7.16344265163925,"cross_family_failure","intrinsic"
21,"clip",0.3,0,"gw_only","022 L5 ET CTX Glut",FALSE,0.143120683006721,5.60308852132763e-05,1.94591086147114,1.79175946922805,28.653770606557,6,4.77562843442617,"cross_family_failure","intrinsic"
21,"clip",0.3,0,"gw_only","027 L6b CTX Glut",FALSE,0.109994513692609,0.000581342994370487,2.19709034035648,0.693147180559945,37.8451338076261,2,18.9225669038131,"cross_family_failure","intrinsic"
21,"clip",0.3,0,"gw_only","028 L6 CT CTX Glut",FALSE,0.112278180568387,0.000581342994370487,2.19709034035648,2.00852973107566,37.8451338076261,8,4.73064172595326,"cross_family_failure","intrinsic"
21,"clip",0.3,0,"gw_only","030 L5 NP CTX Glut",FALSE,0.111439421637106,0.000581342994370487,2.19709034035648,1.33071262088175,37.8451338076261,4,9.46128345190653,"cross_family_failure","intrinsic"
21,"clip",0.3,0,"gw_only","036 Vip Gaba",FALSE,0.11239001602487,0.000581342994370487,2.19709034035648,1.96889172794365,37.8451338076261,8,4.73064172595326,"cross_family_failure","intrinsic"
21,"clip",0.3,0,"gw_only","037 Sncg Gaba",FALSE,0.111190762904503,0.000581342994370487,2.19709034035648,1.09861228866811,37.8451338076261,3,12.615044602542,"cross_family_failure","intrinsic"
21,"clip",0.3,0,"gw_only","039 Lamp5 Gaba",FALSE,0.110738571192827,0.000581342994370487,2.19709034035648,1.24613800947393,37.8451338076261,4,9.46128345190653,"cross_family_failure","intrinsic"
21,"clip",0.3,0,"gw_only","041 Pvalb chandelier Gaba",FALSE,0.106621605551155,0.000581342994370487,2.19709034035648,0,37.8451338076261,1,37.8451338076261,"cross_family_failure","intrinsic"
21,"clip",0.3,0,"gw_only","042 Pvalb Gaba",FALSE,0.112375536291014,0.000581342994370487,2.19709034035648,1.96889155670479,37.8451338076261,8,4.73064172595326,"cross_family_failure","intrinsic"
21,"clip",0.3,0,"gw_only","043 Sst Gaba",TRUE,0.11297135901924,0.000581342994370487,2.19709034035648,2.51100475225912,37.8451338076261,14,2.70322384340187,"diffuse_correct","intrinsic"
21,"clip",0.3,0,"gw_only","046 Sst Chodl Gaba",TRUE,0.333333333333333,0,1.09861228866811,0,3,1,3,"diffuse_correct","intrinsic"
21,"clip",0.3,0,"gw_only","287 Astro-TE NN",FALSE,0.333333333333333,0,1.09861228866811,0,3,1,3,"cross_family_failure","intrinsic"
21,"clip",0.3,0,"gw_only","294 OPC NN",FALSE,0.247097911557025,0.0121597342544156,1.38606947554829,0,5.64692644894183,1,5.64692644894183,"cross_family_failure","intrinsic"
21,"clip",0.3,0,"gw_only","295 Oligo NN",TRUE,0.259257645811441,0.0121597342544156,1.38606947554829,1.33088373716939,5.64692644894183,4,1.41173161223546,"diffuse_correct","intrinsic"
21,"clip",0.3,0,"gw_only","299 Peri NN",FALSE,0.246822165959966,0.0121597342544156,1.38606947554829,0,5.64692644894183,1,5.64692644894183,"cross_family_failure","intrinsic"
21,"clip",0.3,0,"gw_only","301 Endo NN",FALSE,0.246822165959966,0.0121597342544156,1.38606947554829,0,5.64692644894183,1,5.64692644894183,"cross_family_failure","intrinsic"
21,"clip",0.3,0,"gw_only","302 Microglia NN",FALSE,0.333333333333333,0,1.09861228866811,0,3,1,3,"cross_family_failure","intrinsic"
22,"clip",0.3,0.1,"fugw","001 Car3 Glut",TRUE,0.999485389254113,0.998970778508227,0.00441116222487566,0,1.00442090572241,1,1.00442090572241,"confident_correct","intrinsic"
22,"clip",0.3,0.1,"fugw","003 L5/6 IT TPE-ENT Glut",TRUE,0.541819857575211,0.213617672079526,1.03580608550265,0.297296113261021,3.31424255499373,2,1.65712127749686,"underconfident_correct","intrinsic"
22,"clip",0.3,0.1,"fugw","004 L6 IT CTX Glut",TRUE,0.561238467028276,0.122476934056552,0.685628015947354,1.8457378535293,5.59306310930012,11,0.508460282663648,"underconfident_correct","intrinsic"
22,"clip",0.3,0.1,"fugw","005 L5 IT CTX Glut",TRUE,0.675653257586676,0.351306515173352,0.630102597598396,1.04144046853372,5.11072911389718,4,1.2776822784743,"underconfident_correct","intrinsic"
22,"clip",0.3,0.1,"fugw","006 L4/5 IT CTX Glut",TRUE,1,1,0,2.54808913961458,12.7826545623556,13,0.983281120181198,"confident_correct","intrinsic"
22,"clip",0.3,0.1,"fugw","007 L2/3 IT CTX Glut",TRUE,1,1,0,1.24214972133996,3.46305006121168,4,0.86576251530292,"confident_correct","intrinsic"
22,"clip",0.3,0.1,"fugw","022 L5 ET CTX Glut",TRUE,1,1,1.11022302462516e-16,1.79175946922805,6,6,1,"confident_correct","intrinsic"
22,"clip",0.3,0.1,"fugw","027 L6b CTX Glut",TRUE,1,1,0,0.693147180559945,2,2,1,"confident_correct","intrinsic"
22,"clip",0.3,0.1,"fugw","028 L6 CT CTX Glut",TRUE,1,1,1.11022302462516e-16,2.00761151989343,7.44551263387244,8,0.930689079234055,"confident_correct","intrinsic"
22,"clip",0.3,0.1,"fugw","030 L5 NP CTX Glut",TRUE,1,1,1.11022302462516e-16,1.32946287956921,3.77901305723038,4,0.944753264307595,"confident_correct","intrinsic"
22,"clip",0.3,0.1,"fugw","036 Vip Gaba",TRUE,1,1,2.22044604925031e-16,1.9675867143486,7.15339246170165,8,0.894174057712707,"confident_correct","intrinsic"
22,"clip",0.3,0.1,"fugw","037 Sncg Gaba",TRUE,1,1,0,1.09861228866811,3,3,1,"confident_correct","intrinsic"
22,"clip",0.3,0.1,"fugw","039 Lamp5 Gaba",TRUE,1,1,-2.22044604925031e-16,1.24174033981632,3.46163264265347,4,0.865408160663366,"confident_correct","intrinsic"
22,"clip",0.3,0.1,"fugw","041 Pvalb chandelier Gaba",TRUE,1,1,0,0,1,1,1,"confident_correct","intrinsic"
22,"clip",0.3,0.1,"fugw","042 Pvalb Gaba",TRUE,1,1,0,1.96758671067222,7.15339243540308,8,0.894174054425386,"confident_correct","intrinsic"
22,"clip",0.3,0.1,"fugw","043 Sst Gaba",TRUE,1,1,0,2.51044312481665,12.3103838886614,14,0.879313134904385,"confident_correct","intrinsic"
22,"clip",0.3,0.1,"fugw","046 Sst Chodl Gaba",TRUE,1,1,0,0,1,1,1,"confident_correct","intrinsic"
22,"clip",0.3,0.1,"fugw","287 Astro-TE NN",TRUE,1,1,0,0,1,1,1,"confident_correct","intrinsic"
22,"clip",0.3,0.1,"fugw","294 OPC NN",TRUE,1,1,0,0,1,1,1,"confident_correct","intrinsic"
22,"clip",0.3,0.1,"fugw","295 Oligo NN",TRUE,1,1,0,1.32936315351546,3.77863620996216,4,0.94465905249054,"confident_correct","intrinsic"
22,"clip",0.3,0.1,"fugw","299 Peri NN",TRUE,1,1,0,0,1,1,1,"confident_correct","intrinsic"
22,"clip",0.3,0.1,"fugw","301 Endo NN",TRUE,1,1,0,0,1,1,1,"confident_correct","intrinsic"
22,"clip",0.3,0.1,"fugw","302 Microglia NN",TRUE,1,1,0,0,1,1,1,"confident_correct","intrinsic"
23,"clip",0.3,0.25,"fugw","001 Car3 Glut",TRUE,0.959356256916785,0.91871251383357,0.169984629523916,0,1.18528663276051,1,1.18528663276051,"confident_correct","intrinsic"
23,"clip",0.3,0.25,"fugw","003 L5/6 IT TPE-ENT Glut",TRUE,0.474223652926725,0.158456751502419,1.18999159347574,2.24078132944755e-05,3.48111097828201,2,1.74055548914101,"diffuse_correct","intrinsic"
23,"clip",0.3,0.25,"fugw","004 L6 IT CTX Glut",TRUE,0.52737473406818,0.0547494681363594,0.691647678777488,1.89597420353032,5.42781451859422,11,0.493437683508566,"underconfident_correct","intrinsic"
23,"clip",0.3,0.25,"fugw","005 L5 IT CTX Glut",TRUE,0.707014800764796,0.414029601529592,0.604802985849584,1.04497511020921,4.63593341597196,4,1.15898335399299,"underconfident_correct","intrinsic"
23,"clip",0.3,0.25,"fugw","006 L4/5 IT CTX Glut",TRUE,1,1,0,2.46764039821844,11.7945834711619,13,0.907275651627835,"confident_correct","intrinsic"
23,"clip",0.3,0.25,"fugw","007 L2/3 IT CTX Glut",TRUE,1,1,0,1.24214956164694,3.4630495081868,4,0.865762377046701,"confident_correct","intrinsic"
23,"clip",0.3,0.25,"fugw","022 L5 ET CTX Glut",TRUE,1,1,-2.22044604925031e-16,1.79175946922805,6,6,1,"confident_correct","intrinsic"
23,"clip",0.3,0.25,"fugw","027 L6b CTX Glut",TRUE,1,1,0,0.693147180559945,2,2,1,"confident_correct","intrinsic"
23,"clip",0.3,0.25,"fugw","028 L6 CT CTX Glut",TRUE,1,1,0,2.00815980486143,7.44959601585481,8,0.931199501981851,"confident_correct","intrinsic"
23,"clip",0.3,0.25,"fugw","030 L5 NP CTX Glut",TRUE,1,1,0,1.32946285627883,3.77901296921572,4,0.94475324230393,"confident_correct","intrinsic"
23,"clip",0.3,0.25,"fugw","036 Vip Gaba",TRUE,1,1,0,1.96758666208665,7.15339208785143,8,0.894174010981429,"confident_correct","intrinsic"
23,"clip",0.3,0.25,"fugw","037 Sncg Gaba",TRUE,1,1,0,1.09861228866811,3,3,1,"confident_correct","intrinsic"
23,"clip",0.3,0.25,"fugw","039 Lamp5 Gaba",TRUE,1,1,2.22044604925031e-16,1.24174015013469,3.46163198604538,4,0.865407996511346,"confident_correct","intrinsic"
23,"clip",0.3,0.25,"fugw","041 Pvalb chandelier Gaba",TRUE,1,1,0,0,1,1,1,"confident_correct","intrinsic"
23,"clip",0.3,0.25,"fugw","042 Pvalb Gaba",TRUE,1,1,0,1.96758665840982,7.1533920615496,8,0.894174007693699,"confident_correct","intrinsic"
23,"clip",0.3,0.25,"fugw","043 Sst Gaba",TRUE,1,1,0,2.510443084486,12.3103833921756,14,0.879313099441116,"confident_correct","intrinsic"
23,"clip",0.3,0.25,"fugw","046 Sst Chodl Gaba",TRUE,1,1,0,0,1,1,1,"confident_correct","intrinsic"
23,"clip",0.3,0.25,"fugw","287 Astro-TE NN",TRUE,1,1,0,0,1,1,1,"confident_correct","intrinsic"
23,"clip",0.3,0.25,"fugw","294 OPC NN",TRUE,1,1,0,0,1,1,1,"confident_correct","intrinsic"
23,"clip",0.3,0.25,"fugw","295 Oligo NN",TRUE,1,1,0,1.32936307440334,3.77863591102627,4,0.944658977756568,"confident_correct","intrinsic"
23,"clip",0.3,0.25,"fugw","299 Peri NN",FALSE,0,1,0,NA,1,1,1,"cross_family_failure","intrinsic"
23,"clip",0.3,0.25,"fugw","301 Endo NN",FALSE,0,1,0,NA,1,1,1,"cross_family_failure","intrinsic"
23,"clip",0.3,0.25,"fugw","302 Microglia NN",TRUE,1,1,0,0,1,1,1,"confident_correct","intrinsic"
24,"clip",0.3,0.5,"fugw","001 Car3 Glut",TRUE,0.951418415300988,0.902836830601976,0.194317435663354,0,1.21448174159111,1,1.21448174159111,"confident_correct","intrinsic"
24,"clip",0.3,0.5,"fugw","003 L5/6 IT TPE-ENT Glut",TRUE,0.466581935571305,0.154045895900776,1.20313507375392,2.71631112024798e-07,3.59809280463387,2,1.79904640231694,"diffuse_correct","intrinsic"
24,"clip",0.3,0.5,"fugw","004 L6 IT CTX Glut",TRUE,0.519469362682816,0.038938725365633,0.692388876699092,1.91124116510348,5.39363797739307,11,0.490330725217552,"underconfident_correct","intrinsic"
24,"clip",0.3,0.5,"fugw","005 L5 IT CTX Glut",TRUE,0.702691562256146,0.405383124512291,0.608566468634476,1.0548038727714,4.54386885426283,4,1.13596721356571,"underconfident_correct","intrinsic"
24,"clip",0.3,0.5,"fugw","006 L4/5 IT CTX Glut",TRUE,1,1,0,2.45557124914798,11.6530884647479,13,0.89639142036522,"confident_correct","intrinsic"
24,"clip",0.3,0.5,"fugw","007 L2/3 IT CTX Glut",TRUE,0.97663267854498,0.95326535708996,0.110869551604959,1.24215303597378,3.75841301674596,4,0.93960325418649,"confident_correct","intrinsic"
24,"clip",0.3,0.5,"fugw","022 L5 ET CTX Glut",TRUE,1,1,-2.22044604925031e-16,1.79175946922805,6,6,1,"confident_correct","intrinsic"
24,"clip",0.3,0.5,"fugw","027 L6b CTX Glut",TRUE,0.999991341962776,0.999982683925553,0.000109584934548191,0.693147180559945,2.00020717801086,2,1.00010358900543,"confident_correct","intrinsic"
24,"clip",0.3,0.5,"fugw","028 L6 CT CTX Glut",TRUE,1,1,0,2.00973759837062,7.46135921760614,8,0.932669902200768,"confident_correct","intrinsic"
24,"clip",0.3,0.5,"fugw","030 L5 NP CTX Glut",TRUE,1,1,2.22044604925031e-16,1.32946260702205,3.77901202727125,4,0.944753006817813,"confident_correct","intrinsic"
24,"clip",0.3,0.5,"fugw","036 Vip Gaba",TRUE,1,1,0,1.96758646430164,7.1533906730178,8,0.894173834127226,"confident_correct","intrinsic"
24,"clip",0.3,0.5,"fugw","037 Sncg Gaba",TRUE,1,1,0,1.09861228866811,3,3,1,"confident_correct","intrinsic"
24,"clip",0.3,0.5,"fugw","039 Lamp5 Gaba",TRUE,1,1,0,1.24173954272796,3.46162988342745,4,0.865407470856863,"confident_correct","intrinsic"
24,"clip",0.3,0.5,"fugw","041 Pvalb chandelier Gaba",TRUE,1,1,0,0,1,1,1,"confident_correct","intrinsic"
24,"clip",0.3,0.5,"fugw","042 Pvalb Gaba",TRUE,1,1,0,1.96758646062265,7.15339064670055,8,0.894173830837568,"confident_correct","intrinsic"
24,"clip",0.3,0.5,"fugw","043 Sst Gaba",TRUE,1,1,-2.22044604925031e-16,2.51044300662466,12.3103824336727,14,0.879313030976622,"confident_correct","intrinsic"
24,"clip",0.3,0.5,"fugw","046 Sst Chodl Gaba",TRUE,1,1,0,0,1,1,1,"confident_correct","intrinsic"
24,"clip",0.3,0.5,"fugw","287 Astro-TE NN",TRUE,1,1,0,0,1,1,1,"confident_correct","intrinsic"
24,"clip",0.3,0.5,"fugw","294 OPC NN",TRUE,1,1,0,0,1,1,1,"confident_correct","intrinsic"
24,"clip",0.3,0.5,"fugw","295 Oligo NN",TRUE,1,1,0,1.32936281678598,3.7786349375842,4,0.944658734396049,"confident_correct","intrinsic"
24,"clip",0.3,0.5,"fugw","299 Peri NN",FALSE,0,1,0,NA,1,1,1,"cross_family_failure","intrinsic"
24,"clip",0.3,0.5,"fugw","301 Endo NN",FALSE,0,1,0,NA,1,1,1,"cross_family_failure","intrinsic"
24,"clip",0.3,0.5,"fugw","302 Microglia NN",TRUE,1,1,0,0,1,1,1,"confident_correct","intrinsic"
25,"clip",0.3,0.75,"fugw","001 Car3 Glut",TRUE,0.938846260023906,0.877767239724998,0.230706197233177,0,1.25948914368912,1,1.25948914368912,"confident_correct","intrinsic"
25,"clip",0.3,0.75,"fugw","003 L5/6 IT TPE-ENT Glut",TRUE,0.43757815779853,0.139149252985843,1.2428520644048,0,3.91033815414646,2,1.95516907707323,"diffuse_correct","intrinsic"
25,"clip",0.3,0.75,"fugw","004 L6 IT CTX Glut",TRUE,0.501701695971086,0.00340339194217132,0.693141389010409,2.02692561638634,5.52925677826739,11,0.502659707115217,"underconfident_correct","intrinsic"
25,"clip",0.3,0.75,"fugw","005 L5 IT CTX Glut",TRUE,0.704586697619305,0.409173395238611,0.606927765630302,1.07676026815407,4.3555377289685,4,1.08888443224212,"underconfident_correct","intrinsic"
25,"clip",0.3,0.75,"fugw","006 L4/5 IT CTX Glut",TRUE,1,1,1.11022302462516e-16,2.36786736956259,10.6746030089133,13,0.821123308377949,"confident_correct","intrinsic"
25,"clip",0.3,0.75,"fugw","007 L2/3 IT CTX Glut",TRUE,0.940018852975386,0.880037705950772,0.226915644721748,1.24215816201282,4.03323077284508,4,1.00830769321127,"confident_correct","intrinsic"
25,"clip",0.3,0.75,"fugw","022 L5 ET CTX Glut",TRUE,1,1,1.11022302462516e-16,1.79175946922805,6,6,1,"confident_correct","intrinsic"
25,"clip",0.3,0.75,"fugw","027 L6b CTX Glut",TRUE,0.914534901944395,0.82906980388879,0.291918213956967,0.693147180559945,2.5239509290821,2,1.26197546454105,"confident_correct","intrinsic"
25,"clip",0.3,0.75,"fugw","028 L6 CT CTX Glut",TRUE,1,1,0,1.94674667864838,7.00585815707074,8,0.875732269633843,"confident_correct","intrinsic"
25,"clip",0.3,0.75,"fugw","030 L5 NP CTX Glut",TRUE,1,1,-2.22044604925031e-16,1.32946223468422,3.77901062020238,4,0.944752655050596,"confident_correct","intrinsic"
25,"clip",0.3,0.75,"fugw","036 Vip Gaba",TRUE,1,1,0,1.96758601256043,7.15338744153722,8,0.894173430192152,"confident_correct","intrinsic"
25,"clip",0.3,0.75,"fugw","037 Sncg Gaba",TRUE,1,1,0,1.09861228866811,3,3,1,"confident_correct","intrinsic"
25,"clip",0.3,0.75,"fugw","039 Lamp5 Gaba",TRUE,1,1,1.11022302462516e-16,1.24173794457816,3.46162435122878,4,0.865406087807196,"confident_correct","intrinsic"
25,"clip",0.3,0.75,"fugw","041 Pvalb chandelier Gaba",TRUE,1,1,0,0,1,1,1,"confident_correct","intrinsic"
25,"clip",0.3,0.75,"fugw","042 Pvalb Gaba",TRUE,1,1,0,1.96758603831938,7.15338762580093,8,0.894173453225117,"confident_correct","intrinsic"
25,"clip",0.3,0.75,"fugw","043 Sst Gaba",TRUE,1,1,-2.22044604925031e-16,2.5104427967371,12.3103798498769,14,0.87931284641978,"confident_correct","intrinsic"
25,"clip",0.3,0.75,"fugw","046 Sst Chodl Gaba",TRUE,1,1,0,0,1,1,1,"confident_correct","intrinsic"
25,"clip",0.3,0.75,"fugw","287 Astro-TE NN",TRUE,1,1,0,0,1,1,1,"confident_correct","intrinsic"
25,"clip",0.3,0.75,"fugw","294 OPC NN",TRUE,1,1,0,0,1,1,1,"confident_correct","intrinsic"
25,"clip",0.3,0.75,"fugw","295 Oligo NN",TRUE,1,1,0,1.32936214872616,3.77863241323084,4,0.94465810330771,"confident_correct","intrinsic"
25,"clip",0.3,0.75,"fugw","299 Peri NN",FALSE,0,1,0,NA,1,1,1,"cross_family_failure","intrinsic"
25,"clip",0.3,0.75,"fugw","301 Endo NN",FALSE,0,1,0,NA,1,1,1,"cross_family_failure","intrinsic"
25,"clip",0.3,0.75,"fugw","302 Microglia NN",TRUE,1,1,0,0,1,1,1,"confident_correct","intrinsic"
26,"clip",0.3,0.9,"fugw","001 Car3 Glut",TRUE,0.813683770189816,0.680899651898318,0.595394103593935,0,1.81374560778783,1,1.81374560778783,"underconfident_correct","intrinsic"
26,"clip",0.3,0.9,"fugw","003 L5/6 IT TPE-ENT Glut",TRUE,0.407170713762236,0.124284665784503,1.26760346211766,0.151266177514867,4.31789258789768,2,2.15894629394884,"diffuse_correct","intrinsic"
26,"clip",0.3,0.9,"fugw","004 L6 IT CTX Glut",FALSE,0.495814453225589,0.00837109354882221,0.693112142547121,1.91049487643851,5.15704177202362,11,0.468821979274874,"cross_family_failure","intrinsic"
26,"clip",0.3,0.9,"fugw","005 L5 IT CTX Glut",TRUE,0.559506733347265,0.155949457781966,0.812944055389477,0.669876163185215,3.27967482643802,4,0.819918706609505,"underconfident_correct","intrinsic"
26,"clip",0.3,0.9,"fugw","006 L4/5 IT CTX Glut",TRUE,1,1,-2.22044604925031e-16,2.21315855877257,9.14455443837711,13,0.703427264490547,"confident_correct","intrinsic"
26,"clip",0.3,0.9,"fugw","007 L2/3 IT CTX Glut",TRUE,0.942968389801052,0.885936779602104,0.218720541591945,1.24215612527614,4.01498857945463,4,1.00374714486366,"confident_correct","intrinsic"
26,"clip",0.3,0.9,"fugw","022 L5 ET CTX Glut",TRUE,1,1,1.11022302462516e-16,1.79175946922805,6,6,1,"confident_correct","intrinsic"
26,"clip",0.3,0.9,"fugw","027 L6b CTX Glut",TRUE,0.892500071948361,0.785000143896721,0.341256197151298,0.693147180559945,2.61140947856369,2,1.30570473928184,"underconfident_correct","intrinsic"
26,"clip",0.3,0.9,"fugw","028 L6 CT CTX Glut",TRUE,1,1,0,1.88941592673436,6.61550361361221,8,0.826937951701526,"confident_correct","intrinsic"
26,"clip",0.3,0.9,"fugw","030 L5 NP CTX Glut",TRUE,1,1,0,1.32946125862256,3.7790069316568,4,0.9447517329142,"confident_correct","intrinsic"
26,"clip",0.3,0.9,"fugw","036 Vip Gaba",TRUE,1,1,0,1.96758507370765,7.15338072556265,8,0.894172590695331,"confident_correct","intrinsic"
26,"clip",0.3,0.9,"fugw","037 Sncg Gaba",TRUE,1,1,0,1.09861228866811,3,3,1,"confident_correct","intrinsic"
26,"clip",0.3,0.9,"fugw","039 Lamp5 Gaba",TRUE,1,1,0,1.24173459596547,3.46161275960897,4,0.865403189902242,"confident_correct","intrinsic"
26,"clip",0.3,0.9,"fugw","041 Pvalb chandelier Gaba",TRUE,1,1,0,0,1,1,1,"confident_correct","intrinsic"
26,"clip",0.3,0.9,"fugw","042 Pvalb Gaba",TRUE,1,1,0,1.96758504969186,7.15338055376856,8,0.89417256922107,"confident_correct","intrinsic"
26,"clip",0.3,0.9,"fugw","043 Sst Gaba",TRUE,1,1,-4.44089209850063e-16,2.5104423908952,12.3103748538099,14,0.879312489557852,"confident_correct","intrinsic"
26,"clip",0.3,0.9,"fugw","046 Sst Chodl Gaba",TRUE,1,1,0,0,1,1,1,"confident_correct","intrinsic"
26,"clip",0.3,0.9,"fugw","287 Astro-TE NN",TRUE,1,1,0,0,1,1,1,"confident_correct","intrinsic"
26,"clip",0.3,0.9,"fugw","294 OPC NN",TRUE,1,1,0,0,1,1,1,"confident_correct","intrinsic"
26,"clip",0.3,0.9,"fugw","295 Oligo NN",TRUE,1,1,0,1.32936076228498,3.7786271743829,4,0.944656793595726,"confident_correct","intrinsic"
26,"clip",0.3,0.9,"fugw","299 Peri NN",FALSE,0,1,0,NA,1,1,1,"cross_family_failure","intrinsic"
26,"clip",0.3,0.9,"fugw","301 Endo NN",FALSE,0,1,0,NA,1,1,1,"cross_family_failure","intrinsic"
26,"clip",0.3,0.9,"fugw","302 Microglia NN",TRUE,1,1,0,0,1,1,1,"confident_correct","intrinsic"
27,"clip",0.3,1,"uot_molecular","001 Car3 Glut",TRUE,0.933986069884978,0.873077683294902,0.261174635394282,0,1.29845440173143,1,1.29845440173143,"confident_correct","intrinsic"
27,"clip",0.3,1,"uot_molecular","003 L5/6 IT TPE-ENT Glut",TRUE,0.453667548778132,0.146273005924922,1.2225845235629,0.0107453504981833,3.76902028652546,2,1.88451014326273,"diffuse_correct","intrinsic"
27,"clip",0.3,1,"uot_molecular","004 L6 IT CTX Glut",TRUE,0.504152861798613,0.00830572359722653,0.69311268764112,1.88500141866304,5.1729418368384,11,0.470267439712582,"underconfident_correct","intrinsic"
27,"clip",0.3,1,"uot_molecular","005 L5 IT CTX Glut",TRUE,0.686792351846816,0.373584704268748,0.621643172154302,1.06450962098286,4.58316405444458,4,1.14579101361115,"underconfident_correct","intrinsic"
27,"clip",0.3,1,"uot_molecular","006 L4/5 IT CTX Glut",TRUE,0.999999999904957,0.999999999809915,2.28831016094441e-09,2.37550003529112,10.7563904385605,13,0.827414649120039,"confident_correct","intrinsic"
27,"clip",0.3,1,"uot_molecular","007 L2/3 IT CTX Glut",TRUE,0.938519680037576,0.877039360075153,0.23102139605734,1.24245336061579,4.04340972166342,4,1.01085243041585,"confident_correct","intrinsic"
27,"clip",0.3,1,"uot_molecular","022 L5 ET CTX Glut",TRUE,1,1,-2.22044604925031e-16,1.79175946922805,6,6,1,"confident_correct","intrinsic"
27,"clip",0.3,1,"uot_molecular","027 L6b CTX Glut",TRUE,0.907908373615778,0.815891992094089,0.307960747856438,0.692731796926175,2.55205201404934,2,1.27602600702467,"confident_correct","intrinsic"
27,"clip",0.3,1,"uot_molecular","028 L6 CT CTX Glut",TRUE,0.999999996304268,0.999999992608536,7.54523831485633e-08,1.94394816445264,6.98628004875685,8,0.873285006094606,"confident_correct","intrinsic"
27,"clip",0.3,1,"uot_molecular","030 L5 NP CTX Glut",TRUE,0.973297780560464,0.946595561120928,0.123084869423894,1.32962414995037,4.12557376042405,4,1.03139344010601,"confident_correct","intrinsic"
27,"clip",0.3,1,"uot_molecular","036 Vip Gaba",TRUE,0.540853975172179,0.173540395087655,0.919567636534791,1.95213835544686,10.5176816832291,8,1.31471021040364,"underconfident_correct","intrinsic"
27,"clip",0.3,1,"uot_molecular","037 Sncg Gaba",FALSE,0.432719931207406,0.0263293022784643,0.960538952541114,1.02819062517498,9.56307217533274,3,3.18769072511091,"cross_family_failure","intrinsic"
27,"clip",0.3,1,"uot_molecular","039 Lamp5 Gaba",TRUE,0.799983706076272,0.599967413328362,0.500425034343002,1.34818628087369,4.8504768853907,4,1.21261922134768,"underconfident_correct","intrinsic"
27,"clip",0.3,1,"uot_molecular","041 Pvalb chandelier Gaba",TRUE,0.624999999891474,0.249999999926932,0.661563241479059,0,3.35640139432756,1,3.35640139432756,"underconfident_correct","intrinsic"
27,"clip",0.3,1,"uot_molecular","042 Pvalb Gaba",TRUE,0.624999986837501,0.249999973675001,0.661563244881724,1.84617339943284,6.1436657716919,8,0.767958221461487,"underconfident_correct","intrinsic"
27,"clip",0.3,1,"uot_molecular","043 Sst Gaba",TRUE,0.571427373785697,0.142854747571394,0.682908449237927,2.35010903537854,7.58236444775,14,0.541597460553571,"underconfident_correct","intrinsic"
27,"clip",0.3,1,"uot_molecular","046 Sst Chodl Gaba",TRUE,0.857142461786771,0.714284925093603,0.410117056097036,0,1.89656197419245,1,1.89656197419245,"underconfident_correct","intrinsic"
27,"clip",0.3,1,"uot_molecular","287 Astro-TE NN",TRUE,0.495582378539242,0.134882835888864,1.09392808946159,0,2.98598026363417,1,2.98598026363417,"diffuse_correct","intrinsic"
27,"clip",0.3,1,"uot_molecular","294 OPC NN",FALSE,0.278515562108083,0.0438469872807388,1.09030757136202,0,4.66859511787614,1,4.66859511787614,"cross_family_failure","intrinsic"
27,"clip",0.3,1,"uot_molecular","295 Oligo NN",TRUE,0.660685378763238,0.423747372615109,0.848517257939561,1.32976901120516,5.6241858552759,4,1.40604646381898,"underconfident_correct","intrinsic"
27,"clip",0.3,1,"uot_molecular","299 Peri NN",FALSE,0.0950653196485974,0.424544326625062,1.04939275798728,0,2.85591635900918,1,2.85591635900918,"cross_family_failure","intrinsic"
27,"clip",0.3,1,"uot_molecular","301 Endo NN",FALSE,0.224914928019356,0.270059567514922,1.0438320287627,0,2.84007945462586,1,2.84007945462586,"cross_family_failure","intrinsic"
27,"clip",0.3,1,"uot_molecular","302 Microglia NN",TRUE,0.522540759358939,0.271054828297343,1.02420972484995,0,2.78489375945058,1,2.78489375945058,"underconfident_correct","intrinsic"
28,"clip",1,0,"gw_only","001 Car3 Glut",FALSE,0.142601776143098,1.4900189491851e-05,1.94590981712948,0,28.6008242552266,1,28.6008242552266,"cross_family_failure","intrinsic"
28,"clip",1,0,"gw_only","003 L5/6 IT TPE-ENT Glut",FALSE,0.1428033148149,1.4900189491851e-05,1.94590981712948,0.693147180559945,28.6008242552266,2,14.3004121276133,"cross_family_failure","intrinsic"
28,"clip",1,0,"gw_only","004 L6 IT CTX Glut",FALSE,0.14295093682821,1.4900189491851e-05,1.94590981712948,2.24513523303183,28.6008242552266,11,2.60007493229333,"cross_family_failure","intrinsic"
28,"clip",1,0,"gw_only","005 L5 IT CTX Glut",FALSE,0.142889702999346,1.4900189491851e-05,1.94590981712948,1.32972300725909,28.6008242552266,4,7.15020606380665,"cross_family_failure","intrinsic"
28,"clip",1,0,"gw_only","006 L4/5 IT CTX Glut",TRUE,0.142965837017702,1.4900189491851e-05,1.94590981712948,2.54587195532416,28.6008242552266,13,2.2000634042482,"diffuse_correct","intrinsic"
28,"clip",1,0,"gw_only","007 L2/3 IT CTX Glut",FALSE,0.142860510274649,1.4900189491851e-05,1.94590981712948,1.24267316428877,28.6008242552266,4,7.15020606380665,"cross_family_failure","intrinsic"
28,"clip",1,0,"gw_only","022 L5 ET CTX Glut",FALSE,0.142927921922096,1.4900189491851e-05,1.94590981712948,1.79175946922805,28.6008242552266,6,4.76680404253776,"cross_family_failure","intrinsic"
28,"clip",1,0,"gw_only","027 L6b CTX Glut",FALSE,0,0.000154175469144757,1.09861225644092,NA,12.6182548748739,2,6.30912743743696,"cross_family_failure","intrinsic"
28,"clip",1,0,"gw_only","028 L6 CT CTX Glut",FALSE,0,0.000153808067392958,1.09861225649147,NA,12.6182532254843,8,1.57728165318554,"cross_family_failure","intrinsic"
28,"clip",1,0,"gw_only","030 L5 NP CTX Glut",FALSE,0,0.000154175469144757,1.09861225644092,NA,12.6182548748739,4,3.15456371871848,"cross_family_failure","intrinsic"
28,"clip",1,0,"gw_only","036 Vip Gaba",FALSE,0,5.90010279135078e-05,1.09861145603694,NA,13.3672613990306,8,1.67090767487882,"cross_family_failure","intrinsic"
28,"clip",1,0,"gw_only","037 Sncg Gaba",FALSE,0,5.90173735514066e-05,1.09861145995497,NA,13.3672190747632,3,4.45573969158775,"cross_family_failure","intrinsic"
28,"clip",1,0,"gw_only","039 Lamp5 Gaba",FALSE,0,5.90826963474123e-05,1.09861145761148,NA,13.367244553377,4,3.34181113834426,"cross_family_failure","intrinsic"
28,"clip",1,0,"gw_only","041 Pvalb chandelier Gaba",FALSE,0,0.000148218813207646,1.09861217187861,NA,11.5003278057759,1,11.5003278057759,"cross_family_failure","intrinsic"
28,"clip",1,0,"gw_only","042 Pvalb Gaba",FALSE,0,0.000148191617285964,1.09861217203113,NA,11.5003259317407,8,1.43754074146759,"cross_family_failure","intrinsic"
28,"clip",1,0,"gw_only","043 Sst Gaba",FALSE,0,0.000148218813207646,1.09861217187861,NA,11.5003278057759,14,0.821451986126853,"cross_family_failure","intrinsic"
28,"clip",1,0,"gw_only","046 Sst Chodl Gaba",FALSE,0,1,0,NA,1,1,1,"cross_family_failure","intrinsic"
28,"clip",1,0,"gw_only","287 Astro-TE NN",TRUE,1,1,0,0,1,1,1,"confident_correct","intrinsic"
28,"clip",1,0,"gw_only","294 OPC NN",FALSE,9.79194486797806e-09,0.99999998041611,1.90372110654895e-07,0,3.77942569194278,1,3.77942569194278,"cross_family_failure","intrinsic"
28,"clip",1,0,"gw_only","295 Oligo NN",FALSE,3.48332187038798e-07,0.999999303335626,5.52806980368841e-06,1.34973197835216,1.00000599824289,4,0.250001499560721,"cross_family_failure","intrinsic"
28,"clip",1,0,"gw_only","299 Peri NN",FALSE,1.70965620753109e-06,0.999996580687585,2.44125526683732e-05,0,1.00002441285066,1,1.00002441285066,"cross_family_failure","intrinsic"
28,"clip",1,0,"gw_only","301 Endo NN",FALSE,1.70965620753109e-06,0.999996580687585,2.44125526683732e-05,0,1.00002441285066,1,1.00002441285066,"cross_family_failure","intrinsic"
28,"clip",1,0,"gw_only","302 Microglia NN",FALSE,0,1,0,NA,1,1,1,"cross_family_failure","intrinsic"
29,"clip",1,0.1,"fugw","001 Car3 Glut",TRUE,0.999999998116137,0.999999996232274,3.97305632192306e-08,0,1.00000003973056,1,1.00000003973056,"confident_correct","intrinsic"
29,"clip",1,0.1,"fugw","003 L5/6 IT TPE-ENT Glut",TRUE,0.663234524856252,0.332354134352519,0.668516966869954,0.562781605384446,2.83423811204496,2,1.41711905602248,"underconfident_correct","intrinsic"
29,"clip",1,0.1,"fugw","004 L6 IT CTX Glut",TRUE,0.669793798996376,0.339587597992752,0.634324568039066,1.97737303481394,7.09050641790391,11,0.644591492536719,"underconfident_correct","intrinsic"
29,"clip",1,0.1,"fugw","005 L5 IT CTX Glut",TRUE,0.67176099030496,0.34352198060992,0.632924509475431,1.04023621913387,5.15409190076759,4,1.2885229751919,"underconfident_correct","intrinsic"
29,"clip",1,0.1,"fugw","006 L4/5 IT CTX Glut",TRUE,1,1,2.22044604925031e-16,2.54736140664753,12.7733555872198,13,0.982565814401524,"confident_correct","intrinsic"
29,"clip",1,0.1,"fugw","007 L2/3 IT CTX Glut",TRUE,1,1,0,1.24236237485746,3.46378656929621,4,0.865946642324052,"confident_correct","intrinsic"
29,"clip",1,0.1,"fugw","022 L5 ET CTX Glut",TRUE,1,1,-2.22044604925031e-16,1.79175946922805,6,6,1,"confident_correct","intrinsic"
29,"clip",1,0.1,"fugw","027 L6b CTX Glut",TRUE,1,1,0,0.693147180559945,2,2,1,"confident_correct","intrinsic"
29,"clip",1,0.1,"fugw","028 L6 CT CTX Glut",TRUE,1,1,2.22044604925031e-16,2.00754762274174,7.44503690202139,8,0.930629612752674,"confident_correct","intrinsic"
29,"clip",1,0.1,"fugw","030 L5 NP CTX Glut",TRUE,1,1,0,1.32960183202289,3.77953819685104,4,0.94488454921276,"confident_correct","intrinsic"
29,"clip",1,0.1,"fugw","036 Vip Gaba",TRUE,1,1,0,1.96772870423034,7.15440824316493,8,0.894301030395616,"confident_correct","intrinsic"
29,"clip",1,0.1,"fugw","037 Sncg Gaba",TRUE,1,1,0,1.09861228866811,3,3,1,"confident_correct","intrinsic"
29,"clip",1,0.1,"fugw","039 Lamp5 Gaba",TRUE,1,1,0,1.2422408113091,3.46336552470243,4,0.865841381175608,"confident_correct","intrinsic"
29,"clip",1,0.1,"fugw","041 Pvalb chandelier Gaba",TRUE,1,1,0,0,1,1,1,"confident_correct","intrinsic"
29,"clip",1,0.1,"fugw","042 Pvalb Gaba",TRUE,1,1,1.11022302462516e-16,1.96772870413088,7.15440824245339,8,0.894301030306674,"confident_correct","intrinsic"
29,"clip",1,0.1,"fugw","043 Sst Gaba",TRUE,1,1,-2.22044604925031e-16,2.51050324932125,12.3111240666454,14,0.879366004760383,"confident_correct","intrinsic"
29,"clip",1,0.1,"fugw","046 Sst Chodl Gaba",TRUE,1,1,0,0,1,1,1,"confident_correct","intrinsic"
29,"clip",1,0.1,"fugw","287 Astro-TE NN",TRUE,1,1,0,0,1,1,1,"confident_correct","intrinsic"
29,"clip",1,0.1,"fugw","294 OPC NN",TRUE,1,1,0,0,1,1,1,"confident_correct","intrinsic"
29,"clip",1,0.1,"fugw","295 Oligo NN",TRUE,1,1,1.11022302462516e-16,1.32957211856997,3.77942589538922,4,0.944856473847306,"confident_correct","intrinsic"
29,"clip",1,0.1,"fugw","299 Peri NN",TRUE,1,1,0,0,1,1,1,"confident_correct","intrinsic"
29,"clip",1,0.1,"fugw","301 Endo NN",TRUE,1,1,0,0,1,1,1,"confident_correct","intrinsic"
29,"clip",1,0.1,"fugw","302 Microglia NN",TRUE,1,1,0,0,1,1,1,"confident_correct","intrinsic"
30,"clip",1,0.25,"fugw","001 Car3 Glut",TRUE,0.99194980335286,0.98389960670572,0.0468362277718223,0,1.04795036985808,1,1.04795036985808,"confident_correct","intrinsic"
30,"clip",1,0.25,"fugw","003 L5/6 IT TPE-ENT Glut",TRUE,0.489290010168366,0.163354554885453,1.15493317433054,0.00336904930645345,3.37694998161404,2,1.68847499080702,"diffuse_correct","intrinsic"
30,"clip",1,0.25,"fugw","004 L6 IT CTX Glut",TRUE,0.511374675568901,0.0227493511378019,0.692888391746696,1.83736351628745,5.11649463916769,11,0.465135876287972,"underconfident_correct","intrinsic"
30,"clip",1,0.25,"fugw","005 L5 IT CTX Glut",TRUE,0.614758939421081,0.229517878842162,0.666571685574908,1.07195381279083,5.98151745623375,4,1.49537936405844,"underconfident_correct","intrinsic"
30,"clip",1,0.25,"fugw","006 L4/5 IT CTX Glut",TRUE,0.934754407897009,0.869508815794017,0.24116339357433,2.46769255119876,12.7795965953483,13,0.983045891949871,"confident_correct","intrinsic"
30,"clip",1,0.25,"fugw","007 L2/3 IT CTX Glut",TRUE,1,1,0,1.24236234533005,3.46378646701958,4,0.865946616754894,"confident_correct","intrinsic"
30,"clip",1,0.25,"fugw","022 L5 ET CTX Glut",TRUE,1,1,1.11022302462516e-16,1.79175946922805,6,6,1,"confident_correct","intrinsic"
30,"clip",1,0.25,"fugw","027 L6b CTX Glut",TRUE,1,1,0,0.693147180559945,2,2,1,"confident_correct","intrinsic"
30,"clip",1,0.25,"fugw","028 L6 CT CTX Glut",TRUE,1,1,2.22044604925031e-16,2.00771288998623,7.44626742443507,8,0.930783428054384,"confident_correct","intrinsic"
30,"clip",1,0.25,"fugw","030 L5 NP CTX Glut",TRUE,1,1,0,1.3296018853552,3.77953839842256,4,0.94488459960564,"confident_correct","intrinsic"
30,"clip",1,0.25,"fugw","036 Vip Gaba",TRUE,1,1,0,1.96772865824873,7.15440791419379,8,0.894300989274223,"confident_correct","intrinsic"
30,"clip",1,0.25,"fugw","037 Sncg Gaba",TRUE,1,1,0,1.09861228866811,3,3,1,"confident_correct","intrinsic"
30,"clip",1,0.25,"fugw","039 Lamp5 Gaba",TRUE,1,1,0,1.24224082271144,3.46336556419293,4,0.865841391048231,"confident_correct","intrinsic"
30,"clip",1,0.25,"fugw","041 Pvalb chandelier Gaba",TRUE,1,1,0,0,1,1,1,"confident_correct","intrinsic"
30,"clip",1,0.25,"fugw","042 Pvalb Gaba",TRUE,1,1,1.11022302462516e-16,1.96772865814921,7.15440791348175,8,0.894300989185218,"confident_correct","intrinsic"
30,"clip",1,0.25,"fugw","043 Sst Gaba",TRUE,1,1,2.22044604925031e-16,2.51050325748399,12.3111241671378,14,0.879366011938417,"confident_correct","intrinsic"
30,"clip",1,0.25,"fugw","046 Sst Chodl Gaba",TRUE,1,1,0,0,1,1,1,"confident_correct","intrinsic"
30,"clip",1,0.25,"fugw","287 Astro-TE NN",TRUE,1,1,0,0,1,1,1,"confident_correct","intrinsic"
30,"clip",1,0.25,"fugw","294 OPC NN",TRUE,1,1,0,0,1,1,1,"confident_correct","intrinsic"
30,"clip",1,0.25,"fugw","295 Oligo NN",TRUE,1,1,0,1.32957207316144,3.77942572377103,4,0.944856430942757,"confident_correct","intrinsic"
30,"clip",1,0.25,"fugw","299 Peri NN",FALSE,0,1,0,NA,1,1,1,"cross_family_failure","intrinsic"
30,"clip",1,0.25,"fugw","301 Endo NN",FALSE,0,1,0,NA,1,1,1,"cross_family_failure","intrinsic"
30,"clip",1,0.25,"fugw","302 Microglia NN",TRUE,1,1,0,0,1,1,1,"confident_correct","intrinsic"
31,"clip",1,0.5,"fugw","001 Car3 Glut",TRUE,0.953936864814379,0.907873729628758,0.186756014075098,0,1.20533316484375,1,1.20533316484375,"confident_correct","intrinsic"
31,"clip",1,0.5,"fugw","003 L5/6 IT TPE-ENT Glut",TRUE,0.474206699360096,0.157627562946778,1.18932367546363,6.75645330204403e-05,3.46669665507287,2,1.73334832753644,"diffuse_correct","intrinsic"
31,"clip",1,0.5,"fugw","004 L6 IT CTX Glut",TRUE,0.521935441953045,0.0438708839060891,0.692184544403469,1.82148132778095,5.17003886669489,11,0.470003533335899,"underconfident_correct","intrinsic"
31,"clip",1,0.5,"fugw","005 L5 IT CTX Glut",TRUE,0.696178018134487,0.392370527457138,0.614226650613026,1.04838292064399,4.80925882671943,4,1.20231470667986,"underconfident_correct","intrinsic"
31,"clip",1,0.5,"fugw","006 L4/5 IT CTX Glut",TRUE,0.991695233699009,0.983390467398019,0.0480577039723525,2.46764086389096,12.1242234228684,13,0.932632570989876,"confident_correct","intrinsic"
31,"clip",1,0.5,"fugw","007 L2/3 IT CTX Glut",TRUE,1,1,1.11022302462516e-16,1.24236239202163,3.46378662874924,4,0.865946657187311,"confident_correct","intrinsic"
31,"clip",1,0.5,"fugw","022 L5 ET CTX Glut",TRUE,1,1,1.11022302462516e-16,1.79175946922805,6,6,1,"confident_correct","intrinsic"
31,"clip",1,0.5,"fugw","027 L6b CTX Glut",TRUE,0.99999561103096,0.999991222061919,5.85331081848856e-05,0.693147180559945,2.00011098489264,2,1.00005549244632,"confident_correct","intrinsic"
31,"clip",1,0.5,"fugw","028 L6 CT CTX Glut",TRUE,1,1,2.22044604925031e-16,2.00820236640821,7.44991308893168,8,0.931239136116461,"confident_correct","intrinsic"
31,"clip",1,0.5,"fugw","030 L5 NP CTX Glut",TRUE,1,1,0,1.32960191782006,3.77953852112474,4,0.944884630281185,"confident_correct","intrinsic"
31,"clip",1,0.5,"fugw","036 Vip Gaba",TRUE,1,1,0,1.96772870595973,7.1544082555377,8,0.894301031942213,"confident_correct","intrinsic"
31,"clip",1,0.5,"fugw","037 Sncg Gaba",TRUE,1,1,0,1.09861228866811,3,3,1,"confident_correct","intrinsic"
31,"clip",1,0.5,"fugw","039 Lamp5 Gaba",TRUE,1,1,2.22044604925031e-16,1.24224074482089,3.46336529442949,4,0.865841323607372,"confident_correct","intrinsic"
31,"clip",1,0.5,"fugw","041 Pvalb chandelier Gaba",TRUE,1,1,0,0,1,1,1,"confident_correct","intrinsic"
31,"clip",1,0.5,"fugw","042 Pvalb Gaba",TRUE,1,1,0,1.96772870586029,7.15440825482631,8,0.894301031853288,"confident_correct","intrinsic"
31,"clip",1,0.5,"fugw","043 Sst Gaba",TRUE,1,1,0,2.51050322834115,12.3111238083568,14,0.879365986311198,"confident_correct","intrinsic"
31,"clip",1,0.5,"fugw","046 Sst Chodl Gaba",TRUE,1,1,0,0,1,1,1,"confident_correct","intrinsic"
31,"clip",1,0.5,"fugw","287 Astro-TE NN",TRUE,1,1,0,0,1,1,1,"confident_correct","intrinsic"
31,"clip",1,0.5,"fugw","294 OPC NN",TRUE,1,1,0,0,1,1,1,"confident_correct","intrinsic"
31,"clip",1,0.5,"fugw","295 Oligo NN",TRUE,1,1,0,1.32957208416206,3.77942576534706,4,0.944856441336765,"confident_correct","intrinsic"
31,"clip",1,0.5,"fugw","299 Peri NN",FALSE,0,1,0,NA,1,1,1,"cross_family_failure","intrinsic"
31,"clip",1,0.5,"fugw","301 Endo NN",FALSE,0,1,0,NA,1,1,1,"cross_family_failure","intrinsic"
31,"clip",1,0.5,"fugw","302 Microglia NN",TRUE,1,1,0,0,1,1,1,"confident_correct","intrinsic"
32,"clip",1,0.75,"fugw","001 Car3 Glut",TRUE,0.942747560716542,0.885495121433084,0.219339608647133,0,1.24525410394715,1,1.24525410394715,"confident_correct","intrinsic"
32,"clip",1,0.75,"fugw","003 L5/6 IT TPE-ENT Glut",TRUE,0.466074005832067,0.153263752253339,1.20369636746633,8.66129411199391e-05,3.59674348653277,2,1.79837174326639,"diffuse_correct","intrinsic"
32,"clip",1,0.75,"fugw","004 L6 IT CTX Glut",TRUE,0.516661767403824,0.0333235348076487,0.692591848768493,1.87423941728152,5.26425533449136,11,0.478568666771942,"underconfident_correct","intrinsic"
32,"clip",1,0.75,"fugw","005 L5 IT CTX Glut",TRUE,0.703035168567296,0.406070337134592,0.608270633744779,1.05338408334049,4.54066647801007,4,1.13516661950252,"underconfident_correct","intrinsic"
32,"clip",1,0.75,"fugw","006 L4/5 IT CTX Glut",TRUE,0.999999999634588,0.999999999269175,8.30581992548845e-09,2.45447680588081,11.6403418833028,13,0.895410914100219,"confident_correct","intrinsic"
32,"clip",1,0.75,"fugw","007 L2/3 IT CTX Glut",TRUE,0.974256577997404,0.948513155994808,0.119619192417075,1.24236347370926,3.78104330794768,4,0.94526082698692,"confident_correct","intrinsic"
32,"clip",1,0.75,"fugw","022 L5 ET CTX Glut",TRUE,1,1,1.11022302462516e-16,1.79175946922805,6,6,1,"confident_correct","intrinsic"
32,"clip",1,0.75,"fugw","027 L6b CTX Glut",TRUE,0.97646458865721,0.95292917731442,0.111496375257604,0.693147180559945,2.19971993899041,2,1.09985996949521,"confident_correct","intrinsic"
32,"clip",1,0.75,"fugw","028 L6 CT CTX Glut",TRUE,1,1,3.33066907387547e-16,2.0048734910853,7.42515448910142,8,0.928144311137677,"confident_correct","intrinsic"
32,"clip",1,0.75,"fugw","030 L5 NP CTX Glut",TRUE,0.999999999941735,0.999999999883469,1.43134721345191e-09,1.32960186415258,3.77953832340348,4,0.944884580850871,"confident_correct","intrinsic"
32,"clip",1,0.75,"fugw","036 Vip Gaba",TRUE,0.999996615056947,0.999993231037714,4.6030772075616e-05,1.96772769361097,7.15470905965739,8,0.894338632457174,"confident_correct","intrinsic"
32,"clip",1,0.75,"fugw","037 Sncg Gaba",TRUE,0.999992637709586,0.999985275867808,9.4383003528358e-05,1.09861228866804,3.00029875079599,3,1.00009958359866,"confident_correct","intrinsic"
32,"clip",1,0.75,"fugw","039 Lamp5 Gaba",TRUE,0.999999992967011,0.999999985934022,1.39060862484116e-07,1.24224050849808,3.46336492731758,4,0.865841231829396,"confident_correct","intrinsic"
32,"clip",1,0.75,"fugw","041 Pvalb chandelier Gaba",TRUE,0.999999997632904,0.999999995265808,4.93814150538103e-08,0,1.00000005319065,1,1.00000005319065,"confident_correct","intrinsic"
32,"clip",1,0.75,"fugw","042 Pvalb Gaba",TRUE,1,1,1.11022302462516e-16,1.96772862924841,7.15440770671361,8,0.894300963339202,"confident_correct","intrinsic"
32,"clip",1,0.75,"fugw","043 Sst Gaba",TRUE,1,1,1.11022302462516e-16,2.51050319251043,12.3111233672403,14,0.87936595480288,"confident_correct","intrinsic"
32,"clip",1,0.75,"fugw","046 Sst Chodl Gaba",TRUE,1,1,0,0,1,1,1,"confident_correct","intrinsic"
32,"clip",1,0.75,"fugw","287 Astro-TE NN",TRUE,1,1,0,0,1,1,1,"confident_correct","intrinsic"
32,"clip",1,0.75,"fugw","294 OPC NN",TRUE,1,1,0,0,1,1,1,"confident_correct","intrinsic"
32,"clip",1,0.75,"fugw","295 Oligo NN",TRUE,1,1,0,1.32957199899525,3.77942544346545,4,0.944856360866362,"confident_correct","intrinsic"
32,"clip",1,0.75,"fugw","299 Peri NN",FALSE,0,1,0,NA,1,1,1,"cross_family_failure","intrinsic"
32,"clip",1,0.75,"fugw","301 Endo NN",FALSE,0,1,0,NA,1,1,1,"cross_family_failure","intrinsic"
32,"clip",1,0.75,"fugw","302 Microglia NN",TRUE,1,1,0,0,1,1,1,"confident_correct","intrinsic"
33,"clip",1,0.9,"fugw","001 Car3 Glut",TRUE,0.924172146451806,0.863011744308265,0.305702952235727,0,1.35757898084627,1,1.35757898084627,"confident_correct","intrinsic"
33,"clip",1,0.9,"fugw","003 L5/6 IT TPE-ENT Glut",TRUE,0.443959258251089,0.141184504982812,1.23526137500345,0,3.84942197296508,2,1.92471098648254,"diffuse_correct","intrinsic"
33,"clip",1,0.9,"fugw","004 L6 IT CTX Glut",FALSE,0.498781603146383,0.00243679370723321,0.693144211575221,1.96133415222533,5.31972496829316,11,0.483611360753923,"cross_family_failure","intrinsic"
33,"clip",1,0.9,"fugw","005 L5 IT CTX Glut",TRUE,0.683631014150243,0.367262028300486,0.624102145615139,1.06612872258303,4.51761343138567,4,1.12940335784642,"underconfident_correct","intrinsic"
33,"clip",1,0.9,"fugw","006 L4/5 IT CTX Glut",TRUE,1,1,1.11022302462516e-16,2.37057010179831,10.703492625432,13,0.82334558657169,"confident_correct","intrinsic"
33,"clip",1,0.9,"fugw","007 L2/3 IT CTX Glut",TRUE,0.93917501937339,0.878350038746781,0.22923147791217,1.24236495421383,4.03913115360296,4,1.00978278840074,"confident_correct","intrinsic"
33,"clip",1,0.9,"fugw","022 L5 ET CTX Glut",TRUE,1,1,-2.22044604925031e-16,1.79175946922805,6,6,1,"confident_correct","intrinsic"
33,"clip",1,0.9,"fugw","027 L6b CTX Glut",TRUE,0.900395365563239,0.800790731126478,0.324213397028807,0.693115371357556,2.58129513993331,2,1.29064756996665,"confident_correct","intrinsic"
33,"clip",1,0.9,"fugw","028 L6 CT CTX Glut",TRUE,1,1,0,1.9197834955468,6.81948186125894,8,0.852435232657367,"confident_correct","intrinsic"
33,"clip",1,0.9,"fugw","030 L5 NP CTX Glut",TRUE,0.992555729269411,0.985111458538822,0.0438957316945978,1.32960196325587,3.91024400715489,4,0.977561001788722,"confident_correct","intrinsic"
33,"clip",1,0.9,"fugw","036 Vip Gaba",TRUE,1,1,0,1.96772854249636,7.15440708605412,8,0.894300885756765,"confident_correct","intrinsic"
33,"clip",1,0.9,"fugw","037 Sncg Gaba",TRUE,1,1,0,1.09861228866811,3,3,1,"confident_correct","intrinsic"
33,"clip",1,0.9,"fugw","039 Lamp5 Gaba",TRUE,1,1,0,1.24224016150994,3.46336327421115,4,0.865840818552787,"confident_correct","intrinsic"
33,"clip",1,0.9,"fugw","041 Pvalb chandelier Gaba",TRUE,1,1,0,0,1,1,1,"confident_correct","intrinsic"
33,"clip",1,0.9,"fugw","042 Pvalb Gaba",TRUE,1,1,2.22044604925031e-16,1.9677284640725,7.15440652497796,8,0.894300815622244,"confident_correct","intrinsic"
33,"clip",1,0.9,"fugw","043 Sst Gaba",TRUE,1,1,2.22044604925031e-16,2.51050314979189,12.3111228413271,14,0.879365917237653,"confident_correct","intrinsic"
33,"clip",1,0.9,"fugw","046 Sst Chodl Gaba",TRUE,1,1,0,0,1,1,1,"confident_correct","intrinsic"
33,"clip",1,0.9,"fugw","287 Astro-TE NN",TRUE,1,1,0,0,1,1,1,"confident_correct","intrinsic"
33,"clip",1,0.9,"fugw","294 OPC NN",TRUE,1,1,0,0,1,1,1,"confident_correct","intrinsic"
33,"clip",1,0.9,"fugw","295 Oligo NN",TRUE,1,1,0,1.32957182091577,3.77942477042741,4,0.944856192606852,"confident_correct","intrinsic"
33,"clip",1,0.9,"fugw","299 Peri NN",FALSE,0,1,0,NA,1,1,1,"cross_family_failure","intrinsic"
33,"clip",1,0.9,"fugw","301 Endo NN",FALSE,0,1,0,NA,1,1,1,"cross_family_failure","intrinsic"
33,"clip",1,0.9,"fugw","302 Microglia NN",TRUE,1,1,0,0,1,1,1,"confident_correct","intrinsic"
34,"clip",1,1,"uot_molecular","001 Car3 Glut",TRUE,0.943025009144684,0.886050018408442,0.218561672836716,0,1.24428575289294,1,1.24428575289294,"confident_correct","intrinsic"
34,"clip",1,1,"uot_molecular","003 L5/6 IT TPE-ENT Glut",TRUE,0.478410955431854,0.164540917655446,1.18594808286176,0.102278290400871,3.63210448423508,2,1.81605224211754,"diffuse_correct","intrinsic"
34,"clip",1,1,"uot_molecular","004 L6 IT CTX Glut",TRUE,0.529951402519087,0.0599028203416149,0.691352212111037,1.85590579236702,5.33821906927273,11,0.485292642661157,"underconfident_correct","intrinsic"
34,"clip",1,1,"uot_molecular","005 L5 IT CTX Glut",TRUE,0.70583319998566,0.411747312627511,0.606585300748376,1.05001608838355,4.53268276370993,4,1.13317069092748,"underconfident_correct","intrinsic"
34,"clip",1,1,"uot_molecular","006 L4/5 IT CTX Glut",TRUE,0.997888920484778,0.995777840969555,0.0151142728612439,2.46580120303535,11.8901458054144,13,0.914626600416493,"confident_correct","intrinsic"
34,"clip",1,1,"uot_molecular","007 L2/3 IT CTX Glut",TRUE,0.993675512335663,0.987351024671326,0.0383273902004784,1.24245335961033,3.57127569274199,4,0.892818923185496,"confident_correct","intrinsic"
34,"clip",1,1,"uot_molecular","022 L5 ET CTX Glut",TRUE,1,1,-2.22044604925031e-16,1.79175946922805,6,6,1,"confident_correct","intrinsic"
34,"clip",1,1,"uot_molecular","027 L6b CTX Glut",TRUE,0.919531692023964,0.877605276578593,0.335616837854107,0.691730119630283,2.64258732149107,2,1.32129366074554,"confident_correct","intrinsic"
34,"clip",1,1,"uot_molecular","028 L6 CT CTX Glut",TRUE,0.994140425181297,0.988283527005758,0.0359819658539669,1.99899412957628,7.56416482171572,8,0.945520602714465,"confident_correct","intrinsic"
34,"clip",1,1,"uot_molecular","030 L5 NP CTX Glut",TRUE,0.945173495995316,0.890346991990631,0.21248851056643,1.30367789266259,4.2427338108219,4,1.06068345270548,"confident_correct","intrinsic"
34,"clip",1,1,"uot_molecular","036 Vip Gaba",TRUE,0.52555855322497,0.14996474108651,0.934638407575977,1.98186868222519,10.6489675395674,8,1.33112094244592,"underconfident_correct","intrinsic"
34,"clip",1,1,"uot_molecular","037 Sncg Gaba",FALSE,0.410609859642203,0.0632625280228641,0.96871027717989,1.03558485544523,10.049127912044,3,3.34970930401466,"cross_family_failure","intrinsic"
34,"clip",1,1,"uot_molecular","039 Lamp5 Gaba",TRUE,0.785874230323985,0.572143537539555,0.522258961492729,1.34912253299055,5.1795738511535,4,1.29489346278837,"underconfident_correct","intrinsic"
34,"clip",1,1,"uot_molecular","041 Pvalb chandelier Gaba",TRUE,0.624689619656309,0.24955699181502,0.663260010582545,0,3.37055323400167,1,3.37055323400167,"underconfident_correct","intrinsic"
34,"clip",1,1,"uot_molecular","042 Pvalb Gaba",TRUE,0.624772041566626,0.249544107633556,0.661680004159231,1.8464802528774,6.14297554648639,8,0.767871943310799,"underconfident_correct","intrinsic"
34,"clip",1,1,"uot_molecular","043 Sst Gaba",TRUE,0.567993883030257,0.135988855256922,0.683887262898843,2.3456286156335,7.50965891306299,14,0.536404208075928,"underconfident_correct","intrinsic"
34,"clip",1,1,"uot_molecular","046 Sst Chodl Gaba",TRUE,0.855886167259612,0.71194712594539,0.413709940086508,0,1.9169802540414,1,1.9169802540414,"underconfident_correct","intrinsic"
34,"clip",1,1,"uot_molecular","287 Astro-TE NN",TRUE,0.459269252491221,0.106891163741409,1.17952549189661,0,3.25358617977475,1,3.25358617977475,"diffuse_correct","intrinsic"
34,"clip",1,1,"uot_molecular","294 OPC NN",FALSE,0.279960050267837,0.00972734466413278,1.0919435663888,0,4.79826882028787,1,4.79826882028787,"cross_family_failure","intrinsic"
34,"clip",1,1,"uot_molecular","295 Oligo NN",TRUE,0.577272317147782,0.303062257952643,1.06062274164578,1.34113237961211,6.26401490419023,4,1.56600372604756,"underconfident_correct","intrinsic"
34,"clip",1,1,"uot_molecular","299 Peri NN",FALSE,0.115075145237321,0.287828785891421,1.16185215074871,0,3.19584698827451,1,3.19584698827451,"cross_family_failure","intrinsic"
34,"clip",1,1,"uot_molecular","301 Endo NN",FALSE,0.184878651035448,0.239889393038098,1.29073729696701,0,3.63554524431363,1,3.63554524431363,"cross_family_failure","intrinsic"
34,"clip",1,1,"uot_molecular","302 Microglia NN",TRUE,0.515884646771715,0.276037602405786,1.12214090384368,0,3.07674656062183,1,3.07674656062183,"underconfident_correct","intrinsic"
35,"clip",3,0,"gw_only","001 Car3 Glut",FALSE,0.142768290467725,4.90308881068158e-06,1.94618316107879,0,28.5959219869234,1,28.5959219869234,"cross_family_failure","intrinsic"
35,"clip",3,0,"gw_only","003 L5/6 IT TPE-ENT Glut",FALSE,0.142836131159453,4.90308881068158e-06,1.94618316107879,0.693147180559945,28.5959219869234,2,14.2979609934617,"cross_family_failure","intrinsic"
35,"clip",3,0,"gw_only","004 L6 IT CTX Glut",FALSE,0.14288481720116,4.90308881068158e-06,1.94618316107879,2.24507709587359,28.5959219869234,11,2.59962927153849,"cross_family_failure","intrinsic"
35,"clip",3,0,"gw_only","005 L5 IT CTX Glut",FALSE,0.142864847459649,4.90308881068158e-06,1.94618316107879,1.32968187042538,28.5959219869234,4,7.14898049673086,"cross_family_failure","intrinsic"
35,"clip",3,0,"gw_only","006 L4/5 IT CTX Glut",TRUE,0.142889720289971,4.90308881068158e-06,1.94618316107879,2.54586669842056,28.5959219869234,13,2.19968630668642,"diffuse_correct","intrinsic"
35,"clip",3,0,"gw_only","007 L2/3 IT CTX Glut",FALSE,0.142855292079409,4.90308881068158e-06,1.94618316107879,1.24252699333078,28.5959219869234,4,7.14898049673086,"cross_family_failure","intrinsic"
35,"clip",3,0,"gw_only","022 L5 ET CTX Glut",FALSE,0.142877537807159,4.90308881068158e-06,1.94618316107879,1.79175946922805,28.5959219869234,6,4.76598699782057,"cross_family_failure","intrinsic"
35,"clip",3,0,"gw_only","027 L6b CTX Glut",FALSE,0.111002281882034,5.7184872618965e-05,2.19725546886181,0.693147180559945,37.4374903019419,2,18.718745150971,"cross_family_failure","intrinsic"
35,"clip",3,0,"gw_only","028 L6 CT CTX Glut",FALSE,0.111229201853836,5.7184872618965e-05,2.19725546886181,2.00761917840813,37.4374903019419,8,4.67968628774274,"cross_family_failure","intrinsic"
35,"clip",3,0,"gw_only","030 L5 NP CTX Glut",FALSE,0.111147334343963,5.7184872618965e-05,2.19725546886181,1.32976466053555,37.4374903019419,4,9.35937257548548,"cross_family_failure","intrinsic"
35,"clip",3,0,"gw_only","036 Vip Gaba",FALSE,0.111239054872371,5.7184872618965e-05,2.19725546886181,1.96789597784054,37.4374903019419,8,4.67968628774274,"cross_family_failure","intrinsic"
35,"clip",3,0,"gw_only","037 Sncg Gaba",FALSE,0.111122229318446,5.7184872618965e-05,2.19725546886181,1.09861228866811,37.4374903019419,3,12.4791634339806,"cross_family_failure","intrinsic"
35,"clip",3,0,"gw_only","039 Lamp5 Gaba",FALSE,0.111076516619373,5.7184872618965e-05,2.19725546886181,1.2428212841365,37.4374903019419,4,9.35937257548548,"cross_family_failure","intrinsic"
35,"clip",3,0,"gw_only","041 Pvalb chandelier Gaba",FALSE,0.110642954020043,5.7184872618965e-05,2.19725546886181,0,37.4374903019419,1,37.4374903019419,"cross_family_failure","intrinsic"
35,"clip",3,0,"gw_only","042 Pvalb Gaba",FALSE,0.111240433049462,5.7184872618965e-05,2.19725546886181,1.96789652104673,37.4374903019419,8,4.67968628774274,"cross_family_failure","intrinsic"
35,"clip",3,0,"gw_only","043 Sst Gaba",TRUE,0.111297617922081,5.7184872618965e-05,2.19725546886181,2.51057475757564,37.4374903019419,14,2.67410645013871,"diffuse_correct","intrinsic"
35,"clip",3,0,"gw_only","046 Sst Chodl Gaba",TRUE,0.333333333333333,0,1.09861228866811,0,3,1,3,"diffuse_correct","intrinsic"
35,"clip",3,0,"gw_only","287 Astro-TE NN",FALSE,0.333333333333333,0,1.09861228866811,0,3,1,3,"cross_family_failure","intrinsic"
35,"clip",3,0,"gw_only","294 OPC NN",FALSE,0.249695860623856,0.00122185733527044,1.38630001632458,0,5.5843410398514,1,5.5843410398514,"cross_family_failure","intrinsic"
35,"clip",3,0,"gw_only","295 Oligo NN",TRUE,0.250917717959127,0.00122185733527044,1.38630001632458,1.32978054553375,5.5843410398514,4,1.39608525996285,"diffuse_correct","intrinsic"
35,"clip",3,0,"gw_only","299 Peri NN",FALSE,0.249693056899193,0.00122185689322066,1.38630001676706,0,5.58434036820563,1,5.58434036820563,"cross_family_failure","intrinsic"
35,"clip",3,0,"gw_only","301 Endo NN",FALSE,0.249693056899193,0.00122185689322066,1.38630001676706,0,5.58434036820563,1,5.58434036820563,"cross_family_failure","intrinsic"
35,"clip",3,0,"gw_only","302 Microglia NN",FALSE,0.333333333333333,0,1.09861228866811,0,3,1,3,"cross_family_failure","intrinsic"
36,"clip",3,0.1,"fugw","001 Car3 Glut",TRUE,0.999999998032711,0.999999996065422,4.14047676111505e-08,0,1.00000004140477,1,1.00000004140477,"confident_correct","intrinsic"
36,"clip",3,0.1,"fugw","003 L5/6 IT TPE-ENT Glut",TRUE,0.665625423751852,0.333122461474486,0.648805360535047,0.562638607008697,2.78239459415397,2,1.39119729707699,"underconfident_correct","intrinsic"
36,"clip",3,0.1,"fugw","004 L6 IT CTX Glut",TRUE,0.66785001693852,0.335700033877041,0.635690779805892,1.96389073024683,7.00956214257844,11,0.637232922052585,"underconfident_correct","intrinsic"
36,"clip",3,0.1,"fugw","005 L5 IT CTX Glut",TRUE,0.668471591432494,0.336943182864989,0.635255753195146,1.03989254645989,5.21360085167379,4,1.30340021291845,"underconfident_correct","intrinsic"
36,"clip",3,0.1,"fugw","006 L4/5 IT CTX Glut",TRUE,1,1,0,2.54639058968646,12.7609610143703,13,0.981612385720791,"confident_correct","intrinsic"
36,"clip",3,0.1,"fugw","007 L2/3 IT CTX Glut",TRUE,1,1,1.11022302462516e-16,1.24242308621194,3.46399686685413,4,0.865999216713533,"confident_correct","intrinsic"
36,"clip",3,0.1,"fugw","022 L5 ET CTX Glut",TRUE,1,1,1.11022302462516e-16,1.79175946922805,6,6,1,"confident_correct","intrinsic"
36,"clip",3,0.1,"fugw","027 L6b CTX Glut",TRUE,1,1,0,0.693147180559945,2,2,1,"confident_correct","intrinsic"
36,"clip",3,0.1,"fugw","028 L6 CT CTX Glut",TRUE,1,1,0,2.00752982546743,7.44490440183651,8,0.930613050229564,"confident_correct","intrinsic"
36,"clip",3,0.1,"fugw","030 L5 NP CTX Glut",TRUE,1,1,0,1.32964158274929,3.77968843922591,4,0.944922109806479,"confident_correct","intrinsic"
36,"clip",3,0.1,"fugw","036 Vip Gaba",TRUE,1,1,1.11022302462516e-16,1.96776940242807,7.15469942061142,8,0.894337427576427,"confident_correct","intrinsic"
36,"clip",3,0.1,"fugw","037 Sncg Gaba",TRUE,1,1,0,1.09861228866811,3,3,1,"confident_correct","intrinsic"
36,"clip",3,0.1,"fugw","039 Lamp5 Gaba",TRUE,1,1,2.22044604925031e-16,1.24238259661801,3.46385661386702,4,0.865964153466756,"confident_correct","intrinsic"
36,"clip",3,0.1,"fugw","041 Pvalb chandelier Gaba",TRUE,1,1,0,0,1,1,1,"confident_correct","intrinsic"
36,"clip",3,0.1,"fugw","042 Pvalb Gaba",TRUE,1,1,1.11022302462516e-16,1.96776943150026,7.15469962861421,8,0.894337453576777,"confident_correct","intrinsic"
36,"clip",3,0.1,"fugw","043 Sst Gaba",TRUE,1,1,3.33066907387547e-16,2.51052058919544,12.3113375418386,14,0.879381252988469,"confident_correct","intrinsic"
36,"clip",3,0.1,"fugw","046 Sst Chodl Gaba",TRUE,1,1,0,0,1,1,1,"confident_correct","intrinsic"
36,"clip",3,0.1,"fugw","287 Astro-TE NN",TRUE,1,1,0,0,1,1,1,"confident_correct","intrinsic"
36,"clip",3,0.1,"fugw","294 OPC NN",TRUE,1,1,0,0,1,1,1,"confident_correct","intrinsic"
36,"clip",3,0.1,"fugw","295 Oligo NN",TRUE,1,1,0,1.329631667639,3.77965096338397,4,0.944912740845992,"confident_correct","intrinsic"
36,"clip",3,0.1,"fugw","299 Peri NN",TRUE,1,1,0,0,1,1,1,"confident_correct","intrinsic"
36,"clip",3,0.1,"fugw","301 Endo NN",TRUE,1,1,0,0,1,1,1,"confident_correct","intrinsic"
36,"clip",3,0.1,"fugw","302 Microglia NN",TRUE,1,1,0,0,1,1,1,"confident_correct","intrinsic"
37,"clip",3,0.25,"fugw","001 Car3 Glut",TRUE,0.997441174917676,0.994882349835351,0.017827146461333,0,1.01798699852602,1,1.01798699852602,"confident_correct","intrinsic"
37,"clip",3,0.25,"fugw","003 L5/6 IT TPE-ENT Glut",TRUE,0.540386435790135,0.209386676931512,1.03191438604128,0.281273807896252,3.33714296062627,2,1.66857148031313,"underconfident_correct","intrinsic"
37,"clip",3,0.25,"fugw","004 L6 IT CTX Glut",TRUE,0.547685623654191,0.095371247308382,0.688592423672189,1.80124344514032,5.3393694382597,11,0.485397221659973,"underconfident_correct","intrinsic"
37,"clip",3,0.25,"fugw","005 L5 IT CTX Glut",TRUE,0.582498796098778,0.164997592455239,0.679472637893902,1.08110857195501,6.25771013456105,4,1.56442753364026,"underconfident_correct","intrinsic"
37,"clip",3,0.25,"fugw","006 L4/5 IT CTX Glut",TRUE,0.911440436988265,0.82288087397653,0.299192449351227,2.47024984940212,12.8157906040919,13,0.985830046468607,"confident_correct","intrinsic"
37,"clip",3,0.25,"fugw","007 L2/3 IT CTX Glut",TRUE,0.999999896819285,0.99999979363857,1.76302657411705e-06,1.24242301753322,3.46400229201007,4,0.866000573002518,"confident_correct","intrinsic"
37,"clip",3,0.25,"fugw","022 L5 ET CTX Glut",TRUE,1,1,1.11022302462516e-16,1.79175946922805,6,6,1,"confident_correct","intrinsic"
37,"clip",3,0.25,"fugw","027 L6b CTX Glut",TRUE,1,1,0,0.693147180559945,2,2,1,"confident_correct","intrinsic"
37,"clip",3,0.25,"fugw","028 L6 CT CTX Glut",TRUE,1,1,-2.22044604925031e-16,2.00758499248702,7.4453151263526,8,0.930664390794076,"confident_correct","intrinsic"
37,"clip",3,0.25,"fugw","030 L5 NP CTX Glut",TRUE,1,1,2.22044604925031e-16,1.32964158313408,3.77968844068031,4,0.944922110170077,"confident_correct","intrinsic"
37,"clip",3,0.25,"fugw","036 Vip Gaba",TRUE,1,1,2.22044604925031e-16,1.96776942093492,7.1546995530224,8,0.8943374441278,"confident_correct","intrinsic"
37,"clip",3,0.25,"fugw","037 Sncg Gaba",TRUE,0.999999999944089,0.999999999888178,1.3758204424281e-09,1.09861228866811,3.00000000405945,3,1.00000000135315,"confident_correct","intrinsic"
37,"clip",3,0.25,"fugw","039 Lamp5 Gaba",TRUE,1,1,1.11022302462516e-16,1.24238259799463,3.46385661863545,4,0.865964154658862,"confident_correct","intrinsic"
37,"clip",3,0.25,"fugw","041 Pvalb chandelier Gaba",TRUE,1,1,0,0,1,1,1,"confident_correct","intrinsic"
37,"clip",3,0.25,"fugw","042 Pvalb Gaba",TRUE,1,1,1.11022302462516e-16,1.96776943189696,7.15469963145251,8,0.894337453931564,"confident_correct","intrinsic"
37,"clip",3,0.25,"fugw","043 Sst Gaba",TRUE,1,1,0,2.51052054437368,12.3113369900228,14,0.879381213573057,"confident_correct","intrinsic"
37,"clip",3,0.25,"fugw","046 Sst Chodl Gaba",TRUE,1,1,0,0,1,1,1,"confident_correct","intrinsic"
37,"clip",3,0.25,"fugw","287 Astro-TE NN",TRUE,1,1,0,0,1,1,1,"confident_correct","intrinsic"
37,"clip",3,0.25,"fugw","294 OPC NN",TRUE,1,1,0,0,1,1,1,"confident_correct","intrinsic"
37,"clip",3,0.25,"fugw","295 Oligo NN",TRUE,1,1,0,1.32963158489038,3.7796506506231,4,0.944912662655776,"confident_correct","intrinsic"
37,"clip",3,0.25,"fugw","299 Peri NN",FALSE,0,1,0,NA,1,1,1,"cross_family_failure","intrinsic"
37,"clip",3,0.25,"fugw","301 Endo NN",FALSE,0,1,0,NA,1,1,1,"cross_family_failure","intrinsic"
37,"clip",3,0.25,"fugw","302 Microglia NN",TRUE,1,1,0,0,1,1,1,"confident_correct","intrinsic"
38,"clip",3,0.5,"fugw","001 Car3 Glut",TRUE,0.987742389724114,0.975484779448228,0.0661353759067732,0,1.06837133911541,1,1.06837133911541,"confident_correct","intrinsic"
38,"clip",3,0.5,"fugw","003 L5/6 IT TPE-ENT Glut",TRUE,0.489202457819234,0.162957218753933,1.15464896816913,0.00114746136722355,3.37074298106902,2,1.68537149053451,"diffuse_correct","intrinsic"
38,"clip",3,0.5,"fugw","004 L6 IT CTX Glut",TRUE,0.509478525913846,0.0189570518276915,0.692967484889177,1.8424917532939,5.11244348672125,11,0.464767589701931,"underconfident_correct","intrinsic"
38,"clip",3,0.5,"fugw","005 L5 IT CTX Glut",TRUE,0.612657226381543,0.225545383726167,0.669490136977905,1.07333992707901,6.00788286983008,4,1.50197071745752,"underconfident_correct","intrinsic"
38,"clip",3,0.5,"fugw","006 L4/5 IT CTX Glut",TRUE,0.931404212239776,0.862808424479553,0.249991446997388,2.46761580768391,12.7858514546378,13,0.983527034972136,"confident_correct","intrinsic"
38,"clip",3,0.5,"fugw","007 L2/3 IT CTX Glut",TRUE,1,1,0,1.24242305372759,3.46399675432843,4,0.865999188582108,"confident_correct","intrinsic"
38,"clip",3,0.5,"fugw","022 L5 ET CTX Glut",TRUE,1,1,1.11022302462516e-16,1.79175946922805,6,6,1,"confident_correct","intrinsic"
38,"clip",3,0.5,"fugw","027 L6b CTX Glut",TRUE,0.999994279178798,0.999988558357596,7.47791155737058e-05,0.693147180559945,2.00014163250368,2,1.00007081625184,"confident_correct","intrinsic"
38,"clip",3,0.5,"fugw","028 L6 CT CTX Glut",TRUE,1,1,0,2.00774937756907,7.44653912569135,8,0.930817390711419,"confident_correct","intrinsic"
38,"clip",3,0.5,"fugw","030 L5 NP CTX Glut",TRUE,1,1,0,1.32964148418252,3.77968806667428,4,0.94492201666857,"confident_correct","intrinsic"
38,"clip",3,0.5,"fugw","036 Vip Gaba",TRUE,1,1,0,1.96776940385155,7.15469943079598,8,0.894337428849497,"confident_correct","intrinsic"
38,"clip",3,0.5,"fugw","037 Sncg Gaba",TRUE,1,1,0,1.09861228866811,3,3,1,"confident_correct","intrinsic"
38,"clip",3,0.5,"fugw","039 Lamp5 Gaba",TRUE,1,1,0,1.24238260155066,3.46385663095302,4,0.865964157738256,"confident_correct","intrinsic"
38,"clip",3,0.5,"fugw","041 Pvalb chandelier Gaba",TRUE,1,1,0,0,1,1,1,"confident_correct","intrinsic"
38,"clip",3,0.5,"fugw","042 Pvalb Gaba",TRUE,1,1,-2.22044604925031e-16,1.96776943292171,7.15469963878426,8,0.894337454848033,"confident_correct","intrinsic"
38,"clip",3,0.5,"fugw","043 Sst Gaba",TRUE,1,1,0,2.51052054481144,12.3113369954123,14,0.879381213958019,"confident_correct","intrinsic"
38,"clip",3,0.5,"fugw","046 Sst Chodl Gaba",TRUE,1,1,0,0,1,1,1,"confident_correct","intrinsic"
38,"clip",3,0.5,"fugw","287 Astro-TE NN",TRUE,1,1,0,0,1,1,1,"confident_correct","intrinsic"
38,"clip",3,0.5,"fugw","294 OPC NN",TRUE,1,1,0,0,1,1,1,"confident_correct","intrinsic"
38,"clip",3,0.5,"fugw","295 Oligo NN",TRUE,1,1,0,1.32963158638772,3.7796506562825,4,0.944912664070624,"confident_correct","intrinsic"
38,"clip",3,0.5,"fugw","299 Peri NN",FALSE,0,1,0,NA,1,1,1,"cross_family_failure","intrinsic"
38,"clip",3,0.5,"fugw","301 Endo NN",FALSE,0,1,0,NA,1,1,1,"cross_family_failure","intrinsic"
38,"clip",3,0.5,"fugw","302 Microglia NN",TRUE,1,1,0,0,1,1,1,"confident_correct","intrinsic"
39,"clip",3,0.75,"fugw","001 Car3 Glut",TRUE,0.936197505135904,0.872395010271808,0.237304496335753,0,1.26782710771471,1,1.26782710771471,"confident_correct","intrinsic"
39,"clip",3,0.75,"fugw","003 L5/6 IT TPE-ENT Glut",TRUE,0.473281698881193,0.15707466393657,1.19101035970819,0.000659481405558922,3.4810895135554,2,1.7405447567777,"diffuse_correct","intrinsic"
39,"clip",3,0.75,"fugw","004 L6 IT CTX Glut",TRUE,0.521108205829175,0.0422164116583503,0.692255802970462,1.81356013805682,5.14135607595072,11,0.467396006904611,"underconfident_correct","intrinsic"
39,"clip",3,0.75,"fugw","005 L5 IT CTX Glut",TRUE,0.688563397146376,0.401690667561518,0.70620418610838,1.05187351894827,4.90827911675324,4,1.22706977918831,"underconfident_correct","intrinsic"
39,"clip",3,0.75,"fugw","006 L4/5 IT CTX Glut",TRUE,0.984203733838679,0.968407467677358,0.0811934657323567,2.46763660720401,12.3030921894498,13,0.946391706880751,"confident_correct","intrinsic"
39,"clip",3,0.75,"fugw","007 L2/3 IT CTX Glut",TRUE,1,1,0,1.24242309229711,3.46399688793313,4,0.865999221983282,"confident_correct","intrinsic"
39,"clip",3,0.75,"fugw","022 L5 ET CTX Glut",TRUE,1,1,1.11022302462516e-16,1.79175946922805,6,6,1,"confident_correct","intrinsic"
39,"clip",3,0.75,"fugw","027 L6b CTX Glut",TRUE,0.992336379124816,0.984672758249632,0.0449657519135075,0.693147180559945,2.08090087987617,2,1.04045043993808,"confident_correct","intrinsic"
39,"clip",3,0.75,"fugw","028 L6 CT CTX Glut",TRUE,1,1,-2.22044604925031e-16,2.00738778267882,7.44384698195553,8,0.930480872744441,"confident_correct","intrinsic"
39,"clip",3,0.75,"fugw","030 L5 NP CTX Glut",TRUE,0.99999999852222,0.999999997044441,3.15250674642984e-08,1.32964153668624,3.7796883768501,4,0.944922094212525,"confident_correct","intrinsic"
39,"clip",3,0.75,"fugw","036 Vip Gaba",TRUE,0.99997050580223,0.999941034715875,0.000337345475873069,1.96776384995433,7.15688953809126,8,0.894611192261408,"confident_correct","intrinsic"
39,"clip",3,0.75,"fugw","037 Sncg Gaba",TRUE,0.999954736370748,0.999909484498872,0.00049814381519236,1.09861228866584,3.00159798025367,3,1.00053266008456,"confident_correct","intrinsic"
39,"clip",3,0.75,"fugw","039 Lamp5 Gaba",TRUE,0.999999891053232,0.999999782106463,1.85562563273231e-06,1.24238268478597,3.4638628780496,4,0.865965719512399,"confident_correct","intrinsic"
39,"clip",3,0.75,"fugw","041 Pvalb chandelier Gaba",TRUE,0.999999984257388,0.999999968514776,2.98588461210874e-07,0,1.00000032391742,1,1.00000032391742,"confident_correct","intrinsic"
39,"clip",3,0.75,"fugw","042 Pvalb Gaba",TRUE,0.999999999948535,0.999999999897069,1.27068761802139e-09,1.96776938642815,7.15469931450366,8,0.894337414312958,"confident_correct","intrinsic"
39,"clip",3,0.75,"fugw","043 Sst Gaba",TRUE,1,1,0,2.51052054591742,12.3113370090284,14,0.879381214930598,"confident_correct","intrinsic"
39,"clip",3,0.75,"fugw","046 Sst Chodl Gaba",TRUE,1,1,0,0,1,1,1,"confident_correct","intrinsic"
39,"clip",3,0.75,"fugw","287 Astro-TE NN",TRUE,1,1,0,0,1,1,1,"confident_correct","intrinsic"
39,"clip",3,0.75,"fugw","294 OPC NN",TRUE,1,1,0,0,1,1,1,"confident_correct","intrinsic"
39,"clip",3,0.75,"fugw","295 Oligo NN",TRUE,1,1,0,1.32963159017063,3.77965067058058,4,0.944912667645145,"confident_correct","intrinsic"
39,"clip",3,0.75,"fugw","299 Peri NN",FALSE,0,1,0,NA,1,1,1,"cross_family_failure","intrinsic"
39,"clip",3,0.75,"fugw","301 Endo NN",FALSE,0,1,0,NA,1,1,1,"cross_family_failure","intrinsic"
39,"clip",3,0.75,"fugw","302 Microglia NN",TRUE,1,1,0,0,1,1,1,"confident_correct","intrinsic"
40,"clip",3,0.9,"fugw","001 Car3 Glut",TRUE,0.940330277340371,0.880660554680742,0.226057784020766,0,1.25364810401334,1,1.25364810401334,"confident_correct","intrinsic"
40,"clip",3,0.9,"fugw","003 L5/6 IT TPE-ENT Glut",TRUE,0.465559496666161,0.15283686738246,1.20446794511741,1.01523807056335e-08,3.60140947762755,2,1.80070473881377,"diffuse_correct","intrinsic"
40,"clip",3,0.9,"fugw","004 L6 IT CTX Glut",TRUE,0.515557185331468,0.0311143706629354,0.692663050396687,1.86121410227925,5.21858010453262,11,0.474416373139329,"underconfident_correct","intrinsic"
40,"clip",3,0.9,"fugw","005 L5 IT CTX Glut",TRUE,0.70275972663288,0.405519453265759,0.608507826065569,1.053377861674,4.5412418370732,4,1.1353104592683,"underconfident_correct","intrinsic"
40,"clip",3,0.9,"fugw","006 L4/5 IT CTX Glut",TRUE,1,1,1.11022302462516e-16,2.45182884619712,11.6095594145178,13,0.893043031885984,"confident_correct","intrinsic"
40,"clip",3,0.9,"fugw","007 L2/3 IT CTX Glut",TRUE,0.971035089931419,0.942070179862838,0.131125475505379,1.2424233924097,3.80974472692484,4,0.952436181731209,"confident_correct","intrinsic"
40,"clip",3,0.9,"fugw","022 L5 ET CTX Glut",TRUE,1,1,-2.22044604925031e-16,1.79175946922805,6,6,1,"confident_correct","intrinsic"
40,"clip",3,0.9,"fugw","027 L6b CTX Glut",TRUE,0.96723444846003,0.93446889692006,0.144227826695151,0.693146040844147,2.25841345390737,2,1.12920672695368,"confident_correct","intrinsic"
40,"clip",3,0.9,"fugw","028 L6 CT CTX Glut",TRUE,1,1,0,2.00162543499955,7.40107629570526,8,0.925134536963157,"confident_correct","intrinsic"
40,"clip",3,0.9,"fugw","030 L5 NP CTX Glut",TRUE,0.998521703377865,0.997043406755729,0.0111110626014662,1.32964145396384,3.81441347876473,4,0.953603369691184,"confident_correct","intrinsic"
40,"clip",3,0.9,"fugw","036 Vip Gaba",TRUE,0.999971926944648,0.999943902834672,0.00032265773857379,1.96776328374304,7.15678848790953,8,0.894598560988691,"confident_correct","intrinsic"
40,"clip",3,0.9,"fugw","037 Sncg Gaba",TRUE,0.999956021321045,0.999912066506875,0.000485366569150374,1.09861228866344,3.00154600243342,3,1.00051533414447,"confident_correct","intrinsic"
40,"clip",3,0.9,"fugw","039 Lamp5 Gaba",TRUE,0.999999791751554,0.999999583503107,3.41205373196089e-06,1.24238265029382,3.46386772249132,4,0.86596693062283,"confident_correct","intrinsic"
40,"clip",3,0.9,"fugw","041 Pvalb chandelier Gaba",TRUE,0.999999956022842,0.999999912045684,7.88932423528559e-07,0,1.00000085970983,1,1.00000085970983,"confident_correct","intrinsic"
40,"clip",3,0.9,"fugw","042 Pvalb Gaba",TRUE,0.99999999975914,0.99999999951828,5.57513499115518e-09,1.96776939361394,7.15469939404642,8,0.894337424255802,"confident_correct","intrinsic"
40,"clip",3,0.9,"fugw","043 Sst Gaba",TRUE,1,1,2.22044604925031e-16,2.51052056846415,12.3113372866087,14,0.879381234757761,"confident_correct","intrinsic"
40,"clip",3,0.9,"fugw","046 Sst Chodl Gaba",TRUE,1,1,0,0,1,1,1,"confident_correct","intrinsic"
40,"clip",3,0.9,"fugw","287 Astro-TE NN",TRUE,1,1,0,0,1,1,1,"confident_correct","intrinsic"
40,"clip",3,0.9,"fugw","294 OPC NN",TRUE,1,1,0,0,1,1,1,"confident_correct","intrinsic"
40,"clip",3,0.9,"fugw","295 Oligo NN",TRUE,1,1,0,1.32963155066588,3.77965052126645,4,0.944912630316613,"confident_correct","intrinsic"
40,"clip",3,0.9,"fugw","299 Peri NN",FALSE,0,1,0,NA,1,1,1,"cross_family_failure","intrinsic"
40,"clip",3,0.9,"fugw","301 Endo NN",FALSE,0,1,0,NA,1,1,1,"cross_family_failure","intrinsic"
40,"clip",3,0.9,"fugw","302 Microglia NN",TRUE,1,1,0,0,1,1,1,"confident_correct","intrinsic"
41,"clip",3,1,"uot_molecular","001 Car3 Glut",TRUE,0.934843929754296,0.869699744970477,0.24103958605844,0,1.27257865259735,1,1.27257865259735,"confident_correct","intrinsic"
41,"clip",3,1,"uot_molecular","003 L5/6 IT TPE-ENT Glut",TRUE,0.505957318566934,0.192136706937847,1.14181109650525,0.216303296538118,3.67890093988207,2,1.83945046994104,"underconfident_correct","intrinsic"
41,"clip",3,1,"uot_molecular","004 L6 IT CTX Glut",TRUE,0.539876146430049,0.0848540091682223,0.718004426606867,1.87743079009681,5.64959878932745,11,0.513599889938859,"underconfident_correct","intrinsic"
41,"clip",3,1,"uot_molecular","005 L5 IT CTX Glut",TRUE,0.641102173871108,0.339456102818948,0.834553632475305,1.06790912335646,5.77044911227421,4,1.44261227806855,"underconfident_correct","intrinsic"
41,"clip",3,1,"uot_molecular","006 L4/5 IT CTX Glut",TRUE,0.945927590763615,0.891981465594065,0.211238645506191,2.46953328002313,12.7718127660614,13,0.982447135850874,"confident_correct","intrinsic"
41,"clip",3,1,"uot_molecular","007 L2/3 IT CTX Glut",TRUE,0.999383887242092,0.998936201719946,0.00553167918709289,1.24252013235565,3.48092049303722,4,0.870230123259304,"confident_correct","intrinsic"
41,"clip",3,1,"uot_molecular","022 L5 ET CTX Glut",TRUE,0.999934924057777,0.999896443838424,0.000736532174455096,1.79175946921875,6.00372074736809,6,1.00062012456135,"confident_correct","intrinsic"
41,"clip",3,1,"uot_molecular","027 L6b CTX Glut",TRUE,0.815027662035678,0.714971076301192,0.606442805745129,0.691870965792001,3.43993304939392,2,1.71996652469696,"underconfident_correct","intrinsic"
41,"clip",3,1,"uot_molecular","028 L6 CT CTX Glut",TRUE,0.926759875633157,0.86073820649474,0.285525231058775,1.98607450842747,8.60054239047512,8,1.07506779880939,"confident_correct","intrinsic"
41,"clip",3,1,"uot_molecular","030 L5 NP CTX Glut",TRUE,0.887490225530474,0.775009345606712,0.351998433264177,1.25055537389188,4.47745023599992,4,1.11936255899998,"underconfident_correct","intrinsic"
41,"clip",3,1,"uot_molecular","036 Vip Gaba",TRUE,0.51613486924637,0.154398867289062,0.966703757746381,1.97441890033522,10.9820115195597,8,1.37275143994496,"underconfident_correct","intrinsic"
41,"clip",3,1,"uot_molecular","037 Sncg Gaba",FALSE,0.36407157638259,0.106163004434405,1.02158031258695,1.05216861525674,11.6148469207972,3,3.87161564026574,"cross_family_failure","intrinsic"
41,"clip",3,1,"uot_molecular","039 Lamp5 Gaba",TRUE,0.702211818769722,0.426909654534659,0.703385697182136,1.34228936934779,6.29600489702466,4,1.57400122425616,"underconfident_correct","intrinsic"
41,"clip",3,1,"uot_molecular","041 Pvalb chandelier Gaba",TRUE,0.595093322404547,0.202019959082444,0.729504543521443,0,4.03096310447,1,4.03096310447,"underconfident_correct","intrinsic"
41,"clip",3,1,"uot_molecular","042 Pvalb Gaba",TRUE,0.603643353709317,0.208575580601424,0.680191825971106,1.8811288739027,6.14919932704525,8,0.768649915880657,"underconfident_correct","intrinsic"
41,"clip",3,1,"uot_molecular","043 Sst Gaba",TRUE,0.530535887437712,0.0620847864841413,0.698511657325079,2.33223802600743,6.93647379977084,14,0.495462414269345,"underconfident_correct","intrinsic"
41,"clip",3,1,"uot_molecular","046 Sst Chodl Gaba",TRUE,0.841956158525392,0.686733481119471,0.4507729803492,0,2.11865021509285,1,2.11865021509285,"underconfident_correct","intrinsic"
41,"clip",3,1,"uot_molecular","287 Astro-TE NN",TRUE,0.403694600539064,0.0920477830323668,1.37742150092491,0,4.1100729482677,1,4.1100729482677,"diffuse_correct","intrinsic"
41,"clip",3,1,"uot_molecular","294 OPC NN",FALSE,0.278410285047734,1.73133897203859e-05,1.09426370278388,0,4.86912771975033,1,4.86912771975033,"cross_family_failure","intrinsic"
41,"clip",3,1,"uot_molecular","295 Oligo NN",TRUE,0.382605144980218,0.0951846954834075,1.45434885606345,1.35501543976105,7.19067275023778,4,1.79766818755944,"diffuse_correct","intrinsic"
41,"clip",3,1,"uot_molecular","299 Peri NN",FALSE,0.137180678463057,0.10523387393932,1.25804703868867,0,3.518548862369,1,3.518548862369,"cross_family_failure","intrinsic"
41,"clip",3,1,"uot_molecular","301 Endo NN",FALSE,0.149438734751664,0.105894746012592,1.35808160110411,0,3.91981720691648,1,3.91981720691648,"cross_family_failure","intrinsic"
41,"clip",3,1,"uot_molecular","302 Microglia NN",TRUE,0.502014749023139,0.285250751077457,1.21075392992258,0,3.53501663525703,1,3.53501663525703,"underconfident_correct","intrinsic"
