"setting","calibration","rho","alpha","model","query","argmax_correct","true_mass","fam_margin","H_family","H_within","eff_leaves","n_true","eff_ratio","category","scheme"
0,"raw",0.3,0,"gw_only","001 Car3 Glut",FALSE,0,0.958098485055577,0.143790233056727,NA,9.87380782305593,1,9.87380782305593,"cross_family_failure","uniform"
0,"raw",0.3,0,"gw_only","003 L5/6 IT TPE-ENT Glut",FALSE,0,1,0,NA,4.99997941806421,2,2.4999897090321,"cross_family_failure","uniform"
0,"raw",0.3,0,"gw_only","004 L6 IT CTX Glut",FALSE,0.0146669662127619,0.958098485055577,0.143790233056727,1.20253770957211e-07,9.87380782305593,11,0.897618893005084,"cross_family_failure","uniform"
0,"raw",0.3,0,"gw_only","005 L5 IT CTX Glut",FALSE,0,1,0,NA,4.99987786464526,4,1.24996946616132,"cross_family_failure","uniform"
0,"raw",0.3,0,"gw_only","006 L4/5 IT CTX Glut",FALSE,0,0.653406540747983,0.461075280166624,NA,4.9884175164467,13,0.383724424342054,"cross_family_failure","uniform"
0,"raw",0.3,0,"gw_only","007 L2/3 IT CTX Glut",FALSE,0,1,0,NA,5.8058027252171,4,1.45145068130427,"cross_family_failure","uniform"
0,"raw",0.3,0,"gw_only","022 L5 ET CTX Glut",FALSE,0.152010877559297,0.695978244881406,0.42618135872868,0.693147179789313,5.51300479040882,6,0.918834131734803,"cross_family_failure","uniform"
0,"raw",0.3,0,"gw_only","027 L6b CTX Glut",FALSE,0,1,0,NA,9.98169945302388,2,4.99084972651194,"cross_family_failure","uniform"
0,"raw",0.3,0,"gw_only","028 L6 CT CTX Glut",FALSE,0,1,0,NA,5.9341149927371,8,0.741764374092137,"cross_family_failure","uniform"
0,"raw",0.3,0,"gw_only","030 L5 NP CTX Glut",FALSE,0,1,0,NA,9.98169945302388,4,2.49542486325597,"cross_family_failure","uniform"
0,"raw",0.3,0,"gw_only","036 Vip Gaba",FALSE,0,1,0,NA,4.73037239210593,8,0.591296549013242,"cross_family_failure","uniform"
0,"raw",0.3,0,"gw_only","037 Sncg Gaba",FALSE,0,0.231154771635242,1.04384146577442,NA,3.99836665950274,3,1.33278888650091,"cross_family_failure","uniform"
0,"raw",0.3,0,"gw_only","039 Lamp5 Gaba",FALSE,0,1,0,NA,4.76638221862617,4,1.19159555465654,"cross_family_failure","uniform"
0,"raw",0.3,0,"gw_only","041 Pvalb chandelier Gaba",FALSE,0,0.0563077081212726,0.691561062795641,NA,8.78721970016276,1,8.78721970016276,"cross_family_failure","uniform"
0,"raw",0.3,0,"gw_only","042 Pvalb Gaba",FALSE,0,1,0,NA,4.70092759194311,8,0.587615948992888,"cross_family_failure","uniform"
0,"raw",0.3,0,"gw_only","043 Sst Gaba",FALSE,0,0.0563077081212726,0.691561062795641,NA,8.78721970016276,14,0.627658550011626,"cross_family_failure","uniform"
0,"raw",0.3,0,"gw_only","046 Sst Chodl Gaba",FALSE,0,1,0,NA,3.99997749687126,1,3.99997749687126,"cross_family_failure","uniform"
0,"raw",0.3,0,"gw_only","287 Astro-TE NN",FALSE,0,0.214995563242086,1.29585137906568,NA,4.92839900312098,1,4.92839900312098,"cross_family_failure","uniform"
0,"raw",0.3,0,"gw_only","294 OPC NN",FALSE,0,1,0,NA,3.99993437487491,1,3.99993437487491,"cross_family_failure","uniform"
0,"raw",0.3,0,"gw_only","295 Oligo NN",FALSE,0,0.497083654841842,0.563931448211456,NA,4.35126493441092,4,1.08781623360273,"cross_family_failure","uniform"
0,"raw",0.3,0,"gw_only","299 Peri NN",FALSE,0,0.211807662885872,0.670545133154162,NA,6.61382328373131,1,6.61382328373131,"cross_family_failure","uniform"
0,"raw",0.3,0,"gw_only","301 Endo NN",FALSE,0,1,0,NA,6.57345712951469,1,6.57345712951469,"cross_family_failure","uniform"
0,"raw",0.3,0,"gw_only","302 Microglia NN",FALSE,0.238273919820702,0,1.51403193653447,0,4.5450191295136,1,4.5450191295136,"cross_family_failure","uniform"
1,"raw",0.3,0.1,"fugw","001 Car3 Glut",FALSE,0.201578839149871,0.40814296014561,0.939180046357313,0,4.99793666775012,1,4.99793666775012,"cross_family_failure","uniform"
1,"raw",0.3,0.1,"fugw","003 L5/6 IT TPE-ENT Glut",FALSE,0.201867117496992,0.0494383802350203,1.59297846820346,0,5.72561400971012,2,2.86280700485506,"cross_family_failure","uniform"
1,"raw",0.3,0.1,"fugw","004 L6 IT CTX Glut",TRUE,1,1,0,1.6275894863836,5.09158657534962,11,0.462871506849965,"confident_correct","uniform"
1,"raw",0.3,0.1,"fugw","005 L5 IT CTX Glut",FALSE,0.361098234091345,0.0744760734765256,1.05370588308192,0.683542642963906,5.21339238202987,4,1.30334809550747,"cross_family_failure","uniform"
1,"raw",0.3,0.1,"fugw","006 L4/5 IT CTX Glut",TRUE,1,1,0,1.60942439748806,4.99993242572641,13,0.384610186594339,"confident_correct","uniform"
1,"raw",0.3,0.1,"fugw","007 L2/3 IT CTX Glut",TRUE,0.838468227331699,0.676936454663398,0.442201201387545,1.38627901023948,4.97563054697651,4,1.24390763674413,"underconfident_correct","uniform"
1,"raw",0.3,0.1,"fugw","022 L5 ET CTX Glut",TRUE,1,1,-2.22044604925031e-16,1.7338308980568,5.66230412192781,6,0.943717353654635,"confident_correct","uniform"
1,"raw",0.3,0.1,"fugw","027 L6b CTX Glut",FALSE,0.343000714055553,0.313998571888895,0.643005799561656,0.663780836427632,5.0268606907047,2,2.51343034535235,"cross_family_failure","uniform"
1,"raw",0.3,0.1,"fugw","028 L6 CT CTX Glut",TRUE,1,1,2.22044604925031e-16,1.60937187395058,4.99966981848485,8,0.624958727310607,"confident_correct","uniform"
1,"raw",0.3,0.1,"fugw","030 L5 NP CTX Glut",TRUE,0.916669270730159,0.833338541460318,0.286829738740236,1.38628634494041,4.74739397942342,4,1.18684849485586,"confident_correct","uniform"
1,"raw",0.3,0.1,"fugw","036 Vip Gaba",TRUE,1,1,1.11022302462516e-16,1.41788181711071,4.12836653698099,8,0.516045817122624,"confident_correct","uniform"
1,"raw",0.3,0.1,"fugw","037 Sncg Gaba",TRUE,0.761959499576788,0.523918999153576,0.548810708058704,1.09861228109637,3.99845794080741,3,1.33281931360247,"underconfident_correct","uniform"
1,"raw",0.3,0.1,"fugw","039 Lamp5 Gaba",TRUE,1,1,0,1.38625932850328,3.99985987198811,4,0.999964967997027,"confident_correct","uniform"
1,"raw",0.3,0.1,"fugw","041 Pvalb chandelier Gaba",FALSE,0,1,1.11022302462516e-16,NA,3.99989301520904,1,3.99989301520904,"cross_family_failure","uniform"
1,"raw",0.3,0.1,"fugw","042 Pvalb Gaba",TRUE,0.97721096134149,0.954421922682979,0.10870356725698,1.38629155629119,4.32063711488742,8,0.540079639360928,"confident_correct","uniform"
1,"raw",0.3,0.1,"fugw","043 Sst Gaba",TRUE,1,1,2.22044604925031e-16,1.60833253371211,4.99447615992014,14,0.356748297137153,"confident_correct","uniform"
1,"raw",0.3,0.1,"fugw","046 Sst Chodl Gaba",FALSE,0,1,0,NA,4.96387500724704,1,4.96387500724704,"cross_family_failure","uniform"
1,"raw",0.3,0.1,"fugw","287 Astro-TE NN",FALSE,0.249807475664074,0.000514411766531164,1.38623530075129,0,3.99976376550173,1,3.99976376550173,"cross_family_failure","uniform"
1,"raw",0.3,0.1,"fugw","294 OPC NN",FALSE,0,0.501343723060124,0.561595824837817,NA,3.99998540083435,1,3.99998540083435,"cross_family_failure","uniform"
1,"raw",0.3,0.1,"fugw","295 Oligo NN",TRUE,1,1,1.11022302462516e-16,1.3862926202649,3.99999303658609,4,0.999998259146523,"confident_correct","uniform"
1,"raw",0.3,0.1,"fugw","299 Peri NN",FALSE,0,0.409619038164737,0.606733961912034,NA,4.59188982508919,1,4.59188982508919,"cross_family_failure","uniform"
1,"raw",0.3,0.1,"fugw","301 Endo NN",FALSE,0,1,0,NA,4.62599681369441,1,4.62599681369441,"cross_family_failure","uniform"
1,"raw",0.3,0.1,"fugw","302 Microglia NN",TRUE,0.28701302744822,0.0262088187438155,1.38052483298516,0,3.97698833452005,1,3.97698833452005,"diffuse_correct","uniform"
2,"raw",0.3,0.25,"fugw","001 Car3 Glut",FALSE,0.185144147171375,0.361037168014563,1.16499052721341,0,5.84162811811071,1,5.84162811811071,"cross_family_failure","uniform"
2,"raw",0.3,0.25,"fugw","003 L5/6 IT TPE-ENT Glut",TRUE,0.369391514631865,0.138835111431355,1.34915584918077,0.693129181859151,6.07756162073374,2,3.03878081036687,"diffuse_correct","uniform"
2,"raw",0.3,0.25,"fugw","004 L6 IT CTX Glut",TRUE,1,1,2.22044604925031e-16,1.78958566050479,5.98697131372687,11,0.544270119429715,"confident_correct","uniform"
2,"raw",0.3,0.25,"fugw","005 L5 IT CTX Glut",TRUE,0.457989221935584,0.0898008204326605,1.02966822353813,1.05807161695938,5.86759239928996,4,1.46689809982249,"diffuse_correct","uniform"
2,"raw",0.3,0.25,"fugw","006 L4/5 IT CTX Glut",TRUE,1,1,0,1.78443768954779,5.95622975549958,13,0.458171519653814,"confident_correct","uniform"
2,"raw",0.3,0.25,"fugw","007 L2/3 IT CTX Glut",TRUE,0.808693032910811,0.617386065821622,0.48811254035706,1.38626945719428,4.99870556604997,4,1.24967639151249,"underconfident_correct","uniform"
2,"raw",0.3,0.25,"fugw","022 L5 ET CTX Glut",TRUE,1,1,1.11022302462516e-16,1.79175562374296,5.9999769271338,6,0.9999961545223,"confident_correct","uniform"
2,"raw",0.3,0.25,"fugw","027 L6b CTX Glut",FALSE,0.369089303764215,0.261821392471569,0.658469213235083,0.684253460438687,4.97336599424536,2,2.48668299712268,"cross_family_failure","uniform"
2,"raw",0.3,0.25,"fugw","028 L6 CT CTX Glut",TRUE,1,1,-2.22044604925031e-16,1.60942830998518,4.99995198798593,8,0.624993998498242,"confident_correct","uniform"
2,"raw",0.3,0.25,"fugw","030 L5 NP CTX Glut",TRUE,0.948944816338678,0.897889632677357,0.201610524406673,1.38627222649619,4.55901398039193,4,1.13975349509798,"confident_correct","uniform"
2,"raw",0.3,0.25,"fugw","036 Vip Gaba",TRUE,1,1,0,1.48768496574131,4.42683537174661,8,0.553354421468326,"confident_correct","uniform"
2,"raw",0.3,0.25,"fugw","037 Sncg Gaba",TRUE,0.757291244187518,0.514582488375037,0.55418219347903,1.09861221946539,3.99942902842574,3,1.33314300947524,"underconfident_correct","uniform"
2,"raw",0.3,0.25,"fugw","039 Lamp5 Gaba",TRUE,1,1,0,1.38620149965645,3.9996285713922,4,0.99990714284805,"confident_correct","uniform"
2,"raw",0.3,0.25,"fugw","041 Pvalb chandelier Gaba",FALSE,0,1,0,NA,3.9997559512963,1,3.9997559512963,"cross_family_failure","uniform"
2,"raw",0.3,0.25,"fugw","042 Pvalb Gaba",TRUE,1,1,0,1.38628475728554,3.99996158484707,8,0.499995198105884,"confident_correct","uniform"
2,"raw",0.3,0.25,"fugw","043 Sst Gaba",TRUE,1,1,0,1.60912940260559,4.99845768877876,14,0.357032692055626,"confident_correct","uniform"
2,"raw",0.3,0.25,"fugw","046 Sst Chodl Gaba",FALSE,0,1,1.11022302462516e-16,NA,4.85537489333456,1,4.85537489333456,"cross_family_failure","uniform"
2,"raw",0.3,0.25,"fugw","287 Astro-TE NN",TRUE,0.351702247663284,0.0052879179553888,1.09632919648957,0,2.99315853628229,1,2.99315853628229,"diffuse_correct","uniform"
2,"raw",0.3,0.25,"fugw","294 OPC NN",FALSE,0,0.478762463444117,0.573703134809086,NA,3.9887427216902,1,3.9887427216902,"cross_family_failure","uniform"
2,"raw",0.3,0.25,"fugw","295 Oligo NN",TRUE,1,1,0,1.18704367422968,3.277377874674,4,0.819344468668501,"confident_correct","uniform"
2,"raw",0.3,0.25,"fugw","299 Peri NN",FALSE,0.352796982639428,0.210298606450108,0.899176485407203,0,3.63093633877334,1,3.63093633877334,"cross_family_failure","uniform"
2,"raw",0.3,0.25,"fugw","301 Endo NN",FALSE,0.33354612510076,0.33290774979848,0.636661562438529,0,3.99118385689975,1,3.99118385689975,"cross_family_failure","uniform"
2,"raw",0.3,0.25,"fugw","302 Microglia NN",TRUE,0.344156975937131,0.109628793421374,1.36220574582259,0,3.90479679897042,1,3.90479679897042,"diffuse_correct","uniform"
3,"raw",0.3,0.5,"fugw","001 Car3 Glut",FALSE,0.186876034190733,0.274998443765943,1.2811882374867,0,5.96273227688637,1,5.96273227688637,"cross_family_failure","uniform"
3,"raw",0.3,0.5,"fugw","003 L5/6 IT TPE-ENT Glut",TRUE,0.330453256342827,0.00425029184694126,1.33633580162876,0.692979599415901,5.99786445256993,2,2.99893222628496,"diffuse_correct","uniform"
3,"raw",0.3,0.5,"fugw","004 L6 IT CTX Glut",TRUE,1,1,0,1.79145938858381,5.9981997862527,11,0.545290889659336,"confident_correct","uniform"
3,"raw",0.3,0.5,"fugw","005 L5 IT CTX Glut",FALSE,0.388978181985172,0.0189116387103173,1.05683613676967,0.691904517382903,5.44789969827338,4,1.36197492456835,"cross_family_failure","uniform"
3,"raw",0.3,0.5,"fugw","006 L4/5 IT CTX Glut",TRUE,1,1,-2.22044604925031e-16,1.94433720193542,6.98899802519142,13,0.537615232707032,"confident_correct","uniform"
3,"raw",0.3,0.5,"fugw","007 L2/3 IT CTX Glut",TRUE,0.81351262456853,0.62702524913706,0.481089346118152,1.38618983712989,4.99667293861408,4,1.24916823465352,"underconfident_correct","uniform"
3,"raw",0.3,0.5,"fugw","022 L5 ET CTX Glut",TRUE,1,1,0,1.7917235601252,5.99978454925118,6,0.999964091541864,"confident_correct","uniform"
3,"raw",0.3,0.5,"fugw","027 L6b CTX Glut",FALSE,0.410021026812321,0.179957946375359,0.67686619885277,0.6931456642394,4.99722061255264,2,2.49861030627632,"cross_family_failure","uniform"
3,"raw",0.3,0.5,"fugw","028 L6 CT CTX Glut",TRUE,1,1,0,1.60936301594584,4.99962553158207,8,0.624953191447759,"confident_correct","uniform"
3,"raw",0.3,0.5,"fugw","030 L5 NP CTX Glut",TRUE,1,1,-2.22044604925031e-16,1.38616333006377,3.99947591011228,4,0.999868977528069,"confident_correct","uniform"
3,"raw",0.3,0.5,"fugw","036 Vip Gaba",TRUE,1,1,2.22044604925031e-16,1.6323479825075,5.11587260700039,8,0.639484075875049,"confident_correct","uniform"
3,"raw",0.3,0.5,"fugw","037 Sncg Gaba",TRUE,0.712596166405704,0.425192332811407,0.599810720187732,1.09861164401237,4.61956203046191,3,1.53985401015397,"underconfident_correct","uniform"
3,"raw",0.3,0.5,"fugw","039 Lamp5 Gaba",TRUE,1,1,0,1.38585433534128,3.99824028407414,4,0.999560071018535,"confident_correct","uniform"
3,"raw",0.3,0.5,"fugw","041 Pvalb chandelier Gaba",FALSE,0.232087153822733,0.535825692354535,0.541786000073908,0,4.69175045556315,1,4.69175045556315,"cross_family_failure","uniform"
3,"raw",0.3,0.5,"fugw","042 Pvalb Gaba",TRUE,1,1,0,1.59958130851509,4.9509590659736,8,0.618869883246699,"confident_correct","uniform"
3,"raw",0.3,0.5,"fugw","043 Sst Gaba",TRUE,1,1,1.11022302462516e-16,1.79150020443025,5.99844461285047,14,0.428460329489319,"confident_correct","uniform"
3,"raw",0.3,0.5,"fugw","046 Sst Chodl Gaba",FALSE,0,1,0,NA,4.99847740975367,1,4.99847740975367,"cross_family_failure","uniform"
3,"raw",0.3,0.5,"fugw","287 Astro-TE NN",TRUE,0.521017155822086,0.0420343116441716,0.692263478541806,0,1.99823337666299,1,1.99823337666299,"underconfident_correct","uniform"
3,"raw",0.3,0.5,"fugw","294 OPC NN",FALSE,0,0.267163878257944,0.955277328206377,NA,3.8450306246357,1,3.8450306246357,"cross_family_failure","uniform"
3,"raw",0.3,0.5,"fugw","295 Oligo NN",TRUE,1,1,0,1.07760978472067,2.93764953797913,4,0.734412384494781,"confident_correct","uniform"
3,"raw",0.3,0.5,"fugw","299 Peri NN",TRUE,0.547508413698321,0.0950168273966422,0.68862626480477,0,2.67262700487908,1,2.67262700487908,"underconfident_correct","uniform"
3,"raw",0.3,0.5,"fugw","301 Endo NN",TRUE,0.563853160859994,0.127706321719987,0.684970417354303,0,2.58513985894864,1,2.58513985894864,"underconfident_correct","uniform"
3,"raw",0.3,0.5,"fugw","302 Microglia NN",TRUE,0.534633594992312,0.0692671899846246,0.690746286709368,0,1.99520397197974,1,1.99520397197974,"underconfident_correct","uniform"
4,"raw",0.3,0.75,"fugw","001 Car3 Glut",TRUE,0.26731677053722,0.00688454247886183,1.38396504379457,0,5.27678129236743,1,5.27678129236743,"diffuse_correct","uniform"
4,"raw",0.3,0.75,"fugw","003 L5/6 IT TPE-ENT Glut",TRUE,0.328236734265517,0.0233713815377493,1.34947939353897,0.691530167932464,5.97437751251594,2,2.98718875625797,"diffuse_correct","uniform"
4,"raw",0.3,0.75,"fugw","004 L6 IT CTX Glut",TRUE,1,1,0,1.78839939563072,5.97987339079605,11,0.543624853708732,"confident_correct","uniform"
4,"raw",0.3,0.75,"fugw","005 L5 IT CTX Glut",TRUE,0.432040292152496,0.00746669283164486,1.00478991767211,0.674676923146209,4.85398158226605,4,1.21349539556651,"diffuse_correct","uniform"
4,"raw",0.3,0.75,"fugw","006 L4/5 IT CTX Glut",TRUE,1,1,1.11022302462516e-16,2.17203513393005,8.77612647147102,13,0.675086651651617,"confident_correct","uniform"
4,"raw",0.3,0.75,"fugw","007 L2/3 IT CTX Glut",TRUE,0.83366163728977,0.66732327457954,0.450032435807424,1.38545074011691,4.97800679125213,4,1.24450169781303,"underconfident_correct","uniform"
4,"raw",0.3,0.75,"fugw","022 L5 ET CTX Glut",TRUE,1,1,-2.22044604925031e-16,1.79141035096177,5.99790565601046,6,0.999650942668409,"confident_correct","uniform"
4,"raw",0.3,0.75,"fugw","027 L6b CTX Glut",FALSE,0.468486237645942,0.0630275247081169,0.691159628988074,0.693132491038763,4.88718799426269,2,2.44359399713134,"cross_family_failure","uniform"
4,"raw",0.3,0.75,"fugw","028 L6 CT CTX Glut",TRUE,1,1,2.22044604925031e-16,1.72718106159672,5.62477564294703,8,0.703096955368378,"confident_correct","uniform"
4,"raw",0.3,0.75,"fugw","030 L5 NP CTX Glut",TRUE,1,1,-2.22044604925031e-16,1.38519788961203,3.9956165175895,4,0.998904129397374,"confident_correct","uniform"
4,"raw",0.3,0.75,"fugw","036 Vip Gaba",TRUE,1,1,0,1.7912549989848,5.99697394188281,8,0.749621742735351,"confident_correct","uniform"
4,"raw",0.3,0.75,"fugw","037 Sncg Gaba",TRUE,0.626665140532277,0.253330281064554,0.660706723111717,1.09860606156047,4.99096757762759,3,1.6636558592092,"underconfident_correct","uniform"
4,"raw",0.3,0.75,"fugw","039 Lamp5 Gaba",TRUE,1,1,0,1.38319801241182,3.9876337601431,4,0.996908440035775,"confident_correct","uniform"
4,"raw",0.3,0.75,"fugw","041 Pvalb chandelier Gaba",FALSE,0.267592604262126,0.464814791475748,0.580849660230291,0,3.99112407395387,1,3.99112407395387,"cross_family_failure","uniform"
4,"raw",0.3,0.75,"fugw","042 Pvalb Gaba",TRUE,0.999999999543342,0.999999999086685,1.02780318282019e-08,1.60790531799726,4.99234294457712,8,0.62404286807214,"confident_correct","uniform"
4,"raw",0.3,0.75,"fugw","043 Sst Gaba",TRUE,1,1,1.11022302462516e-16,2.19446808918407,8.97522576725686,14,0.641087554804061,"confident_correct","uniform"
4,"raw",0.3,0.75,"fugw","046 Sst Chodl Gaba",FALSE,0.190228192768956,0.619543614462087,0.48655367737597,0,5.97422041887984,1,5.97422041887984,"cross_family_failure","uniform"
4,"raw",0.3,0.75,"fugw","287 Astro-TE NN",TRUE,0.822461191131936,0.644922382263872,0.467640872430324,0,1.5962240516758,1,1.5962240516758,"underconfident_correct","uniform"
4,"raw",0.3,0.75,"fugw","294 OPC NN",FALSE,0.322499856005654,0.355000287988692,0.628739438667371,0,2.89932687458625,1,2.89932687458625,"cross_family_failure","uniform"
4,"raw",0.3,0.75,"fugw","295 Oligo NN",TRUE,1,1,0,1.02753931203058,2.79418175895284,4,0.69854543973821,"confident_correct","uniform"
4,"raw",0.3,0.75,"fugw","299 Peri NN",TRUE,1,1,0,0,1,1,1,"confident_correct","uniform"
4,"raw",0.3,0.75,"fugw","301 Endo NN",TRUE,1,1,0,0,1,1,1,"confident_correct","uniform"
4,"raw",0.3,0.75,"fugw","302 Microglia NN",TRUE,0.99999187777405,0.9999837555481,0.00010332204234887,0,1.00010332738025,1,1.00010332738025,"confident_correct","uniform"
5,"raw",0.3,0.9,"fugw","001 Car3 Glut",TRUE,0.412037550266625,0.150784227042085,1.28279609075793,0,4.23445994331468,1,4.23445994331468,"diffuse_correct","uniform"
5,"raw",0.3,0.9,"fugw","003 L5/6 IT TPE-ENT Glut",TRUE,0.30493311854143,0.0445873688548389,1.36863715591492,0.676533320458334,6.19937902539482,2,3.09968951269741,"diffuse_correct","uniform"
5,"raw",0.3,0.9,"fugw","004 L6 IT CTX Glut",TRUE,1,1,0,1.74172727248667,5.70719279103581,11,0.518835708275982,"confident_correct","uniform"
5,"raw",0.3,0.9,"fugw","005 L5 IT CTX Glut",TRUE,0.473710628669201,0.00279004323310228,0.868794006529237,0.528908998386252,3.92121746571599,4,0.980304366428997,"diffuse_correct","uniform"
5,"raw",0.3,0.9,"fugw","006 L4/5 IT CTX Glut",TRUE,1,1,-2.22044604925031e-16,2.08983537361835,8.08358428352769,13,0.621814175655976,"confident_correct","uniform"
5,"raw",0.3,0.9,"fugw","007 L2/3 IT CTX Glut",TRUE,0.887701922429844,0.775403844859687,0.351293212807394,1.37740433088921,4.82599863954162,4,1.2064996598854,"underconfident_correct","uniform"
5,"raw",0.3,0.9,"fugw","022 L5 ET CTX Glut",TRUE,1,1,0,1.78804764987249,5.97777036558282,6,0.99629506093047,"confident_correct","uniform"
5,"raw",0.3,0.9,"fugw","027 L6b CTX Glut",TRUE,0.621162203440042,0.242324406880083,0.663492304251154,0.692992792369017,3.79507812143943,2,1.89753906071971,"underconfident_correct","uniform"
5,"raw",0.3,0.9,"fugw","028 L6 CT CTX Glut",TRUE,1,1,0,1.7789004442221,5.92333979405662,8,0.740417474257078,"confident_correct","uniform"
5,"raw",0.3,0.9,"fugw","030 L5 NP CTX Glut",TRUE,1,1,0,1.37587094782658,3.95852288889392,4,0.989630722223479,"confident_correct","uniform"
5,"raw",0.3,0.9,"fugw","036 Vip Gaba",TRUE,1,1,2.22044604925031e-16,1.94098125450248,6.96558262760774,8,0.870697828450967,"confident_correct","uniform"
5,"raw",0.3,0.9,"fugw","037 Sncg Gaba",TRUE,0.793362105867883,0.586724211735765,0.509467928462444,1.09854706078251,3.97893411472641,3,1.32631137157547,"underconfident_correct","uniform"
5,"raw",0.3,0.9,"fugw","039 Lamp5 Gaba",TRUE,1,1,1.11022302462516e-16,1.36067914158796,3.89884026743169,4,0.974710066857922,"confident_correct","uniform"
5,"raw",0.3,0.9,"fugw","041 Pvalb chandelier Gaba",FALSE,0.362878735136707,0.274242529726586,0.65505655240973,0,3.56493879867099,1,3.56493879867099,"cross_family_failure","uniform"
5,"raw",0.3,0.9,"fugw","042 Pvalb Gaba",TRUE,1,1,0,1.7533249470251,5.77376826968908,8,0.721721033711135,"confident_correct","uniform"
5,"raw",0.3,0.9,"fugw","043 Sst Gaba",TRUE,1,1,2.22044604925031e-16,2.27936381224841,9.77046258326329,14,0.697890184518806,"confident_correct","uniform"
5,"raw",0.3,0.9,"fugw","046 Sst Chodl Gaba",FALSE,0.285927177381783,0.428145645236434,0.598464548222606,0,4.82923144414843,1,4.82923144414843,"cross_family_failure","uniform"
5,"raw",0.3,0.9,"fugw","287 Astro-TE NN",TRUE,1,1,0,0,1,1,1,"confident_correct","uniform"
5,"raw",0.3,0.9,"fugw","294 OPC NN",TRUE,0.557616667200915,0.11523333440183,0.686493047572606,0,1.98673591346486,1,1.98673591346486,"underconfident_correct","uniform"
5,"raw",0.3,0.9,"fugw","295 Oligo NN",TRUE,1,1,0,1.09342999600188,2.98449333673907,4,0.746123334184767,"confident_correct","uniform"
5,"raw",0.3,0.9,"fugw","299 Peri NN",TRUE,1,1,0,0,1,1,1,"confident_correct","uniform"
5,"raw",0.3,0.9,"fugw","301 Endo NN",TRUE,1,1,0,0,1,1,1,"confident_correct","uniform"
5,"raw",0.3,0.9,"fugw","302 Microglia NN",TRUE,1,1,0,0,1,1,1,"confident_correct","uniform"
6,"raw",0.3,1,"uot_molecular","001 Car3 Glut",FALSE,0.230410421370899,0.133735664709272,1.35307129798198,0,5.3654096907308,1,5.3654096907308,"cross_family_failure","uniform"
6,"raw",0.3,1,"uot_molecular","003 L5/6 IT TPE-ENT Glut",TRUE,0.320297990540918,0.0152071685950864,1.35375713733121,0.692554622872995,6.57380879958251,2,3.28690439979125,"diffuse_correct","uniform"
6,"raw",0.3,1,"uot_molecular","004 L6 IT CTX Glut",TRUE,1,1,0,1.79040907559594,5.99190310643447,11,0.544718464221316,"confident_correct","uniform"
6,"raw",0.3,1,"uot_molecular","005 L5 IT CTX Glut",FALSE,0.407688814382711,0.0249978745683482,1.02117874588004,0.686236951379521,4.9545877835859,4,1.23864694589648,"cross_family_failure","uniform"
6,"raw",0.3,1,"uot_molecular","006 L4/5 IT CTX Glut",TRUE,1,1,0,2.06473930079088,7.88324247466455,13,0.606403267281889,"confident_correct","uniform"
6,"raw",0.3,1,"uot_molecular","007 L2/3 IT CTX Glut",TRUE,0.81845292909371,0.636905858187421,0.473731294122208,1.38600400139275,4.9933664860646,4,1.24834162151615,"underconfident_correct","uniform"
6,"raw",0.3,1,"uot_molecular","022 L5 ET CTX Glut",TRUE,1,1,0,1.79163172032915,5.99923355556381,6,0.999872259260634,"confident_correct","uniform"
6,"raw",0.3,1,"uot_molecular","027 L6b CTX Glut",FALSE,0.446603357472932,0.106793285054137,0.68743388880925,0.693141830427698,4.94822908727868,2,2.47411454363934,"cross_family_failure","uniform"
6,"raw",0.3,1,"uot_molecular","028 L6 CT CTX Glut",TRUE,1,1,0,1.71037312718299,5.53102486837465,8,0.691378108546831,"confident_correct","uniform"
6,"raw",0.3,1,"uot_molecular","030 L5 NP CTX Glut",TRUE,1,1,0,1.38590948561945,3.99846079421854,4,0.999615198554634,"confident_correct","uniform"
6,"raw",0.3,1,"uot_molecular","036 Vip Gaba",TRUE,1,1,0,1.77639856468614,5.90853883427094,8,0.738567354283867,"confident_correct","uniform"
6,"raw",0.3,1,"uot_molecular","037 Sncg Gaba",TRUE,0.627800330620094,0.255600661240187,0.660116011463401,1.09861001721124,4.98774311238441,3,1.66258103746147,"underconfident_correct","uniform"
6,"raw",0.3,1,"uot_molecular","039 Lamp5 Gaba",TRUE,0.995780502580675,0.99156100516135,0.0272829603095293,1.3853063109904,4.08264055894787,4,1.02066013973697,"confident_correct","uniform"
6,"raw",0.3,1,"uot_molecular","041 Pvalb chandelier Gaba",FALSE,0.245580571205884,0.508838857588231,0.557427615498697,0,4.71647412077585,1,4.71647412077585,"cross_family_failure","uniform"
6,"raw",0.3,1,"uot_molecular","042 Pvalb Gaba",TRUE,0.90575231627959,0.81150463255918,0.312256786318995,1.60127814723903,5.82773083216417,8,0.728466354020521,"confident_correct","uniform"
6,"raw",0.3,1,"uot_molecular","043 Sst Gaba",TRUE,1,1,0,2.09216221338777,8.10241538890425,14,0.578743956350303,"confident_correct","uniform"
6,"raw",0.3,1,"uot_molecular","046 Sst Chodl Gaba",FALSE,0.18151073699333,0.636978526013341,0.473676574406597,0,6.1051888392075,1,6.1051888392075,"cross_family_failure","uniform"
6,"raw",0.3,1,"uot_molecular","287 Astro-TE NN",TRUE,0.679348701721804,0.358759485170428,0.627952266736898,0,1.87377060958039,1,1.87377060958039,"underconfident_correct","uniform"
6,"raw",0.3,1,"uot_molecular","294 OPC NN",FALSE,0.242379277198886,0.280023070362532,1.02313489985573,0,3.03528438632935,1,3.03528438632935,"cross_family_failure","uniform"
6,"raw",0.3,1,"uot_molecular","295 Oligo NN",TRUE,1,1,0,0.932781262742507,2.54156812540802,4,0.635392031352005,"confident_correct","uniform"
6,"raw",0.3,1,"uot_molecular","299 Peri NN",TRUE,0.856876412542515,0.713905605547695,0.411874770061828,0,1.5805469650885,1,1.5805469650885,"underconfident_correct","uniform"
6,"raw",0.3,1,"uot_molecular","301 Endo NN",TRUE,0.745753882252152,0.589503678438187,0.736448632575221,0,2.17199865983259,1,2.17199865983259,"underconfident_correct","uniform"
6,"raw",0.3,1,"uot_molecular","302 Microglia NN",TRUE,0.679046819005943,0.358093638011886,0.627585851953326,0,1.8730835384334,1,1.8730835384334,"underconfident_correct","uniform"
7,"raw",1,0,"gw_only","001 Car3 Glut",FALSE,0,1,0,NA,8.99999236952796,1,8.99999236952796,"cross_family_failure","uniform"
7,"raw",1,0,"gw_only","003 L5/6 IT TPE-ENT Glut",FALSE,0,0.949442731986972,0.117930834640621,NA,5.28055491745985,2,2.64027745872993,"cross_family_failure","uniform"
7,"raw",1,0,"gw_only","004 L6 IT CTX Glut",TRUE,1,1,0,2.19722372950563,8.99999236952796,11,0.818181124502542,"confident_correct","uniform"
7,"raw",1,0,"gw_only","005 L5 IT CTX Glut",FALSE,0,1,0,NA,5.58930054632365,4,1.39732513658091,"cross_family_failure","uniform"
7,"raw",1,0,"gw_only","006 L4/5 IT CTX Glut",FALSE,0,1,0,NA,5.15875176051605,13,0.396827058501234,"cross_family_failure","uniform"
7,"raw",1,0,"gw_only","007 L2/3 IT CTX Glut",FALSE,0,1,0,NA,5.58930054632997,4,1.39732513658249,"cross_family_failure","uniform"
7,"raw",1,0,"gw_only","022 L5 ET CTX Glut",FALSE,0.349830573356053,0.102090765975406,1.04717869866129,0.69314718055991,5.00123348583582,6,0.83353891430597,"cross_family_failure","uniform"
7,"raw",1,0,"gw_only","027 L6b CTX Glut",FALSE,0,0.84752657495596,0.2694804951907,NA,8.93871746205924,2,4.46935873102962,"cross_family_failure","uniform"
7,"raw",1,0,"gw_only","028 L6 CT CTX Glut",FALSE,0,0.464655574154849,0.786697226201932,NA,4.70959624598778,8,0.588699530748473,"cross_family_failure","uniform"
7,"raw",1,0,"gw_only","030 L5 NP CTX Glut",FALSE,0,0.84752657495596,0.2694804951907,NA,8.93871746205924,4,2.23467936551481,"cross_family_failure","uniform"
7,"raw",1,0,"gw_only","036 Vip Gaba",FALSE,0,1,0,NA,5.88783126831497,8,0.735978908539371,"cross_family_failure","uniform"
7,"raw",1,0,"gw_only","037 Sncg Gaba",FALSE,0,1,1.11022302462516e-16,NA,5.97260954551523,3,1.99086984850508,"cross_family_failure","uniform"
7,"raw",1,0,"gw_only","039 Lamp5 Gaba",FALSE,0,1,0,NA,6.01540512371181,4,1.50385128092795,"cross_family_failure","uniform"
7,"raw",1,0,"gw_only","041 Pvalb chandelier Gaba",FALSE,0,0.826973106500552,0.294396118080312,NA,4.76242173086305,1,4.76242173086305,"cross_family_failure","uniform"
7,"raw",1,0,"gw_only","042 Pvalb Gaba",FALSE,0,0.44535773483853,0.590405396680007,NA,5.02635627104625,8,0.628294533880782,"cross_family_failure","uniform"
7,"raw",1,0,"gw_only","043 Sst Gaba",FALSE,0,0.823362348179425,0.298630847402754,NA,4.77068075088403,14,0.340762910777431,"cross_family_failure","uniform"
7,"raw",1,0,"gw_only","046 Sst Chodl Gaba",FALSE,0.224223512486114,0,1.57368983916553,0,4.82441671386646,1,4.82441671386646,"cross_family_failure","uniform"
7,"raw",1,0,"gw_only","287 Astro-TE NN",FALSE,0,0.154181332050253,0.681213693541282,NA,4.96522682792782,1,4.96522682792782,"cross_family_failure","uniform"
7,"raw",1,0,"gw_only","294 OPC NN",FALSE,0,0.621929030402957,0.484821381496628,NA,4.90845955510852,1,4.90845955510852,"cross_family_failure","uniform"
7,"raw",1,0,"gw_only","295 Oligo NN",FALSE,0,1,1.11022302462516e-16,NA,4.79363829528672,4,1.19840957382168,"cross_family_failure","uniform"
7,"raw",1,0,"gw_only","299 Peri NN",FALSE,0,0.462385395737531,0.582068943899791,NA,5.593530813972,1,5.593530813972,"cross_family_failure","uniform"
7,"raw",1,0,"gw_only","301 Endo NN",FALSE,0,1,1.11022302462516e-16,NA,5.39484567719918,1,5.39484567719918,"cross_family_failure","uniform"
7,"raw",1,0,"gw_only","302 Microglia NN",FALSE,0,0.764476551901015,0.362441533133333,NA,4.88164918697696,1,4.88164918697696,"cross_family_failure","uniform"
8,"raw",1,0.1,"fugw","001 Car3 Glut",FALSE,1.39575827953532e-09,0.573213063116311,0.518418221321943,0,4.93981902930272,1,4.93981902930272,"cross_family_failure","uniform"
8,"raw",1,0.1,"fugw","003 L5/6 IT TPE-ENT Glut",FALSE,0,0.431750155115609,0.59680827817423,NA,5.42682562755748,2,2.71341281377874,"cross_family_failure","uniform"
8,"raw",1,0.1,"fugw","004 L6 IT CTX Glut",TRUE,1,1,-2.22044604925031e-16,1.59941234094721,4.95012258513261,11,0.450011144102965,"confident_correct","uniform"
8,"raw",1,0.1,"fugw","005 L5 IT CTX Glut",FALSE,0,0.135462019511427,0.683943933104161,NA,5.421485135384,4,1.355371283846,"cross_family_failure","uniform"
8,"raw",1,0.1,"fugw","006 L4/5 IT CTX Glut",TRUE,1,1,1.11022302462516e-16,1.70235627261107,5.4868607117173,13,0.422066208593638,"confident_correct","uniform"
8,"raw",1,0.1,"fugw","007 L2/3 IT CTX Glut",TRUE,0.856081603063029,0.712163206126058,0.412013240893078,1.38629298725837,4.94705853075049,4,1.23676463268762,"underconfident_correct","uniform"
8,"raw",1,0.1,"fugw","022 L5 ET CTX Glut",TRUE,1,1,0,1.60781483458054,4.99189119312475,6,0.831981865520792,"confident_correct","uniform"
8,"raw",1,0.1,"fugw","027 L6b CTX Glut",FALSE,0.221822005973175,0.556355988053649,0.529204359404829,0,4.84095636876245,2,2.42047818438123,"cross_family_failure","uniform"
8,"raw",1,0.1,"fugw","028 L6 CT CTX Glut",TRUE,1,1,0,1.5841202840296,4.87500087545154,8,0.609375109431443,"confident_correct","uniform"
8,"raw",1,0.1,"fugw","030 L5 NP CTX Glut",TRUE,0.910508313129097,0.821016626258193,0.301360191978242,1.38629368413516,4.77741706276935,4,1.19435426569234,"confident_correct","uniform"
8,"raw",1,0.1,"fugw","036 Vip Gaba",TRUE,1,1,0,1.55828869484581,4.75068441409938,8,0.593835551762423,"confident_correct","uniform"
8,"raw",1,0.1,"fugw","037 Sncg Gaba",FALSE,0.162906273182493,0.674187453635015,0.444457873054239,0,4.9079269185231,3,1.6359756395077,"cross_family_failure","uniform"
8,"raw",1,0.1,"fugw","039 Lamp5 Gaba",TRUE,0.935377023633259,0.870754047266519,0.239502724941706,1.38629152688612,4.64693548682346,4,1.16173387170586,"confident_correct","uniform"
8,"raw",1,0.1,"fugw","041 Pvalb chandelier Gaba",FALSE,0,1,1.11022302462516e-16,NA,4.79239412786554,1,4.79239412786554,"cross_family_failure","uniform"
8,"raw",1,0.1,"fugw","042 Pvalb Gaba",TRUE,0.809342217954122,0.618684435908244,0.487175350851994,1.36422541346156,4.9101307597838,8,0.613766344972975,"underconfident_correct","uniform"
8,"raw",1,0.1,"fugw","043 Sst Gaba",TRUE,1,1,0,1.65371424984365,5.2263558125388,14,0.373311129467057,"confident_correct","uniform"
8,"raw",1,0.1,"fugw","046 Sst Chodl Gaba",FALSE,0,1,0,NA,4.9000006379041,1,4.9000006379041,"cross_family_failure","uniform"
8,"raw",1,0.1,"fugw","287 Astro-TE NN",FALSE,0.239224838908165,0.000141718061956231,1.51161320294234,0,4.53403922315529,1,4.53403922315529,"cross_family_failure","uniform"
8,"raw",1,0.1,"fugw","294 OPC NN",FALSE,0.234929867481446,0.00324907289493917,1.58364113701773,0,4.87266559286575,1,4.87266559286575,"cross_family_failure","uniform"
8,"raw",1,0.1,"fugw","295 Oligo NN",TRUE,0.992439890430932,0.984879780861865,0.0444616090241758,1.38629421356957,4.13825949020189,4,1.03456487255047,"confident_correct","uniform"
8,"raw",1,0.1,"fugw","299 Peri NN",FALSE,0,0.808072475992056,0.316122840216287,NA,4.80348750624165,1,4.80348750624165,"cross_family_failure","uniform"
8,"raw",1,0.1,"fugw","301 Endo NN",FALSE,0,0.841314636141136,0.277161030318951,NA,4.72781544464366,1,4.72781544464366,"cross_family_failure","uniform"
8,"raw",1,0.1,"fugw","302 Microglia NN",FALSE,0.23196116770289,0.195476455424131,1.24327572853872,0,5.15069257774506,1,5.15069257774506,"cross_family_failure","uniform"
9,"raw",1,0.25,"fugw","001 Car3 Glut",FALSE,0.211485694945729,0.418133675740203,0.912139877240057,0,4.97190860594366,1,4.97190860594366,"cross_family_failure","uniform"
9,"raw",1,0.25,"fugw","003 L5/6 IT TPE-ENT Glut",TRUE,0.40623863946392,0.202791325965751,1.32739351124818,0.693145655256335,4.99769126696768,2,2.49884563348384,"diffuse_correct","uniform"
9,"raw",1,0.25,"fugw","004 L6 IT CTX Glut",TRUE,1,1,0,1.60943637547091,4.99999231518997,11,0.454544755926361,"confident_correct","uniform"
9,"raw",1,0.25,"fugw","005 L5 IT CTX Glut",TRUE,0.42543161710359,0.0802026211461911,1.06847720553054,0.693137016539234,5.20174961310499,4,1.30043740327625,"diffuse_correct","uniform"
9,"raw",1,0.25,"fugw","006 L4/5 IT CTX Glut",TRUE,1,1,1.11022302462516e-16,1.67596645355822,5.34395734074903,13,0.411073641596079,"confident_correct","uniform"
9,"raw",1,0.25,"fugw","007 L2/3 IT CTX Glut",TRUE,0.820960378968356,0.641920757936712,0.469934089806777,1.3862921902153,4.99294068415308,4,1.24823517103827,"underconfident_correct","uniform"
9,"raw",1,0.25,"fugw","022 L5 ET CTX Glut",TRUE,1,1,1.11022302462516e-16,1.60943704447258,4.99999566019428,6,0.83333261003238,"confident_correct","uniform"
9,"raw",1,0.25,"fugw","027 L6b CTX Glut",FALSE,0.294152940458174,0.411694119083652,0.605828394640262,0.575169536683629,5.36147678993024,2,2.68073839496512,"cross_family_failure","uniform"
9,"raw",1,0.25,"fugw","028 L6 CT CTX Glut",TRUE,1,1,0,1.60394729025272,4.97262211867425,8,0.621577764834281,"confident_correct","uniform"
9,"raw",1,0.25,"fugw","030 L5 NP CTX Glut",TRUE,0.893990514898774,0.787981029797549,0.338089996291768,1.38629252903979,4.84245763716897,4,1.21061440929224,"underconfident_correct","uniform"
9,"raw",1,0.25,"fugw","036 Vip Gaba",TRUE,1,1,1.11022302462516e-16,1.47058372831072,4.35177465386521,8,0.543971831733151,"confident_correct","uniform"
9,"raw",1,0.25,"fugw","037 Sncg Gaba",TRUE,0.747082607802816,0.494165215605631,0.565517589524219,1.09861228283183,4.12593609585138,3,1.37531203195046,"underconfident_correct","uniform"
9,"raw",1,0.25,"fugw","039 Lamp5 Gaba",TRUE,1,1,0,1.38628651169981,3.99996860244289,4,0.999992150610722,"confident_correct","uniform"
9,"raw",1,0.25,"fugw","041 Pvalb chandelier Gaba",FALSE,0.179813334282932,0.640373331434137,0.471110318651268,0,4.91300092482992,1,4.91300092482992,"cross_family_failure","uniform"
9,"raw",1,0.25,"fugw","042 Pvalb Gaba",TRUE,1,1,-2.22044604925031e-16,1.56373415788631,4.77662465470357,8,0.597078081837946,"confident_correct","uniform"
9,"raw",1,0.25,"fugw","043 Sst Gaba",TRUE,1,1,0,1.59348725754661,4.92087941563392,14,0.351491386830994,"confident_correct","uniform"
9,"raw",1,0.25,"fugw","046 Sst Chodl Gaba",FALSE,0,1,0,NA,4.88712435848857,1,4.88712435848857,"cross_family_failure","uniform"
9,"raw",1,0.25,"fugw","287 Astro-TE NN",TRUE,0.256092703764065,0.0012460981212486,1.38570740006136,0,3.99765284467764,1,3.99765284467764,"diffuse_correct","uniform"
9,"raw",1,0.25,"fugw","294 OPC NN",FALSE,0,0.463994612530544,0.710756850444021,NA,4.44828734189295,1,4.44828734189295,"cross_family_failure","uniform"
9,"raw",1,0.25,"fugw","295 Oligo NN",TRUE,1,1,0,1.38629415007564,3.9999991558231,4,0.999999788955774,"confident_correct","uniform"
9,"raw",1,0.25,"fugw","299 Peri NN",FALSE,0,0.545077999093644,0.53619019240945,NA,5.11525596514046,1,5.11525596514046,"cross_family_failure","uniform"
9,"raw",1,0.25,"fugw","301 Endo NN",FALSE,0.257319265238271,0.177278708106687,1.25082028145476,0,5.40154117409858,1,5.40154117409858,"cross_family_failure","uniform"
9,"raw",1,0.25,"fugw","302 Microglia NN",FALSE,0.25403267321876,0.218101672050397,1.18406856626074,0,4.53274104260458,1,4.53274104260458,"cross_family_failure","uniform"
10,"raw",1,0.5,"fugw","001 Car3 Glut",FALSE,0.201047317597614,0.203244320038131,1.32914129458569,0,5.78145150367317,1,5.78145150367317,"cross_family_failure","uniform"
10,"raw",1,0.5,"fugw","003 L5/6 IT TPE-ENT Glut",TRUE,0.366496068366301,0.102589555642326,1.34349686913125,0.693133258989345,5.82180305205073,2,2.91090152602536,"diffuse_correct","uniform"
10,"raw",1,0.5,"fugw","004 L6 IT CTX Glut",TRUE,1,1,0,1.77254565838908,5.88581758731555,11,0.535074326119595,"confident_correct","uniform"
10,"raw",1,0.5,"fugw","005 L5 IT CTX Glut",FALSE,0.401216490497757,0.0047968804710784,1.04972970502176,0.6929889579492,4.99872763168964,4,1.24968190792241,"cross_family_failure","uniform"
10,"raw",1,0.5,"fugw","006 L4/5 IT CTX Glut",TRUE,1,1,1.11022302462516e-16,1.74967696223702,5.75274402225427,13,0.442518770942636,"confident_correct","uniform"
10,"raw",1,0.5,"fugw","007 L2/3 IT CTX Glut",TRUE,0.803509394215703,0.608972892599118,0.506452822032441,1.38628565844804,5.05484086700778,4,1.26371021675194,"underconfident_correct","uniform"
10,"raw",1,0.5,"fugw","022 L5 ET CTX Glut",TRUE,1,1,-2.22044604925031e-16,1.79175648577275,5.99998209929484,6,0.999997016549141,"confident_correct","uniform"
10,"raw",1,0.5,"fugw","027 L6b CTX Glut",FALSE,0.359212658645355,0.281574682709289,0.652963841095552,0.672686247543119,4.94584014143522,2,2.47292007071761,"cross_family_failure","uniform"
10,"raw",1,0.5,"fugw","028 L6 CT CTX Glut",TRUE,1,1,0,1.60943165087659,4.99996869231049,8,0.624996086538811,"confident_correct","uniform"
10,"raw",1,0.5,"fugw","030 L5 NP CTX Glut",TRUE,0.925337642701603,0.850675285403207,0.265535378833885,1.38628352664496,4.70354137718067,4,1.17588534429517,"confident_correct","uniform"
10,"raw",1,0.5,"fugw","036 Vip Gaba",TRUE,1,1,0,1.4927095807965,4.44913449073181,8,0.556141811341477,"confident_correct","uniform"
10,"raw",1,0.5,"fugw","037 Sncg Gaba",TRUE,0.747483687984375,0.49496737596875,0.565082748597817,1.09861223526952,4.13389623686424,3,1.37796541228808,"underconfident_correct","uniform"
10,"raw",1,0.5,"fugw","039 Lamp5 Gaba",TRUE,1,1,0,1.38625754155513,3.99985272445229,4,0.999963181113072,"confident_correct","uniform"
10,"raw",1,0.5,"fugw","041 Pvalb chandelier Gaba",FALSE,0.240281866925523,0.519436266148954,0.55140461258712,0,4.47908419405554,1,4.47908419405554,"cross_family_failure","uniform"
10,"raw",1,0.5,"fugw","042 Pvalb Gaba",TRUE,1,1,2.22044604925031e-16,1.57358944448671,4.82393239241199,8,0.602991549051499,"confident_correct","uniform"
10,"raw",1,0.5,"fugw","043 Sst Gaba",TRUE,1,1,2.22044604925031e-16,1.59454768624073,4.92610042513145,14,0.351864316080818,"confident_correct","uniform"
10,"raw",1,0.5,"fugw","046 Sst Chodl Gaba",FALSE,0,1,0,NA,4.76393139351061,1,4.76393139351061,"cross_family_failure","uniform"
10,"raw",1,0.5,"fugw","287 Astro-TE NN",TRUE,0.308215288377449,0.00621869338638842,1.34150160035426,0,3.8247824901994,1,3.8247824901994,"diffuse_correct","uniform"
10,"raw",1,0.5,"fugw","294 OPC NN",FALSE,0,0.47518284806176,0.575561165906222,NA,3.98347352350317,1,3.98347352350317,"cross_family_failure","uniform"
10,"raw",1,0.5,"fugw","295 Oligo NN",TRUE,1,1,0,1.35818527796773,3.88912920559261,4,0.972282301398152,"confident_correct","uniform"
10,"raw",1,0.5,"fugw","299 Peri NN",FALSE,0.316802530618745,0.0454535059897204,1.31812250369073,0,5.27631476282959,1,5.27631476282959,"cross_family_failure","uniform"
10,"raw",1,0.5,"fugw","301 Endo NN",FALSE,0.312466140153243,0.375067719693514,0.621059674841603,0,4.0428300663035,1,4.0428300663035,"cross_family_failure","uniform"
10,"raw",1,0.5,"fugw","302 Microglia NN",TRUE,0.316361174914507,0.0736430901741314,1.37278868878121,0,3.94634048022769,1,3.94634048022769,"diffuse_correct","uniform"
11,"raw",1,0.75,"fugw","001 Car3 Glut",FALSE,0.191718681442056,0.25521334075994,1.29487907646268,0,5.91419372716071,1,5.91419372716071,"cross_family_failure","uniform"
11,"raw",1,0.75,"fugw","003 L5/6 IT TPE-ENT Glut",TRUE,0.324637862395263,0.00650035274346378,1.34450051654979,0.693017520142068,6.41040772007407,2,3.20520386003703,"diffuse_correct","uniform"
11,"raw",1,0.75,"fugw","004 L6 IT CTX Glut",TRUE,1,1,0,1.79149866647565,5.99843538752203,11,0.545312307956548,"confident_correct","uniform"
11,"raw",1,0.75,"fugw","005 L5 IT CTX Glut",FALSE,0.380294909620155,0.0134518923487566,1.07075432098274,0.69164257389018,5.65625409936459,4,1.41406352484115,"cross_family_failure","uniform"
11,"raw",1,0.75,"fugw","006 L4/5 IT CTX Glut",TRUE,1,1,0,1.94155464230504,6.96957775299282,13,0.536121365614832,"confident_correct","uniform"
11,"raw",1,0.75,"fugw","007 L2/3 IT CTX Glut",TRUE,0.809833879985376,0.619667759970751,0.48646375073818,1.38622766468221,4.99820020552531,4,1.24955005138133,"underconfident_correct","uniform"
11,"raw",1,0.75,"fugw","022 L5 ET CTX Glut",TRUE,1,1,0,1.79173162887978,5.99983296023558,6,0.999972160039263,"confident_correct","uniform"
11,"raw",1,0.75,"fugw","027 L6b CTX Glut",FALSE,0.417051888412967,0.165896223174065,0.679322577169596,0.693146027657805,4.99343910847937,2,2.49671955423969,"cross_family_failure","uniform"
11,"raw",1,0.75,"fugw","028 L6 CT CTX Glut",TRUE,1,1,0,1.65389951190024,5.22732414766017,8,0.653415518457521,"confident_correct","uniform"
11,"raw",1,0.75,"fugw","030 L5 NP CTX Glut",TRUE,0.99999458337294,0.999989166745879,7.10988338950812e-05,1.38620504495052,3.99989709775872,4,0.999974274439679,"confident_correct","uniform"
11,"raw",1,0.75,"fugw","036 Vip Gaba",TRUE,1,1,0,1.59444838260439,4.92561126973412,8,0.615701408716765,"confident_correct","uniform"
11,"raw",1,0.75,"fugw","037 Sncg Gaba",TRUE,0.694077797920255,0.388155595840509,0.615798975247456,1.0986117911373,4.73374580151867,3,1.57791526717289,"underconfident_correct","uniform"
11,"raw",1,0.75,"fugw","039 Lamp5 Gaba",TRUE,1,1,0,1.38603743082235,3.9989724108249,4,0.999743102706225,"confident_correct","uniform"
11,"raw",1,0.75,"fugw","041 Pvalb chandelier Gaba",FALSE,0.249292706117004,0.501414587765991,0.561556767988113,0,4.31454124003393,1,4.31454124003393,"cross_family_failure","uniform"
11,"raw",1,0.75,"fugw","042 Pvalb Gaba",TRUE,1,1,0,1.58694070044862,4.8887698159089,8,0.611096226988613,"confident_correct","uniform"
11,"raw",1,0.75,"fugw","043 Sst Gaba",TRUE,1,1,0,1.78118262003344,5.93687333394172,14,0.424062380995837,"confident_correct","uniform"
11,"raw",1,0.75,"fugw","046 Sst Chodl Gaba",FALSE,0,1,0,NA,4.9988148311253,1,4.9988148311253,"cross_family_failure","uniform"
11,"raw",1,0.75,"fugw","287 Astro-TE NN",TRUE,0.463270474238762,0.0291025596515597,0.952260157205948,0,2.59156037891726,1,2.59156037891726,"diffuse_correct","uniform"
11,"raw",1,0.75,"fugw","294 OPC NN",FALSE,0,0.291175957562971,0.934047895829654,NA,3.81190948551897,1,3.81190948551897,"cross_family_failure","uniform"
11,"raw",1,0.75,"fugw","295 Oligo NN",TRUE,1,1,1.11022302462516e-16,1.07986991520314,2.94429651793823,4,0.736074129484557,"confident_correct","uniform"
11,"raw",1,0.75,"fugw","299 Peri NN",TRUE,0.488977889627029,0.118125656017973,0.993120645330275,0,3.45508806057822,1,3.45508806057822,"diffuse_correct","uniform"
11,"raw",1,0.75,"fugw","301 Endo NN",FALSE,0.493837826407811,0.0123243471843784,0.693071233870532,0,3.06929282517823,1,3.06929282517823,"cross_family_failure","uniform"
11,"raw",1,0.75,"fugw","302 Microglia NN",TRUE,0.487572642684178,0.0448427114318171,0.896611004716136,0,2.45128163649679,1,2.45128163649679,"diffuse_correct","uniform"
12,"raw",1,0.9,"fugw","001 Car3 Glut",FALSE,0.253063724388813,0.0523407618659636,1.37686196400735,0,5.25862675955013,1,5.25862675955013,"cross_family_failure","uniform"
12,"raw",1,0.9,"fugw","003 L5/6 IT TPE-ENT Glut",TRUE,0.32790773860024,0.0168420960588475,1.34648998051474,0.691894098666237,6.1408423877427,2,3.07042119387135,"diffuse_correct","uniform"
12,"raw",1,0.9,"fugw","004 L6 IT CTX Glut",TRUE,1,1,0,1.78866365400937,5.98145383125592,11,0.543768530114175,"confident_correct","uniform"
12,"raw",1,0.9,"fugw","005 L5 IT CTX Glut",FALSE,0.419450469741469,0.0147143693991983,1.00794058644286,0.678685800473695,4.90283538992182,4,1.22570884748045,"cross_family_failure","uniform"
12,"raw",1,0.9,"fugw","006 L4/5 IT CTX Glut",TRUE,1,1,1.11022302462516e-16,2.12806412237706,8.39859241678055,13,0.646045570521581,"confident_correct","uniform"
12,"raw",1,0.9,"fugw","007 L2/3 IT CTX Glut",TRUE,0.827561090054324,0.655122180108648,0.459732416436489,1.38566705836142,4.98511542548508,4,1.24627885637127,"underconfident_correct","uniform"
12,"raw",1,0.9,"fugw","022 L5 ET CTX Glut",TRUE,1,1,0,1.79148880903842,5.9983762586132,6,0.999729376435534,"confident_correct","uniform"
12,"raw",1,0.9,"fugw","027 L6b CTX Glut",FALSE,0.465969673826686,0.0680606523466274,0.69082926289266,0.693135842996028,4.89465060101157,2,2.44732530050578,"cross_family_failure","uniform"
12,"raw",1,0.9,"fugw","028 L6 CT CTX Glut",TRUE,1,1,0,1.72989190198138,5.64004419787194,8,0.705005524733993,"confident_correct","uniform"
12,"raw",1,0.9,"fugw","030 L5 NP CTX Glut",TRUE,1,1,3.33066907387547e-16,1.38547229120113,3.99671307155257,4,0.999178267888143,"confident_correct","uniform"
12,"raw",1,0.9,"fugw","036 Vip Gaba",TRUE,1,1,0,1.79140022090555,5.99784489719668,8,0.749730612149585,"confident_correct","uniform"
12,"raw",1,0.9,"fugw","037 Sncg Gaba",TRUE,0.622995126030212,0.245990252060423,0.662578810260596,1.09860747848483,4.99330407436541,3,1.66443469145514,"underconfident_correct","uniform"
12,"raw",1,0.9,"fugw","039 Lamp5 Gaba",TRUE,1,1,0,1.38411944997673,3.99130980904947,4,0.997827452262366,"confident_correct","uniform"
12,"raw",1,0.9,"fugw","041 Pvalb chandelier Gaba",FALSE,0.261735140683638,0.476529718632724,0.57486400687166,0,4.36835703063254,1,4.36835703063254,"cross_family_failure","uniform"
12,"raw",1,0.9,"fugw","042 Pvalb Gaba",TRUE,0.909480639012509,0.818961278025018,0.303737790926113,1.60827832516246,5.84996565218311,8,0.731245706522888,"confident_correct","uniform"
12,"raw",1,0.9,"fugw","043 Sst Gaba",TRUE,1,1,0,2.16426079122379,8.70816238700484,14,0.622011599071774,"confident_correct","uniform"
12,"raw",1,0.9,"fugw","046 Sst Chodl Gaba",FALSE,0.188061417708079,0.623877164583843,0.483399759097162,0,5.97848909469476,1,5.97848909469476,"cross_family_failure","uniform"
12,"raw",1,0.9,"fugw","287 Astro-TE NN",TRUE,0.790131600256725,0.58026320051345,0.513782257888512,0,1.67160168212673,1,1.67160168212673,"underconfident_correct","uniform"
12,"raw",1,0.9,"fugw","294 OPC NN",FALSE,0.346808393680978,0.306383212638044,0.645448490359168,0,2.74852111504871,1,2.74852111504871,"cross_family_failure","uniform"
12,"raw",1,0.9,"fugw","295 Oligo NN",TRUE,1,1,0,1.06483459971041,2.90035922412892,4,0.725089806032231,"confident_correct","uniform"
12,"raw",1,0.9,"fugw","299 Peri NN",TRUE,1,1,0,0,1,1,1,"confident_correct","uniform"
12,"raw",1,0.9,"fugw","301 Endo NN",TRUE,0.943215139672601,0.886430279345203,0.218027735979846,0,1.24362156020325,1,1.24362156020325,"confident_correct","uniform"
12,"raw",1,0.9,"fugw","302 Microglia NN",TRUE,0.805469834133332,0.610939668266663,0.492725477288094,0,1.6367711288587,1,1.6367711288587,"underconfident_correct","uniform"
13,"raw",1,1,"uot_molecular","001 Car3 Glut",FALSE,0.194973158330691,0.234180459353086,1.31012500186963,0,5.81645811294915,1,5.81645811294915,"cross_family_failure","uniform"
13,"raw",1,1,"uot_molecular","003 L5/6 IT TPE-ENT Glut",TRUE,0.332560707820553,0.00431212554007332,1.33361160110943,0.693094728929461,6.28462230784377,2,3.14231115392188,"diffuse_correct","uniform"
13,"raw",1,1,"uot_molecular","004 L6 IT CTX Glut",TRUE,0.999970488835705,0.99994097767141,0.000337334067225736,1.83517996403127,6.26803645045205,11,0.569821495495641,"confident_correct","uniform"
13,"raw",1,1,"uot_molecular","005 L5 IT CTX Glut",FALSE,0.383180547082162,0.00670229322534688,1.07136589187642,0.692763912665807,5.64782459870762,4,1.4119561496769,"cross_family_failure","uniform"
13,"raw",1,1,"uot_molecular","006 L4/5 IT CTX Glut",TRUE,1,1,2.22044604925031e-16,1.91491204926488,6.78634190699173,13,0.522026300537825,"confident_correct","uniform"
13,"raw",1,1,"uot_molecular","007 L2/3 IT CTX Glut",TRUE,0.791443438994255,0.599530468534571,0.570077082589984,1.38626849714311,5.33119142422258,4,1.33279785605564,"underconfident_correct","uniform"
13,"raw",1,1,"uot_molecular","022 L5 ET CTX Glut",TRUE,1,1,0,1.79174800983335,5.99993124402572,6,0.999988540670953,"confident_correct","uniform"
13,"raw",1,1,"uot_molecular","027 L6b CTX Glut",FALSE,0.380306173272108,0.239387653455784,0.664213814223497,0.685352626028509,4.98061959113418,2,2.49030979556709,"cross_family_failure","uniform"
13,"raw",1,1,"uot_molecular","028 L6 CT CTX Glut",TRUE,0.999999995963036,0.999999991926071,8.20624937019698e-08,1.61040215129082,5.00482389759359,8,0.625602987199198,"confident_correct","uniform"
13,"raw",1,1,"uot_molecular","030 L5 NP CTX Glut",TRUE,0.948850270479064,0.897717735933846,0.202041452847922,1.38625937140229,4.56802966273702,4,1.14200741568425,"confident_correct","uniform"
13,"raw",1,1,"uot_molecular","036 Vip Gaba",TRUE,0.999999999639364,0.999999999379114,8.41527690501708e-09,1.56887804308767,4.80125840343921,8,0.600157300429901,"confident_correct","uniform"
13,"raw",1,1,"uot_molecular","037 Sncg Gaba",TRUE,0.667371905646794,0.334746506261309,0.636058503549788,1.09525939654132,4.93993342690397,3,1.64664447563466,"underconfident_correct","uniform"
13,"raw",1,1,"uot_molecular","039 Lamp5 Gaba",TRUE,0.996074122214438,0.992153512772779,0.0257082810343872,1.38620294603687,4.08152184432605,4,1.02038046108151,"confident_correct","uniform"
13,"raw",1,1,"uot_molecular","041 Pvalb chandelier Gaba",FALSE,0.253474942259693,0.493050115480613,0.566120656953461,0,4.1782190726812,1,4.1782190726812,"cross_family_failure","uniform"
13,"raw",1,1,"uot_molecular","042 Pvalb Gaba",TRUE,0.822679191938863,0.645358383877725,0.467306489975785,1.51021110311167,5.92797140971997,8,0.740996426214997,"underconfident_correct","uniform"
13,"raw",1,1,"uot_molecular","043 Sst Gaba",TRUE,1,1,0,1.86669094558384,6.46686175719068,14,0.461918696942192,"confident_correct","uniform"
13,"raw",1,1,"uot_molecular","046 Sst Chodl Gaba",FALSE,0.00258442418153959,0.994831151636921,0.0179797336455235,0,4.96594873661384,1,4.96594873661384,"cross_family_failure","uniform"
13,"raw",1,1,"uot_molecular","287 Astro-TE NN",TRUE,0.363530742347427,0.0149767691909313,1.36342424230048,0,4.02477096760173,1,4.02477096760173,"diffuse_correct","uniform"
13,"raw",1,1,"uot_molecular","294 OPC NN",FALSE,0.0010188266751526,0.337592017389943,0.91184991750103,0,4.41155748814262,1,4.41155748814262,"cross_family_failure","uniform"
13,"raw",1,1,"uot_molecular","295 Oligo NN",TRUE,0.999999998070988,0.999999996141976,4.06370684142774e-08,1.33788232651329,3.8109647228939,4,0.952741180723475,"confident_correct","uniform"
13,"raw",1,1,"uot_molecular","299 Peri NN",TRUE,0.380020422186473,0.092636023355891,1.25561768693823,0,4.62865955585339,1,4.62865955585339,"diffuse_correct","uniform"
13,"raw",1,1,"uot_molecular","301 Endo NN",FALSE,0.381095141880384,0.0419544840828245,1.1575353346603,0,5.4441550371747,1,5.4441550371747,"cross_family_failure","uniform"
13,"raw",1,1,"uot_molecular","302 Microglia NN",TRUE,0.371082514030093,0.115411873431035,1.41959216333463,0,4.55581266398633,1,4.55581266398633,"diffuse_correct","uniform"
14,"raw",3,0,"gw_only","001 Car3 Glut",FALSE,0,1,3.33066907387547e-16,NA,9,1,9,"cross_family_failure","uniform"
14,"raw",3,0,"gw_only","003 L5/6 IT TPE-ENT Glut",FALSE,0,1,1.11022302462516e-16,NA,4.82356405150729,2,2.41178202575365,"cross_family_failure","uniform"
14,"raw",3,0,"gw_only","004 L6 IT CTX Glut",FALSE,0,1,3.33066907387547e-16,NA,9,11,0.818181818181818,"cross_family_failure","uniform"
14,"raw",3,0,"gw_only","005 L5 IT CTX Glut",FALSE,0,0.121716130565514,1.03170209956786,NA,5.22888550555852,4,1.30722137638963,"cross_family_failure","uniform"
14,"raw",3,0,"gw_only","006 L4/5 IT CTX Glut",FALSE,0,1,0,NA,4.8324893239747,13,0.371729947998054,"cross_family_failure","uniform"
14,"raw",3,0,"gw_only","007 L2/3 IT CTX Glut",FALSE,0,1,0,NA,4.83218966056936,4,1.20804741514234,"cross_family_failure","uniform"
14,"raw",3,0,"gw_only","022 L5 ET CTX Glut",FALSE,0,0.890481247258489,0.287158872744895,NA,5.64584292693052,6,0.940973821155086,"cross_family_failure","uniform"
14,"raw",3,0,"gw_only","027 L6b CTX Glut",FALSE,0,1,-2.22044604925031e-16,NA,9.47776567862344,2,4.73888283931172,"cross_family_failure","uniform"
14,"raw",3,0,"gw_only","028 L6 CT CTX Glut",FALSE,0,1,0,NA,4.91160268238816,8,0.61395033529852,"cross_family_failure","uniform"
14,"raw",3,0,"gw_only","030 L5 NP CTX Glut",FALSE,0,1,-2.22044604925031e-16,NA,9.47776567862344,4,2.36944141965586,"cross_family_failure","uniform"
14,"raw",3,0,"gw_only","036 Vip Gaba",FALSE,0,0.799988436716384,0.325095676771222,NA,4.81989653346921,8,0.602487066683651,"cross_family_failure","uniform"
14,"raw",3,0,"gw_only","037 Sncg Gaba",TRUE,0.675744917427031,0.451221154189532,0.830147070322842,1.09861228866811,4.81881834136416,3,1.60627278045472,"underconfident_correct","uniform"
14,"raw",3,0,"gw_only","039 Lamp5 Gaba",FALSE,0,0.798866512915482,0.326326454784779,NA,4.82208142044268,4,1.20552035511067,"cross_family_failure","uniform"
14,"raw",3,0,"gw_only","041 Pvalb chandelier Gaba",FALSE,0.205934852910857,0.588130294178285,0.508520610078538,0,4.8890087763532,1,4.8890087763532,"cross_family_failure","uniform"
14,"raw",3,0,"gw_only","042 Pvalb Gaba",FALSE,0,0.479849124630268,0.809223484552556,NA,5.32474431283757,8,0.665593039104696,"cross_family_failure","uniform"
14,"raw",3,0,"gw_only","043 Sst Gaba",FALSE,0,1,0,NA,4.83059674725294,14,0.345042624803781,"cross_family_failure","uniform"
14,"raw",3,0,"gw_only","046 Sst Chodl Gaba",FALSE,0,0.77354734640301,0.353208037452205,NA,4.86729012328486,1,4.86729012328486,"cross_family_failure","uniform"
14,"raw",3,0,"gw_only","287 Astro-TE NN",FALSE,0,0.76932183662546,0.357534402930604,NA,4.87409674851868,1,4.87409674851868,"cross_family_failure","uniform"
14,"raw",3,0,"gw_only","294 OPC NN",FALSE,0,0.548111092974096,0.534329350394552,NA,4.97658088420761,1,4.97658088420761,"cross_family_failure","uniform"
14,"raw",3,0,"gw_only","295 Oligo NN",FALSE,0,1,-2.22044604925031e-16,NA,4.86446603330806,4,1.21611650832702,"cross_family_failure","uniform"
14,"raw",3,0,"gw_only","299 Peri NN",FALSE,0,0.61026421958221,0.493204965233694,NA,4.90297311850157,1,4.90297311850157,"cross_family_failure","uniform"
14,"raw",3,0,"gw_only","301 Endo NN",FALSE,0,1,0,NA,4.80860865719112,1,4.80860865719112,"cross_family_failure","uniform"
14,"raw",3,0,"gw_only","302 Microglia NN",FALSE,0,0,1.73220804529669,NA,5.65312248828977,1,5.65312248828977,"cross_family_failure","uniform"
15,"raw",3,0.1,"fugw","001 Car3 Glut",FALSE,0,0.320724958834856,0.640794754567734,NA,4.88811998356112,1,4.88811998356112,"cross_family_failure","uniform"
15,"raw",3,0.1,"fugw","003 L5/6 IT TPE-ENT Glut",FALSE,0,0.560660500813861,0.526489656692863,NA,4.88972195247627,2,2.44486097623813,"cross_family_failure","uniform"
15,"raw",3,0.1,"fugw","004 L6 IT CTX Glut",TRUE,1,1,0,1.64618150855689,5.18713493215923,11,0.471557721105385,"confident_correct","uniform"
15,"raw",3,0.1,"fugw","005 L5 IT CTX Glut",FALSE,0,0.404613047343924,0.608897304048921,NA,5.27524886121568,4,1.31881221530392,"cross_family_failure","uniform"
15,"raw",3,0.1,"fugw","006 L4/5 IT CTX Glut",TRUE,1,1,0,1.58809854605735,4.89443353479565,13,0.376494887291973,"confident_correct","uniform"
15,"raw",3,0.1,"fugw","007 L2/3 IT CTX Glut",TRUE,0.723707397138502,0.447414794277004,0.589417641201856,1.2949925833909,5.2879014462934,4,1.32197536157335,"underconfident_correct","uniform"
15,"raw",3,0.1,"fugw","022 L5 ET CTX Glut",TRUE,1,1,1.11022302462516e-16,1.58575886432274,4.88299550394671,6,0.813832583991118,"confident_correct","uniform"
15,"raw",3,0.1,"fugw","027 L6b CTX Glut",FALSE,0.214275469640827,0.571449060718345,0.519566528126054,0,4.87006870278983,2,2.43503435139492,"cross_family_failure","uniform"
15,"raw",3,0.1,"fugw","028 L6 CT CTX Glut",TRUE,1,1,0,1.5793427223372,4.85176580570337,8,0.606470725712921,"confident_correct","uniform"
15,"raw",3,0.1,"fugw","030 L5 NP CTX Glut",TRUE,0.900926166270087,0.801852332540174,0.323043199494551,1.38629428768117,4.9611158946667,4,1.24027897366668,"confident_correct","uniform"
15,"raw",3,0.1,"fugw","036 Vip Gaba",TRUE,1,1,0,1.58026314743221,4.85623354850191,8,0.607029193562739,"confident_correct","uniform"
15,"raw",3,0.1,"fugw","037 Sncg Gaba",FALSE,0.218597244734139,0.562805510531721,0.525126799024791,1.71298554566364e-05,4.86498724444643,3,1.62166241481548,"cross_family_failure","uniform"
15,"raw",3,0.1,"fugw","039 Lamp5 Gaba",TRUE,0.898607902744814,0.797215805489628,0.32813100148764,1.3862940595882,4.82526569193929,4,1.20631642298482,"underconfident_correct","uniform"
15,"raw",3,0.1,"fugw","041 Pvalb chandelier Gaba",FALSE,0,0.768522314790457,0.358348064767121,NA,4.87373554004786,1,4.87373554004786,"cross_family_failure","uniform"
15,"raw",3,0.1,"fugw","042 Pvalb Gaba",FALSE,0,1,0,NA,4.85743083046035,8,0.607178853807543,"cross_family_failure","uniform"
15,"raw",3,0.1,"fugw","043 Sst Gaba",TRUE,1,1,0,1.58143606055806,4.86193283030099,14,0.347280916450071,"confident_correct","uniform"
15,"raw",3,0.1,"fugw","046 Sst Chodl Gaba",FALSE,0,1,0,NA,4.84650903414269,1,4.84650903414269,"cross_family_failure","uniform"
15,"raw",3,0.1,"fugw","287 Astro-TE NN",FALSE,0.226543813936352,0.093208722842749,1.37393519382161,0,4.79940214482262,1,4.79940214482262,"cross_family_failure","uniform"
15,"raw",3,0.1,"fugw","294 OPC NN",FALSE,0.153780876477198,0.100115823482569,1.5660690505065,0,5.87783659772506,1,5.87783659772506,"cross_family_failure","uniform"
15,"raw",3,0.1,"fugw","295 Oligo NN",TRUE,0.923978816005074,0.847957632010147,0.268942504897288,1.38629434686676,4.71075934203562,4,1.1776898355089,"confident_correct","uniform"
15,"raw",3,0.1,"fugw","299 Peri NN",FALSE,0,0.80992598941079,0.314039254350957,NA,4.79982682706999,1,4.79982682706999,"cross_family_failure","uniform"
15,"raw",3,0.1,"fugw","301 Endo NN",FALSE,0,0.84559153102199,0.271887467326811,NA,4.97014952295233,1,4.97014952295233,"cross_family_failure","uniform"
15,"raw",3,0.1,"fugw","302 Microglia NN",FALSE,0.228939798264888,0.221915605538333,1.31305434925998,0,5.08128068402576,1,5.08128068402576,"cross_family_failure","uniform"
16,"raw",3,0.25,"fugw","001 Car3 Glut",FALSE,0.220379124930741,0.461496905542736,0.821693434417479,0,5.17799975555264,1,5.17799975555264,"cross_family_failure","uniform"
16,"raw",3,0.25,"fugw","003 L5/6 IT TPE-ENT Glut",FALSE,0.217796851360498,0.0605835766685996,1.534259326226,0,5.37032355359344,2,2.68516177679672,"cross_family_failure","uniform"
16,"raw",3,0.25,"fugw","004 L6 IT CTX Glut",TRUE,1,1,-2.22044604925031e-16,1.60203983590643,4.96314610940214,11,0.45119510085474,"confident_correct","uniform"
16,"raw",3,0.25,"fugw","005 L5 IT CTX Glut",TRUE,0.561828213793574,0.341690101845623,0.989194604653413,1.06597197972949,4.89438063565957,4,1.22359515891489,"underconfident_correct","uniform"
16,"raw",3,0.25,"fugw","006 L4/5 IT CTX Glut",TRUE,1,1,-2.22044604925031e-16,1.66641777769762,5.29317247427165,13,0.407167113405512,"confident_correct","uniform"
16,"raw",3,0.25,"fugw","007 L2/3 IT CTX Glut",TRUE,0.876771589026676,0.753543178053353,0.373308402111032,1.38629411366841,4.89772932676044,4,1.22443233169011,"underconfident_correct","uniform"
16,"raw",3,0.25,"fugw","022 L5 ET CTX Glut",TRUE,1,1,1.11022302462516e-16,1.5997873633843,4.95197934030902,6,0.825329890051503,"confident_correct","uniform"
16,"raw",3,0.25,"fugw","027 L6b CTX Glut",FALSE,0.240690369964028,0.518619260071943,0.551874397755914,0.284169381764495,5.14656263250189,2,2.57328131625094,"cross_family_failure","uniform"
16,"raw",3,0.25,"fugw","028 L6 CT CTX Glut",TRUE,1,1,-2.22044604925031e-16,1.58944332866233,4.90101991150431,8,0.612627488938039,"confident_correct","uniform"
16,"raw",3,0.25,"fugw","030 L5 NP CTX Glut",TRUE,0.891385709765477,0.782771419530953,0.34360833333713,1.38629416183981,4.8517096050914,4,1.21292740127285,"underconfident_correct","uniform"
16,"raw",3,0.25,"fugw","036 Vip Gaba",TRUE,1,1,0,1.59245831623381,4.91581872353193,8,0.614477340441491,"confident_correct","uniform"
16,"raw",3,0.25,"fugw","037 Sncg Gaba",FALSE,0.227094550006018,0.545810899987963,0.535741749852094,0,4.77658437299947,3,1.59219479099982,"cross_family_failure","uniform"
16,"raw",3,0.25,"fugw","039 Lamp5 Gaba",TRUE,0.921557733963398,0.876950378492374,0.328578266607491,1.3862935359498,4.98352682633177,4,1.24588170658294,"confident_correct","uniform"
16,"raw",3,0.25,"fugw","041 Pvalb chandelier Gaba",FALSE,0.0980034215969508,0.803993156806098,0.320673763647263,0,4.81196752758235,1,4.81196752758235,"cross_family_failure","uniform"
16,"raw",3,0.25,"fugw","042 Pvalb Gaba",TRUE,0.897850632203543,0.795701264407087,0.329780113376438,1.38629427073989,4.82815931477627,8,0.603519914347034,"underconfident_correct","uniform"
16,"raw",3,0.25,"fugw","043 Sst Gaba",TRUE,1,1,0,1.58550898073075,4.88177547592933,14,0.348698248280666,"confident_correct","uniform"
16,"raw",3,0.25,"fugw","046 Sst Chodl Gaba",FALSE,0,1,0,NA,4.87532556856541,1,4.87532556856541,"cross_family_failure","uniform"
16,"raw",3,0.25,"fugw","287 Astro-TE NN",FALSE,0.233412747659819,0.0860166234496712,1.06988900535982,0,4.85645696506175,1,4.85645696506175,"cross_family_failure","uniform"
16,"raw",3,0.25,"fugw","294 OPC NN",FALSE,0.172553793237237,0.272114946916508,1.21078904636151,0,5.38689083207398,1,5.38689083207398,"cross_family_failure","uniform"
16,"raw",3,0.25,"fugw","295 Oligo NN",TRUE,0.939717928507834,0.879435857015669,0.227742947846945,1.38629433674219,4.62034136213674,4,1.15508534053418,"confident_correct","uniform"
16,"raw",3,0.25,"fugw","299 Peri NN",FALSE,0,1,0,NA,4.81976956536598,1,4.81976956536598,"cross_family_failure","uniform"
16,"raw",3,0.25,"fugw","301 Endo NN",TRUE,0.235030581025285,0.000277467325194125,1.58497041643877,0,4.87914703383258,1,4.87914703383258,"diffuse_correct","uniform"
16,"raw",3,0.25,"fugw","302 Microglia NN",TRUE,0.233430870190293,0.00827542914179699,1.58888588910769,0,4.89828865047475,1,4.89828865047475,"diffuse_correct","uniform"
17,"raw",3,0.5,"fugw","001 Car3 Glut",FALSE,0.216325184271437,0.352142336057675,0.982856149233047,0,4.93548399818052,1,4.93548399818052,"cross_family_failure","uniform"
17,"raw",3,0.5,"fugw","003 L5/6 IT TPE-ENT Glut",TRUE,0.414335279641526,0.20619462291418,1.31944623419834,0.693145676490076,5.5959686864643,2,2.79798434323215,"diffuse_correct","uniform"
17,"raw",3,0.5,"fugw","004 L6 IT CTX Glut",TRUE,1,1,1.11022302462516e-16,1.72533646309781,5.61440975363049,11,0.510400886693681,"confident_correct","uniform"
17,"raw",3,0.5,"fugw","005 L5 IT CTX Glut",TRUE,0.431141388915684,0.0745613747442831,1.05943283140426,0.693130116569401,4.93818768676492,4,1.23454692169123,"diffuse_correct","uniform"
17,"raw",3,0.5,"fugw","006 L4/5 IT CTX Glut",TRUE,1,1,1.11022302462516e-16,1.69164627920234,5.42841003156903,13,0.417570002428387,"confident_correct","uniform"
17,"raw",3,0.5,"fugw","007 L2/3 IT CTX Glut",TRUE,0.831616224455946,0.663232448911891,0.453314203532058,1.3862934143487,4.98372846549918,4,1.24593211637479,"underconfident_correct","uniform"
17,"raw",3,0.5,"fugw","022 L5 ET CTX Glut",TRUE,1,1,2.22044604925031e-16,1.60943777553554,4.99999931550726,6,0.833333219251211,"confident_correct","uniform"
17,"raw",3,0.5,"fugw","027 L6b CTX Glut",FALSE,0.33730437291282,0.325391254174359,0.63923127240542,0.646979053668979,5.03616481013737,2,2.51808240506868,"cross_family_failure","uniform"
17,"raw",3,0.5,"fugw","028 L6 CT CTX Glut",TRUE,1,1,0,1.60331673841431,4.96948761099425,8,0.621185951374281,"confident_correct","uniform"
17,"raw",3,0.5,"fugw","030 L5 NP CTX Glut",TRUE,0.897347999683045,0.794695999366089,0.330871243819856,1.3862931932286,4.83005892671338,4,1.20751473167834,"underconfident_correct","uniform"
17,"raw",3,0.5,"fugw","036 Vip Gaba",TRUE,1,1,0,1.55074346017792,4.71497427546632,8,0.58937178443329,"confident_correct","uniform"
17,"raw",3,0.5,"fugw","037 Sncg Gaba",TRUE,0.699308888926595,0.398617777853191,0.611448742261898,1.09861228290239,4.67012382448177,3,1.55670794149392,"underconfident_correct","uniform"
17,"raw",3,0.5,"fugw","039 Lamp5 Gaba",TRUE,0.944377653798091,0.888755307596182,0.214748344832321,1.38629042407349,4.59022959262673,4,1.14755739815668,"confident_correct","uniform"
17,"raw",3,0.5,"fugw","041 Pvalb chandelier Gaba",FALSE,0.22819226250389,0.54361547499222,0.537082788810702,0,4.76627728383037,1,4.76627728383037,"cross_family_failure","uniform"
17,"raw",3,0.5,"fugw","042 Pvalb Gaba",TRUE,1,1,0,1.59321275911585,4.91952882733203,8,0.614941103416504,"confident_correct","uniform"
17,"raw",3,0.5,"fugw","043 Sst Gaba",TRUE,1,1,0,1.63479120252882,5.12838709097397,14,0.366313363640998,"confident_correct","uniform"
17,"raw",3,0.5,"fugw","046 Sst Chodl Gaba",FALSE,0,1,0,NA,4.80356587721247,1,4.80356587721247,"cross_family_failure","uniform"
17,"raw",3,0.5,"fugw","287 Astro-TE NN",FALSE,0.24895150210544,0.502096995789119,0.561180317614036,0,4.84260884099741,1,4.84260884099741,"cross_family_failure","uniform"
17,"raw",3,0.5,"fugw","294 OPC NN",FALSE,0.248342632864058,0.262595983994301,1.0321466552359,0,4.3981507212861,1,4.3981507212861,"cross_family_failure","uniform"
17,"raw",3,0.5,"fugw","295 Oligo NN",TRUE,1,1,0,1.38629369109359,3.99999731989571,4,0.999999329973927,"confident_correct","uniform"
17,"raw",3,0.5,"fugw","299 Peri NN",FALSE,0,1,-2.22044604925031e-16,NA,4.78383585959843,1,4.78383585959843,"cross_family_failure","uniform"
17,"raw",3,0.5,"fugw","301 Endo NN",TRUE,0.25129757791765,0.000891275882332898,1.52854142451369,0,4.61144577286051,1,4.61144577286051,"diffuse_correct","uniform"
17,"raw",3,0.5,"fugw","302 Microglia NN",TRUE,0.251606487274546,0.0146908216139049,1.5308090740635,0,4.62196840087877,1,4.62196840087877,"diffuse_correct","uniform"
18,"raw",3,0.75,"fugw","001 Car3 Glut",FALSE,0.2071857736167,0.163353103206195,1.34739764474245,0,5.6299016180601,1,5.6299016180601,"cross_family_failure","uniform"
18,"raw",3,0.75,"fugw","003 L5/6 IT TPE-ENT Glut",TRUE,0.365446377877212,0.0997569992440774,1.34357277801079,0.693133448538621,5.83272396976802,2,2.91636198488401,"diffuse_correct","uniform"
18,"raw",3,0.75,"fugw","004 L6 IT CTX Glut",TRUE,1,1,0,1.77134253141224,5.87874045959083,11,0.534430950871894,"confident_correct","uniform"
18,"raw",3,0.75,"fugw","005 L5 IT CTX Glut",TRUE,0.40539107974759,0.00598390760031037,1.05149964218453,0.692987781719967,4.9980843899252,4,1.2495210974813,"diffuse_correct","uniform"
18,"raw",3,0.75,"fugw","006 L4/5 IT CTX Glut",TRUE,1,1,0,1.71886014173333,5.57816651988685,13,0.429089732298989,"confident_correct","uniform"
18,"raw",3,0.75,"fugw","007 L2/3 IT CTX Glut",TRUE,0.795902852739923,0.601446831817172,0.54486992219236,1.38628732603452,5.19771943762691,4,1.29942985940673,"underconfident_correct","uniform"
18,"raw",3,0.75,"fugw","022 L5 ET CTX Glut",TRUE,1,1,0,1.79173992346574,5.99988272657223,6,0.999980454428705,"confident_correct","uniform"
18,"raw",3,0.75,"fugw","027 L6b CTX Glut",FALSE,0.355881523384092,0.285958892185989,0.66614437503184,0.668804926643985,5.02376627617416,2,2.51188313808708,"cross_family_failure","uniform"
18,"raw",3,0.75,"fugw","028 L6 CT CTX Glut",TRUE,1,1,0,1.60943143713625,4.99996762361559,8,0.624995952951949,"confident_correct","uniform"
18,"raw",3,0.75,"fugw","030 L5 NP CTX Glut",TRUE,0.919370375146407,0.838740750292814,0.28030444746724,1.38628488531673,4.7342044727347,4,1.18355111818367,"confident_correct","uniform"
18,"raw",3,0.75,"fugw","036 Vip Gaba",TRUE,1,1,0,1.50304275977479,4.49534654122875,8,0.561918317653594,"confident_correct","uniform"
18,"raw",3,0.75,"fugw","037 Sncg Gaba",TRUE,0.734207197746368,0.468414395492736,0.579029215535178,1.09861223601906,4.32638610287657,3,1.44212870095886,"underconfident_correct","uniform"
18,"raw",3,0.75,"fugw","039 Lamp5 Gaba",TRUE,1,1,0,1.38626692476146,3.99989025607176,4,0.999972564017939,"confident_correct","uniform"
18,"raw",3,0.75,"fugw","041 Pvalb chandelier Gaba",FALSE,0.243321708600922,0.513356582798156,0.554878642232818,0,4.41727607357071,1,4.41727607357071,"cross_family_failure","uniform"
18,"raw",3,0.75,"fugw","042 Pvalb Gaba",TRUE,1,1,1.11022302462516e-16,1.56345070911543,4.77527091818279,8,0.596908864772848,"confident_correct","uniform"
18,"raw",3,0.75,"fugw","043 Sst Gaba",TRUE,1,1,-2.22044604925031e-16,1.61045201773953,5.00507309842038,14,0.357505221315741,"confident_correct","uniform"
18,"raw",3,0.75,"fugw","046 Sst Chodl Gaba",FALSE,0,1,0,NA,4.76173680893162,1,4.76173680893162,"cross_family_failure","uniform"
18,"raw",3,0.75,"fugw","287 Astro-TE NN",TRUE,0.303149880361286,0.00600622244965432,1.33242556397602,0,4.07992753576891,1,4.07992753576891,"diffuse_correct","uniform"
18,"raw",3,0.75,"fugw","294 OPC NN",FALSE,0,0.452144077486051,0.677780115301561,NA,4.28279251719087,1,4.28279251719087,"cross_family_failure","uniform"
18,"raw",3,0.75,"fugw","295 Oligo NN",TRUE,1,1,0,1.35273130137268,3.86797572366353,4,0.966993930915882,"confident_correct","uniform"
18,"raw",3,0.75,"fugw","299 Peri NN",FALSE,0.302992679530676,0.138043623387347,1.24086051157025,0,4.93945789523818,1,4.93945789523818,"cross_family_failure","uniform"
18,"raw",3,0.75,"fugw","301 Endo NN",FALSE,0.301469970705612,0.397060058588775,0.612104665079858,0,3.93970439832111,1,3.93970439832111,"cross_family_failure","uniform"
18,"raw",3,0.75,"fugw","302 Microglia NN",TRUE,0.298414480455962,0.0634036544109813,1.38028114227562,0,3.97601929748843,1,3.97601929748843,"diffuse_correct","uniform"
19,"raw",3,0.9,"fugw","001 Car3 Glut",FALSE,0.193313160904729,0.249472570315429,1.29850160373063,0,5.89926274198917,1,5.89926274198917,"cross_family_failure","uniform"
19,"raw",3,0.9,"fugw","003 L5/6 IT TPE-ENT Glut",TRUE,0.324150592350961,0.00739320226989798,1.3454646415779,0.693019153119999,6.44389849308079,2,3.2219492465404,"diffuse_correct","uniform"
19,"raw",3,0.9,"fugw","004 L6 IT CTX Glut",TRUE,1,1,0,1.79148627461762,5.99836105622288,11,0.545305550565716,"confident_correct","uniform"
19,"raw",3,0.9,"fugw","005 L5 IT CTX Glut",FALSE,0.378744958226319,0.0123817529032205,1.07296616396021,0.691651724823548,5.68986189096285,4,1.42246547274071,"cross_family_failure","uniform"
19,"raw",3,0.9,"fugw","006 L4/5 IT CTX Glut",TRUE,1,1,2.22044604925031e-16,1.94095741773689,6.96541659262638,13,0.535801276355875,"confident_correct","uniform"
19,"raw",3,0.9,"fugw","007 L2/3 IT CTX Glut",TRUE,0.804427951534003,0.608855903068006,0.494202364933922,1.3862311960091,5.13074102640898,4,1.28268525660224,"underconfident_correct","uniform"
19,"raw",3,0.9,"fugw","022 L5 ET CTX Glut",TRUE,1,1,0,1.79173196031668,5.99983494880196,6,0.999972491466994,"confident_correct","uniform"
19,"raw",3,0.9,"fugw","027 L6b CTX Glut",FALSE,0.414831334008378,0.170337331983245,0.678568795207723,0.693056556958223,4.99367200265877,2,2.49683600132939,"cross_family_failure","uniform"
19,"raw",3,0.9,"fugw","028 L6 CT CTX Glut",TRUE,1,1,0,1.65688156487499,5.242935570661,8,0.655366946332624,"confident_correct","uniform"
19,"raw",3,0.9,"fugw","030 L5 NP CTX Glut",TRUE,0.993210670455494,0.986421340910988,0.0406612994654142,1.38620923911736,4.12662180448287,4,1.03165545112072,"confident_correct","uniform"
19,"raw",3,0.9,"fugw","036 Vip Gaba",TRUE,1,1,0,1.59274829873773,4.91724443165944,8,0.61465555395743,"confident_correct","uniform"
19,"raw",3,0.9,"fugw","037 Sncg Gaba",TRUE,0.689372449966388,0.378744899932777,0.619601859092768,1.09861179771695,4.75904824830592,3,1.58634941610197,"underconfident_correct","uniform"
19,"raw",3,0.9,"fugw","039 Lamp5 Gaba",TRUE,0.999999999889203,0.999999999778405,2.6506403595825e-09,1.38606550809563,3.99908470262836,4,0.999771175657091,"confident_correct","uniform"
19,"raw",3,0.9,"fugw","041 Pvalb chandelier Gaba",FALSE,0.256277373834928,0.487445252330145,0.569127041402197,0,4.00602119438113,1,4.00602119438113,"cross_family_failure","uniform"
19,"raw",3,0.9,"fugw","042 Pvalb Gaba",TRUE,0.847136855133686,0.694273710267372,0.427643521262309,1.37181588868898,4.90256883129076,8,0.612821103911345,"underconfident_correct","uniform"
19,"raw",3,0.9,"fugw","043 Sst Gaba",TRUE,1,1,1.11022302462516e-16,1.78315750341306,5.94860955143183,14,0.424900682245131,"confident_correct","uniform"
19,"raw",3,0.9,"fugw","046 Sst Chodl Gaba",FALSE,0,1,0,NA,4.99060223869488,1,4.99060223869488,"cross_family_failure","uniform"
19,"raw",3,0.9,"fugw","287 Astro-TE NN",TRUE,0.443841572229341,0.026252784397105,0.999056372053629,0,2.7157179916039,1,2.7157179916039,"diffuse_correct","uniform"
19,"raw",3,0.9,"fugw","294 OPC NN",FALSE,0,0.292227182408983,0.941771761620699,NA,3.83359745421165,1,3.83359745421165,"cross_family_failure","uniform"
19,"raw",3,0.9,"fugw","295 Oligo NN",TRUE,1,1,0,1.24575353707195,3.47555277070196,4,0.868888192675491,"confident_correct","uniform"
19,"raw",3,0.9,"fugw","299 Peri NN",TRUE,0.475107737939342,0.15712834167359,1.04389494506103,0,2.95317207539745,1,2.95317207539745,"diffuse_correct","uniform"
19,"raw",3,0.9,"fugw","301 Endo NN",TRUE,0.479287577466949,0.0675435845364197,0.960205404745236,0,3.27385282377547,1,3.27385282377547,"diffuse_correct","uniform"
19,"raw",3,0.9,"fugw","302 Microglia NN",TRUE,0.45309828452744,0.172791238216692,1.06765262393988,0,2.90854403377616,1,2.90854403377616,"diffuse_correct","uniform"
20,"raw",3,1,"uot_molecular","001 Car3 Glut",FALSE,0.211665113039021,0.145589543869601,1.35310197767476,0,6.3420819616377,1,6.3420819616377,"cross_family_failure","uniform"
20,"raw",3,1,"uot_molecular","003 L5/6 IT TPE-ENT Glut",TRUE,0.378911975633905,0.143455739249823,1.34299462546082,0.693118439238475,6.23476141704108,2,3.11738070852054,"diffuse_correct","uniform"
20,"raw",3,1,"uot_molecular","004 L6 IT CTX Glut",TRUE,0.995833320078719,0.991666865759514,0.0269964840105096,1.76842347034587,5.97779337955092,11,0.543435761777356,"confident_correct","uniform"
20,"raw",3,1,"uot_molecular","005 L5 IT CTX Glut",TRUE,0.41811077365996,0.0459204218466256,1.06002188536443,0.705266648789245,5.74530021136644,4,1.43632505284161,"diffuse_correct","uniform"
20,"raw",3,1,"uot_molecular","006 L4/5 IT CTX Glut",TRUE,0.999999978807104,0.999999957614207,3.95662896976778e-07,1.81578260872551,6.14588631356299,13,0.472760485658691,"confident_correct","uniform"
20,"raw",3,1,"uot_molecular","007 L2/3 IT CTX Glut",TRUE,0.799731684644008,0.602347712263525,0.515868289714268,1.38629149583337,5.07808744244047,4,1.26952186061012,"underconfident_correct","uniform"
20,"raw",3,1,"uot_molecular","022 L5 ET CTX Glut",TRUE,0.999999998956111,0.999999998301489,2.33212981589e-08,1.72974856210733,5.63923593391705,6,0.939872655652841,"confident_correct","uniform"
20,"raw",3,1,"uot_molecular","027 L6b CTX Glut",FALSE,0.350248789522465,0.293370705840568,0.682298074259733,0.680514234080565,5.30637698798957,2,2.65318849399478,"cross_family_failure","uniform"
20,"raw",3,1,"uot_molecular","028 L6 CT CTX Glut",TRUE,0.846417024303805,0.692897492944115,0.429431884615974,1.55252096327047,5.88499993348993,8,0.735624991686241,"underconfident_correct","uniform"
20,"raw",3,1,"uot_molecular","030 L5 NP CTX Glut",TRUE,0.90546623630764,0.819076755465691,0.340653517677474,1.38629046232133,5.16014727778635,4,1.29003681944659,"confident_correct","uniform"
20,"raw",3,1,"uot_molecular","036 Vip Gaba",TRUE,0.999404699317595,0.998968566554891,0.00538824735251119,1.75781180814307,5.82692082867132,8,0.728365103583915,"confident_correct","uniform"
20,"raw",3,1,"uot_molecular","037 Sncg Gaba",TRUE,0.641167746877689,0.285933466104868,0.672918331338684,1.09507232239286,5.75201177625822,3,1.91733725875274,"underconfident_correct","uniform"
20,"raw",3,1,"uot_molecular","039 Lamp5 Gaba",TRUE,0.952850753178055,0.916487358324462,0.215743742988511,1.38604638514862,4.72522670808,4,1.18130667702,"confident_correct","uniform"
20,"raw",3,1,"uot_molecular","041 Pvalb chandelier Gaba",FALSE,0.237470846944961,0.525034059280768,0.548436166452958,0,5.40134489184715,1,5.40134489184715,"cross_family_failure","uniform"
20,"raw",3,1,"uot_molecular","042 Pvalb Gaba",TRUE,0.856276436281838,0.712555498148928,0.411696947518441,1.75678294304288,8.00176189140809,8,1.00022023642601,"underconfident_correct","uniform"
20,"raw",3,1,"uot_molecular","043 Sst Gaba",TRUE,0.99999997268977,0.999999952866219,5.18985380080526e-07,1.97151975338375,7.18158579882537,14,0.512970414201812,"confident_correct","uniform"
20,"raw",3,1,"uot_molecular","046 Sst Chodl Gaba",FALSE,0.00414129487858831,0.99171739949845,0.0268551530981252,0,5.94182728704955,1,5.94182728704955,"cross_family_failure","uniform"
20,"raw",3,1,"uot_molecular","287 Astro-TE NN",FALSE,0.271398312234867,0.150534153110186,1.38627091975434,0,7.26567516343156,1,7.26567516343156,"cross_family_failure","uniform"
20,"raw",3,1,"uot_molecular","294 OPC NN",FALSE,0.0632363359035402,0.269252599933785,1.32434027241117,0,7.47427275840375,1,7.47427275840375,"cross_family_failure","uniform"
20,"raw",3,1,"uot_molecular","295 Oligo NN",TRUE,0.96487867600843,0.933481786941163,0.166473637740606,1.37562637644818,4.57947320603065,4,1.14486830150766,"confident_correct","uniform"
20,"raw",3,1,"uot_molecular","299 Peri NN",FALSE,0.233307071940809,0.430857245162122,0.94324858967025,0,6.27101476971233,1,6.27101476971233,"cross_family_failure","uniform"
20,"raw",3,1,"uot_molecular","301 Endo NN",FALSE,0.270155131232192,0.0584960452508824,1.51091400902078,0,8.40514201806906,1,8.40514201806906,"cross_family_failure","uniform"
20,"raw",3,1,"uot_molecular","302 Microglia NN",TRUE,0.265208184878009,0.0328388451301421,1.59068604405047,0,5.83371555256667,1,5.83371555256667,"diffuse_correct","uniform"
21,"clip",0.3,0,"gw_only","001 Car3 Glut",FALSE,0,0.958098485055577,0.143790233056727,NA,9.87380782305593,1,9.87380782305593,"cross_family_failure","uniform"
21,"clip",0.3,0,"gw_only","003 L5/6 IT TPE-ENT Glut",FALSE,0,1,0,NA,4.99997941806421,2,2.4999897090321,"cross_family_failure","uniform"
21,"clip",0.3,0,"gw_only","004 L6 IT CTX Glut",FALSE,0.0146669662127619,0.958098485055577,0.143790233056727,1.20253770957211e-07,9.87380782305593,11,0.897618893005084,"cross_family_failure","uniform"
21,"clip",0.3,0,"gw_only","005 L5 IT CTX Glut",FALSE,0,1,0,NA,4.99987786464526,4,1.24996946616132,"cross_family_failure","uniform"
21,"clip",0.3,0,"gw_only","006 L4/5 IT CTX Glut",FALSE,0,0.653406540747983,0.461075280166624,NA,4.9884175164467,13,0.383724424342054,"cross_family_failure","uniform"
21,"clip",0.3,0,"gw_only","007 L2/3 IT CTX Glut",FALSE,0,1,0,NA,5.8058027252171,4,1.45145068130427,"cross_family_failure","uniform"
21,"clip",0.3,0,"gw_only","022 L5 ET CTX Glut",FALSE,0.152010877559297,0.695978244881406,0.42618135872868,0.693147179789313,5.51300479040882,6,0.918834131734803,"cross_family_failure","uniform"
21,"clip",0.3,0,"gw_only","027 L6b CTX Glut",FALSE,0,1,0,NA,9.98169945302388,2,4.99084972651194,"cross_family_failure","uniform"
21,"clip",0.3,0,"gw_only","028 L6 CT CTX Glut",FALSE,0,1,0,NA,5.9341149927371,8,0.741764374092137,"cross_family_failure","uniform"
21,"clip",0.3,0,"gw_only","030 L5 NP CTX Glut",FALSE,0,1,0,NA,9.98169945302388,4,2.49542486325597,"cross_family_failure","uniform"
21,"clip",0.3,0,"gw_only","036 Vip Gaba",FALSE,0,1,0,NA,4.73037239210593,8,0.591296549013242,"cross_family_failure","uniform"
21,"clip",0.3,0,"gw_only","037 Sncg Gaba",FALSE,0,0.231154771635242,1.04384146577442,NA,3.99836665950274,3,1.33278888650091,"cross_family_failure","uniform"
21,"clip",0.3,0,"gw_only","039 Lamp5 Gaba",FALSE,0,1,0,NA,4.76638221862617,4,1.19159555465654,"cross_family_failure","uniform"
21,"clip",0.3,0,"gw_only","041 Pvalb chandelier Gaba",FALSE,0,0.0563077081212726,0.691561062795641,NA,8.78721970016276,1,8.78721970016276,"cross_family_failure","uniform"
21,"clip",0.3,0,"gw_only","042 Pvalb Gaba",FALSE,0,1,0,NA,4.70092759194311,8,0.587615948992888,"cross_family_failure","uniform"
21,"clip",0.3,0,"gw_only","043 Sst Gaba",FALSE,0,0.0563077081212726,0.691561062795641,NA,8.78721970016276,14,0.627658550011626,"cross_family_failure","uniform"
21,"clip",0.3,0,"gw_only","046 Sst Chodl Gaba",FALSE,0,1,0,NA,3.99997749687126,1,3.99997749687126,"cross_family_failure","uniform"
21,"clip",0.3,0,"gw_only","287 Astro-TE NN",FALSE,0,0.214995563242086,1.29585137906568,NA,4.92839900312098,1,4.92839900312098,"cross_family_failure","uniform"
21,"clip",0.3,0,"gw_only","294 OPC NN",FALSE,0,1,0,NA,3.99993437487491,1,3.99993437487491,"cross_family_failure","uniform"
21,"clip",0.3,0,"gw_only","295 Oligo NN",FALSE,0,0.497083654841842,0.563931448211456,NA,4.35126493441092,4,1.08781623360273,"cross_family_failure","uniform"
21,"clip",0.3,0,"gw_only","299 Peri NN",FALSE,0,0.211807662885872,0.670545133154162,NA,6.61382328373131,1,6.61382328373131,"cross_family_failure","uniform"
21,"clip",0.3,0,"gw_only","301 Endo NN",FALSE,0,1,0,NA,6.57345712951469,1,6.57345712951469,"cross_family_failure","uniform"
21,"clip",0.3,0,"gw_only","302 Microglia NN",FALSE,0.238273919820702,0,1.51403193653447,0,4.5450191295136,1,4.5450191295136,"cross_family_failure","uniform"
22,"clip",0.3,0.1,"fugw","001 Car3 Glut",FALSE,0.195786054950618,0.406465552886625,0.944332651815363,0,4.99962711937259,1,4.99962711937259,"cross_family_failure","uniform"
22,"clip",0.3,0.1,"fugw","003 L5/6 IT TPE-ENT Glut",TRUE,0.385981500150546,0.192034377016813,1.44352632117915,0.693147051852139,5.5348710268277,2,2.76743551341385,"diffuse_correct","uniform"
22,"clip",0.3,0.1,"fugw","004 L6 IT CTX Glut",TRUE,1,1,0,1.60951003850363,5.00036064335337,11,0.454578240304852,"confident_correct","uniform"
22,"clip",0.3,0.1,"fugw","005 L5 IT CTX Glut",FALSE,0,0.61168196571633,0.492197695104233,NA,4.99896044110359,4,1.2497401102759,"cross_family_failure","uniform"
22,"clip",0.3,0.1,"fugw","006 L4/5 IT CTX Glut",TRUE,1,1,0,1.78181549866962,5.94063184345524,13,0.456971680265787,"confident_correct","uniform"
22,"clip",0.3,0.1,"fugw","007 L2/3 IT CTX Glut",TRUE,0.804779879095168,0.609560684135522,0.493716551213641,1.38628166712287,4.99965116836158,4,1.24991279209039,"underconfident_correct","uniform"
22,"clip",0.3,0.1,"fugw","022 L5 ET CTX Glut",TRUE,1,1,0,1.78823057922504,5.9788639752691,6,0.996477329211517,"confident_correct","uniform"
22,"clip",0.3,0.1,"fugw","027 L6b CTX Glut",FALSE,1.30864916938632e-08,0.999999973827017,2.50628370584318e-07,0,3.999468409515,2,1.9997342047575,"cross_family_failure","uniform"
22,"clip",0.3,0.1,"fugw","028 L6 CT CTX Glut",TRUE,1,1,1.11022302462516e-16,1.41133841685999,4.10144117014372,8,0.512680146267966,"confident_correct","uniform"
22,"clip",0.3,0.1,"fugw","030 L5 NP CTX Glut",TRUE,1,1,0,1.3862887761115,3.99997766002883,4,0.999994415007208,"confident_correct","uniform"
22,"clip",0.3,0.1,"fugw","036 Vip Gaba",TRUE,1,1,0,1.38627745382198,3.99993237138005,8,0.499991546422507,"confident_correct","uniform"
22,"clip",0.3,0.1,"fugw","037 Sncg Gaba",FALSE,0,1,0,NA,3.99997750492213,3,1.33332583497404,"cross_family_failure","uniform"
22,"clip",0.3,0.1,"fugw","039 Lamp5 Gaba",TRUE,1,1,0,1.38627760517252,3.99993297677203,4,0.999983244193006,"confident_correct","uniform"
22,"clip",0.3,0.1,"fugw","041 Pvalb chandelier Gaba",FALSE,0,1,-2.22044604925031e-16,NA,3.9999355633563,1,3.9999355633563,"cross_family_failure","uniform"
22,"clip",0.3,0.1,"fugw","042 Pvalb Gaba",FALSE,0,1,0,NA,5.38362061417912,8,0.67295257677239,"cross_family_failure","uniform"
22,"clip",0.3,0.1,"fugw","043 Sst Gaba",TRUE,1,1,0,1.60404168278897,4.97309151924146,14,0.355220822802961,"confident_correct","uniform"
22,"clip",0.3,0.1,"fugw","046 Sst Chodl Gaba",FALSE,0,1,0,NA,4.90243302901337,1,4.90243302901337,"cross_family_failure","uniform"
22,"clip",0.3,0.1,"fugw","287 Astro-TE NN",FALSE,0.256183574893888,0.23375982375088,1.04648395822165,0,3.99916936925443,1,3.99916936925443,"cross_family_failure","uniform"
22,"clip",0.3,0.1,"fugw","294 OPC NN",FALSE,0,0.239206134881791,1.04168973013938,NA,3.99929068575051,1,3.99929068575051,"cross_family_failure","uniform"
22,"clip",0.3,0.1,"fugw","295 Oligo NN",TRUE,1,1,0,1.38628884827875,3.99997794869623,4,0.999994487174057,"confident_correct","uniform"
22,"clip",0.3,0.1,"fugw","299 Peri NN",FALSE,0,0.419900798301034,0.602196088427862,NA,4.68156121021983,1,4.68156121021983,"cross_family_failure","uniform"
22,"clip",0.3,0.1,"fugw","301 Endo NN",FALSE,0,1,-2.22044604925031e-16,NA,3.99998530614983,1,3.99998530614983,"cross_family_failure","uniform"
22,"clip",0.3,0.1,"fugw","302 Microglia NN",FALSE,0.253286542024022,0,1.38539823192525,0,3.99641708883687,1,3.99641708883687,"cross_family_failure","uniform"
23,"clip",0.3,0.25,"fugw","001 Car3 Glut",FALSE,0.17494738479909,0.297153764635777,0.980794304990496,0,6.30186535267904,1,6.30186535267904,"cross_family_failure","uniform"
23,"clip",0.3,0.25,"fugw","003 L5/6 IT TPE-ENT Glut",FALSE,0.33155819553479,0.00355820594336909,1.32963816686954,0.693146007010312,5.99985869531972,2,2.99992934765986,"cross_family_failure","uniform"
23,"clip",0.3,0.25,"fugw","004 L6 IT CTX Glut",TRUE,1,1,0,1.7917230817368,5.99978167902454,11,0.54543469809314,"confident_correct","uniform"
23,"clip",0.3,0.25,"fugw","005 L5 IT CTX Glut",TRUE,0.546801540369987,0.267226481711748,0.990392835482167,1.09841453852502,5.86736764679812,4,1.46684191169953,"underconfident_correct","uniform"
23,"clip",0.3,0.25,"fugw","006 L4/5 IT CTX Glut",TRUE,1,1,0,1.92925821693571,6.88440161454356,13,0.529569354964889,"confident_correct","uniform"
23,"clip",0.3,0.25,"fugw","007 L2/3 IT CTX Glut",TRUE,0.741537419205035,0.48307483841007,0.571442674543825,1.38628249288161,5.79203296536207,4,1.44800824134052,"underconfident_correct","uniform"
23,"clip",0.3,0.25,"fugw","022 L5 ET CTX Glut",TRUE,1,1,-2.22044604925031e-16,1.79175946922805,6,6,1,"confident_correct","uniform"
23,"clip",0.3,0.25,"fugw","027 L6b CTX Glut",FALSE,0.338477732620674,0.323044534758652,0.640020599662056,0.657155286385619,4.89985138717815,2,2.44992569358908,"cross_family_failure","uniform"
23,"clip",0.3,0.25,"fugw","028 L6 CT CTX Glut",TRUE,1,1,0,1.60943347128322,4.99997779429491,8,0.624997224286863,"confident_correct","uniform"
23,"clip",0.3,0.25,"fugw","030 L5 NP CTX Glut",TRUE,0.909873072460287,0.819746144920573,0.302831388773175,1.38628921950197,4.77874815641363,4,1.19468703910341,"confident_correct","uniform"
23,"clip",0.3,0.25,"fugw","036 Vip Gaba",TRUE,1,1,2.22044604925031e-16,1.48212512243273,4.40229115495219,8,0.550286394369024,"confident_correct","uniform"
23,"clip",0.3,0.25,"fugw","037 Sncg Gaba",TRUE,0.519962361979191,0.0399247239583828,0.692349976901283,0.693147180559945,3.99049657337482,3,1.33016552445827,"underconfident_correct","uniform"
23,"clip",0.3,0.25,"fugw","039 Lamp5 Gaba",TRUE,1,1,0,1.38627733166834,3.99993188277381,4,0.999982970693453,"confident_correct","uniform"
23,"clip",0.3,0.25,"fugw","041 Pvalb chandelier Gaba",FALSE,0,0.999999999442121,6.41560832679009e-09,NA,3.98892389012825,1,3.98892389012825,"cross_family_failure","uniform"
23,"clip",0.3,0.25,"fugw","042 Pvalb Gaba",FALSE,0,1,0,NA,4.85177915645992,8,0.606472394557491,"cross_family_failure","uniform"
23,"clip",0.3,0.25,"fugw","043 Sst Gaba",TRUE,1,1,1.11022302462516e-16,1.60765139814449,4.99107540288578,14,0.356505385920413,"confident_correct","uniform"
23,"clip",0.3,0.25,"fugw","046 Sst Chodl Gaba",FALSE,0,1,0,NA,4.85555078933669,1,4.85555078933669,"cross_family_failure","uniform"
23,"clip",0.3,0.25,"fugw","287 Astro-TE NN",TRUE,0.350760510117263,0.00367013943026118,1.09637798358163,0,2.99330456734553,1,2.99330456734553,"diffuse_correct","uniform"
23,"clip",0.3,0.25,"fugw","294 OPC NN",FALSE,0,0.383257980906555,0.61779106879734,NA,3.68200603557737,1,3.68200603557737,"cross_family_failure","uniform"
23,"clip",0.3,0.25,"fugw","295 Oligo NN",TRUE,1,1,0,1.09860564256787,2.99998006176554,4,0.749995015441385,"confident_correct","uniform"
23,"clip",0.3,0.25,"fugw","299 Peri NN",FALSE,0,0.285327440219593,0.651870171014962,NA,3.16449969063449,1,3.16449969063449,"cross_family_failure","uniform"
23,"clip",0.3,0.25,"fugw","301 Endo NN",FALSE,0,0.347855805378801,0.751907561843226,NA,3.7120117245241,1,3.7120117245241,"cross_family_failure","uniform"
23,"clip",0.3,0.25,"fugw","302 Microglia NN",TRUE,0.337751833111203,0.000905257811973259,1.09846955656809,0,2.99957183425717,1,2.99957183425717,"diffuse_correct","uniform"
24,"clip",0.3,0.5,"fugw","001 Car3 Glut",FALSE,0.179665089281754,0.333426446471421,1.21719011621592,0,5.95109123602906,1,5.95109123602906,"cross_family_failure","uniform"
24,"clip",0.3,0.5,"fugw","003 L5/6 IT TPE-ENT Glut",FALSE,0.332334359018339,0.000319390049235702,1.33081097167081,0.693136398178059,5.99965442364462,2,2.99982721182231,"cross_family_failure","uniform"
24,"clip",0.3,0.5,"fugw","004 L6 IT CTX Glut",TRUE,1,1,1.11022302462516e-16,1.7916881504961,5.99957210286702,11,0.545415645715184,"confident_correct","uniform"
24,"clip",0.3,0.5,"fugw","005 L5 IT CTX Glut",TRUE,0.438063315623806,0.0420057276914962,1.02640184365151,0.995016704604088,5.6783388672923,4,1.41958471682307,"diffuse_correct","uniform"
24,"clip",0.3,0.5,"fugw","006 L4/5 IT CTX Glut",TRUE,1,1,0,1.94519132387931,6.99497003181843,13,0.538074617832187,"confident_correct","uniform"
24,"clip",0.3,0.5,"fugw","007 L2/3 IT CTX Glut",TRUE,0.804929318797794,0.609858637595589,0.493492530656799,1.38628110862873,4.99956465222125,4,1.24989116305531,"underconfident_correct","uniform"
24,"clip",0.3,0.5,"fugw","022 L5 ET CTX Glut",TRUE,1,1,1.11022302462516e-16,1.79175946922805,6,6,1,"confident_correct","uniform"
24,"clip",0.3,0.5,"fugw","027 L6b CTX Glut",FALSE,0.344930166430182,0.310139667139636,0.644251595314029,0.665885441699413,4.92140457323698,2,2.46070228661849,"cross_family_failure","uniform"
24,"clip",0.3,0.5,"fugw","028 L6 CT CTX Glut",TRUE,1,1,0,1.60943337120112,4.99997729388667,8,0.624997161735834,"confident_correct","uniform"
24,"clip",0.3,0.5,"fugw","030 L5 NP CTX Glut",TRUE,0.91924425294336,0.838488505886719,0.280611299335201,1.38628904638504,4.73484758992882,4,1.18371189748221,"confident_correct","uniform"
24,"clip",0.3,0.5,"fugw","036 Vip Gaba",TRUE,1,1,0,1.43459378001851,4.19793937552479,8,0.524742421940599,"confident_correct","uniform"
24,"clip",0.3,0.5,"fugw","037 Sncg Gaba",TRUE,0.524354187551342,0.0487083751026833,0.691960458146346,0.914116273212007,4.48605482836079,3,1.4953516094536,"underconfident_correct","uniform"
24,"clip",0.3,0.5,"fugw","039 Lamp5 Gaba",TRUE,1,1,1.11022302462516e-16,1.3862769362723,3.99993030121687,4,0.999982575304218,"confident_correct","uniform"
24,"clip",0.3,0.5,"fugw","041 Pvalb chandelier Gaba",FALSE,0.169849081367014,0.660301837265971,0.455646831599035,0,4.98517523766759,1,4.98517523766759,"cross_family_failure","uniform"
24,"clip",0.3,0.5,"fugw","042 Pvalb Gaba",TRUE,0.819666175765819,0.639332351531638,0.47189930302935,1.38628969080842,4.99378466606078,8,0.624223083257597,"underconfident_correct","uniform"
24,"clip",0.3,0.5,"fugw","043 Sst Gaba",TRUE,1,1,0,1.88450730496126,6.58311017714035,14,0.470222155510025,"confident_correct","uniform"
24,"clip",0.3,0.5,"fugw","046 Sst Chodl Gaba",FALSE,0,1,0,NA,5.96453006557944,1,5.96453006557944,"cross_family_failure","uniform"
24,"clip",0.3,0.5,"fugw","287 Astro-TE NN",FALSE,0,0.191629607707316,1.06289044966395,NA,2.89472596833018,1,2.89472596833018,"cross_family_failure","uniform"
24,"clip",0.3,0.5,"fugw","294 OPC NN",FALSE,0,0.318592933543379,0.641501024921644,NA,2.99945718302152,1,2.99945718302152,"cross_family_failure","uniform"
24,"clip",0.3,0.5,"fugw","295 Oligo NN",TRUE,1,1,0,0.693147180559945,2,4,0.5,"confident_correct","uniform"
24,"clip",0.3,0.5,"fugw","299 Peri NN",FALSE,0,0,0.693147180559945,NA,2,1,2,"cross_family_failure","uniform"
24,"clip",0.3,0.5,"fugw","301 Endo NN",FALSE,0.5,0,0.693147180559945,0,2,1,2,"cross_family_failure","uniform"
24,"clip",0.3,0.5,"fugw","302 Microglia NN",FALSE,0,0.918940398498824,0.169624243598215,NA,2.30399223057765,1,2.30399223057765,"cross_family_failure","uniform"
25,"clip",0.3,0.75,"fugw","001 Car3 Glut",FALSE,0.212840884572396,0.118629889358522,1.3630662782661,0,5.48774190213874,1,5.48774190213874,"cross_family_failure","uniform"
25,"clip",0.3,0.75,"fugw","003 L5/6 IT TPE-ENT Glut",TRUE,0.334559584139661,0.00929077123548849,1.3342259021033,0.693047552873906,5.99724046413065,2,2.99862023206532,"diffuse_correct","uniform"
25,"clip",0.3,0.75,"fugw","004 L6 IT CTX Glut",TRUE,1,1,0,1.79124055136984,5.99688730053824,11,0.545171572776203,"confident_correct","uniform"
25,"clip",0.3,0.75,"fugw","005 L5 IT CTX Glut",TRUE,0.470036533250723,0.0947533258892666,1.01135158068757,0.67398646725621,4.65210115023977,4,1.16302528755994,"diffuse_correct","uniform"
25,"clip",0.3,0.75,"fugw","006 L4/5 IT CTX Glut",TRUE,1,1,0,2.19025407426251,8.93748361080634,13,0.687498739292795,"confident_correct","uniform"
25,"clip",0.3,0.75,"fugw","007 L2/3 IT CTX Glut",TRUE,0.808234632863935,0.61646926572787,0.488772663707015,1.38628070394597,4.99887426211281,4,1.2497185655282,"underconfident_correct","uniform"
25,"clip",0.3,0.75,"fugw","022 L5 ET CTX Glut",TRUE,1,1,-2.22044604925031e-16,1.79175946922805,6,6,1,"confident_correct","uniform"
25,"clip",0.3,0.75,"fugw","027 L6b CTX Glut",FALSE,0.364187953781182,0.271624092437637,0.6557897951962,0.683584085766085,4.96901228191327,2,2.48450614095663,"cross_family_failure","uniform"
25,"clip",0.3,0.75,"fugw","028 L6 CT CTX Glut",TRUE,1,1,1.11022302462516e-16,1.6094332564538,4.99997672015267,8,0.624997090019084,"confident_correct","uniform"
25,"clip",0.3,0.75,"fugw","030 L5 NP CTX Glut",TRUE,0.947975797734276,0.895951595468552,0.204432793396478,1.38628872936938,4.56583293039,4,1.1414582325975,"confident_correct","uniform"
25,"clip",0.3,0.75,"fugw","036 Vip Gaba",TRUE,1,1,0,1.74696298676633,5.73715238332177,8,0.717144047915222,"confident_correct","uniform"
25,"clip",0.3,0.75,"fugw","037 Sncg Gaba",FALSE,0.3957449873235,0.208510025353,0.671248643670133,0.693152784052387,5.73708691927237,3,1.91236230642412,"cross_family_failure","uniform"
25,"clip",0.3,0.75,"fugw","039 Lamp5 Gaba",TRUE,0.805752493174697,0.611504986349395,0.492323609391501,1.38628016735773,4.99942202363087,4,1.24985550590772,"underconfident_correct","uniform"
25,"clip",0.3,0.75,"fugw","041 Pvalb chandelier Gaba",FALSE,0.206018403346182,0.587963193307637,0.508633348874831,0,5.46431217631428,1,5.46431217631428,"cross_family_failure","uniform"
25,"clip",0.3,0.75,"fugw","042 Pvalb Gaba",TRUE,0.911982772550991,0.823965545101982,0.297926249510109,1.58936906357923,5.73967997171113,8,0.717459996463892,"confident_correct","uniform"
25,"clip",0.3,0.75,"fugw","043 Sst Gaba",TRUE,1,1,-2.22044604925031e-16,2.05766058693157,7.82763629919883,14,0.559116878514202,"confident_correct","uniform"
25,"clip",0.3,0.75,"fugw","046 Sst Chodl Gaba",FALSE,0,1,-2.22044604925031e-16,NA,5.99846082571798,1,5.99846082571798,"cross_family_failure","uniform"
25,"clip",0.3,0.75,"fugw","287 Astro-TE NN",FALSE,0.308647819057153,0.382704361885695,0.618014480979333,0,1.85524076665008,1,1.85524076665008,"cross_family_failure","uniform"
25,"clip",0.3,0.75,"fugw","294 OPC NN",FALSE,0,0.41734640106914,0.60333540662995,NA,2.69801874332019,1,2.69801874332019,"cross_family_failure","uniform"
25,"clip",0.3,0.75,"fugw","295 Oligo NN",TRUE,1,1,0,0.69314718055584,1.99999999999179,4,0.499999999997947,"confident_correct","uniform"
25,"clip",0.3,0.75,"fugw","299 Peri NN",FALSE,0,0.0519984681037938,1.07654876918156,NA,2.93453429912155,1,2.93453429912155,"cross_family_failure","uniform"
25,"clip",0.3,0.75,"fugw","301 Endo NN",FALSE,0.288739064617711,0.422521870764579,0.601018796851768,0,1.8239761152405,1,1.8239761152405,"cross_family_failure","uniform"
25,"clip",0.3,0.75,"fugw","302 Microglia NN",FALSE,0.394090811101919,0.211818377796162,0.670542828711609,0,1.95529842473571,1,1.95529842473571,"cross_family_failure","uniform"
26,"clip",0.3,0.9,"fugw","001 Car3 Glut",FALSE,0.219826465774127,0.204646703149148,1.30001962473782,0,4.92203606323782,1,4.92203606323782,"cross_family_failure","uniform"
26,"clip",0.3,0.9,"fugw","003 L5/6 IT TPE-ENT Glut",FALSE,0.316282552105003,0.0368441343043517,1.32672507544496,0.69222838426557,6.78689030053835,2,3.39344515026917,"cross_family_failure","uniform"
26,"clip",0.3,0.9,"fugw","004 L6 IT CTX Glut",TRUE,1,1,-2.22044604925031e-16,1.76870240163363,5.86324029207304,11,0.533021844733913,"confident_correct","uniform"
26,"clip",0.3,0.9,"fugw","005 L5 IT CTX Glut",TRUE,0.527832712026009,0.121616577834047,0.882530958228005,0.540208256103393,3.21449589349911,4,0.803623973374777,"underconfident_correct","uniform"
26,"clip",0.3,0.9,"fugw","006 L4/5 IT CTX Glut",TRUE,1,1,1.11022302462516e-16,2.15783051856585,8.65234617755539,13,0.665565090581184,"confident_correct","uniform"
26,"clip",0.3,0.9,"fugw","007 L2/3 IT CTX Glut",TRUE,0.81735264675478,0.634705293509561,0.475384142936117,1.38628009751736,4.99513205798167,4,1.24878301449542,"underconfident_correct","uniform"
26,"clip",0.3,0.9,"fugw","022 L5 ET CTX Glut",TRUE,1,1,-2.22044604925031e-16,1.79175946922805,6,6,1,"confident_correct","uniform"
26,"clip",0.3,0.9,"fugw","027 L6b CTX Glut",FALSE,0.397607255148516,0.204785489702969,0.672029556918081,0.693147180559945,4.99902603863854,2,2.49951301931927,"cross_family_failure","uniform"
26,"clip",0.3,0.9,"fugw","028 L6 CT CTX Glut",TRUE,1,1,0,1.60943311811452,4.99997602845957,8,0.624997003557446,"confident_correct","uniform"
26,"clip",0.3,0.9,"fugw","030 L5 NP CTX Glut",TRUE,1,1,0,1.38628821767389,3.99997542629148,4,0.99999385657287,"confident_correct","uniform"
26,"clip",0.3,0.9,"fugw","036 Vip Gaba",TRUE,1,1,0,1.74694804581061,5.7370666654224,8,0.7171333331778,"confident_correct","uniform"
26,"clip",0.3,0.9,"fugw","037 Sncg Gaba",FALSE,0.395693380627804,0.208613238744392,0.671226796791456,0.693627208317017,5.73804360082124,3,1.91268120027375,"cross_family_failure","uniform"
26,"clip",0.3,0.9,"fugw","039 Lamp5 Gaba",TRUE,0.805852162558572,0.611704325117145,0.492181783655336,1.38627974744866,4.99940205382625,4,1.24985051345656,"underconfident_correct","uniform"
26,"clip",0.3,0.9,"fugw","041 Pvalb chandelier Gaba",FALSE,0.216856106347048,0.566287787305903,0.522899941942213,0,5.15480395760269,1,5.15480395760269,"cross_family_failure","uniform"
26,"clip",0.3,0.9,"fugw","042 Pvalb Gaba",TRUE,1,1,0,1.60168653446072,4.96139293242465,8,0.620174116553081,"confident_correct","uniform"
26,"clip",0.3,0.9,"fugw","043 Sst Gaba",TRUE,1,1,2.22044604925031e-16,2.19387301547132,8.96988643514245,14,0.640706173938746,"confident_correct","uniform"
26,"clip",0.3,0.9,"fugw","046 Sst Chodl Gaba",FALSE,0.158636644175895,0.682726711648209,0.437402193572633,0,6.54888000379905,1,6.54888000379905,"cross_family_failure","uniform"
26,"clip",0.3,0.9,"fugw","287 Astro-TE NN",FALSE,0.164918855076159,0.670162289847682,0.447737186260751,0,1.56476739923747,1,1.56476739923747,"cross_family_failure","uniform"
26,"clip",0.3,0.9,"fugw","294 OPC NN",FALSE,0,1,0,NA,3.9430754387493,1,3.9430754387493,"cross_family_failure","uniform"
26,"clip",0.3,0.9,"fugw","295 Oligo NN",TRUE,1,1,0,1.3719609870354,3.9430754387493,4,0.985768859687326,"confident_correct","uniform"
26,"clip",0.3,0.9,"fugw","299 Peri NN",FALSE,0.213903241375641,0.358290192029614,0.979219747251619,0,2.66237810346576,1,2.66237810346576,"cross_family_failure","uniform"
26,"clip",0.3,0.9,"fugw","301 Endo NN",FALSE,0.5,0,0.693147180559945,0,2,1,2,"cross_family_failure","uniform"
26,"clip",0.3,0.9,"fugw","302 Microglia NN",TRUE,0.785823105471855,0.57164621094371,0.51943841630046,0,1.68108331557478,1,1.68108331557478,"underconfident_correct","uniform"
27,"clip",0.3,1,"uot_molecular","001 Car3 Glut",FALSE,0.202594864532019,0.124243911419273,1.35513499676102,0,5.60036007322391,1,5.60036007322391,"cross_family_failure","uniform"
27,"clip",0.3,1,"uot_molecular","003 L5/6 IT TPE-ENT Glut",TRUE,0.322332358971294,0.0015597333263917,1.34334792596132,0.693109145854393,6.71897422849405,2,3.35948711424702,"diffuse_correct","uniform"
27,"clip",0.3,1,"uot_molecular","004 L6 IT CTX Glut",TRUE,0.999965181609521,0.999930363219041,0.000392241266028644,1.79137247479749,5.99965725456475,11,0.545423386778613,"confident_correct","uniform"
27,"clip",0.3,1,"uot_molecular","005 L5 IT CTX Glut",TRUE,0.421782427255991,0.00653329465139335,1.02472017962534,0.685496137098657,4.94156939608964,4,1.23539234902241,"diffuse_correct","uniform"
27,"clip",0.3,1,"uot_molecular","006 L4/5 IT CTX Glut",TRUE,1,1,0,2.0697962161917,7.92320833175362,13,0.609477563981048,"confident_correct","uniform"
27,"clip",0.3,1,"uot_molecular","007 L2/3 IT CTX Glut",TRUE,0.802791095172418,0.605582190344836,0.49650871404417,1.38629436111989,4.99987785151632,4,1.24996946287908,"underconfident_correct","uniform"
27,"clip",0.3,1,"uot_molecular","022 L5 ET CTX Glut",TRUE,1,1,1.11022302462516e-16,1.79175946922805,6,6,1,"confident_correct","uniform"
27,"clip",0.3,1,"uot_molecular","027 L6b CTX Glut",FALSE,0.347770753575981,0.304449313142629,0.646167442834246,0.660468315626634,4.91548010898414,2,2.45774005449207,"cross_family_failure","uniform"
27,"clip",0.3,1,"uot_molecular","028 L6 CT CTX Glut",TRUE,1,1,0,1.60943791325366,5.00000000409778,8,0.625000000512223,"confident_correct","uniform"
27,"clip",0.3,1,"uot_molecular","030 L5 NP CTX Glut",TRUE,0.909707882909535,0.819415765819069,0.303213154953674,1.38629436095412,4.77950059564521,4,1.1948751489113,"confident_correct","uniform"
27,"clip",0.3,1,"uot_molecular","036 Vip Gaba",TRUE,0.738617244091697,0.505712659123863,0.664497215263663,1.92526357115848,10.1222478050693,8,1.26528097563366,"underconfident_correct","uniform"
27,"clip",0.3,1,"uot_molecular","037 Sncg Gaba",FALSE,0.280028955847037,0.405665461348352,0.730791765190785,0.979824677461678,9.23575286399423,3,3.07858428799807,"cross_family_failure","uniform"
27,"clip",0.3,1,"uot_molecular","039 Lamp5 Gaba",TRUE,0.83760861841699,0.67521724368698,0.443614268898949,1.37740677358,4.9405802482606,4,1.23514506206515,"underconfident_correct","uniform"
27,"clip",0.3,1,"uot_molecular","041 Pvalb chandelier Gaba",FALSE,0.166666666638464,0.666666666723072,0.450561208820914,0,6.00000002204033,1,6.00000002204033,"cross_family_failure","uniform"
27,"clip",0.3,1,"uot_molecular","042 Pvalb Gaba",TRUE,0.783338700031449,0.602094701642789,0.619145637166916,1.74857215009749,7.30774015627464,8,0.91346751953433,"underconfident_correct","uniform"
27,"clip",0.3,1,"uot_molecular","043 Sst Gaba",TRUE,1,1,-2.22044604925031e-16,1.94478194386756,6.99210701697517,14,0.499436215498226,"confident_correct","uniform"
27,"clip",0.3,1,"uot_molecular","046 Sst Chodl Gaba",FALSE,0,1,0,NA,6.40147115948144,1,6.40147115948144,"cross_family_failure","uniform"
27,"clip",0.3,1,"uot_molecular","287 Astro-TE NN",FALSE,0.137304669047746,0.410490620193891,1.21265446160507,0,3.42005516631611,1,3.42005516631611,"cross_family_failure","uniform"
27,"clip",0.3,1,"uot_molecular","294 OPC NN",FALSE,0,0.249244510940145,0.855072802636799,NA,3.73187953807788,1,3.73187953807788,"cross_family_failure","uniform"
27,"clip",0.3,1,"uot_molecular","295 Oligo NN",TRUE,1,1,-2.22044604925031e-16,1.01374297928931,2.75589699956082,4,0.688974249890205,"confident_correct","uniform"
27,"clip",0.3,1,"uot_molecular","299 Peri NN",FALSE,0.179984971086483,0.241581204777749,1.29980584258661,0,3.66858431562574,1,3.66858431562574,"cross_family_failure","uniform"
27,"clip",0.3,1,"uot_molecular","301 Endo NN",FALSE,0.321122567294765,0.0343262677761005,1.11233350299668,0,3.04144735266188,1,3.04144735266188,"cross_family_failure","uniform"
27,"clip",0.3,1,"uot_molecular","302 Microglia NN",FALSE,0.0250142873516053,0.904774193286928,0.331238769380375,0,2.59559819194923,1,2.59559819194923,"cross_family_failure","uniform"
28,"clip",1,0,"gw_only","001 Car3 Glut",FALSE,0,1,0,NA,8.99999236952796,1,8.99999236952796,"cross_family_failure","uniform"
28,"clip",1,0,"gw_only","003 L5/6 IT TPE-ENT Glut",FALSE,0,0.949442731986972,0.117930834640621,NA,5.28055491745985,2,2.64027745872993,"cross_family_failure","uniform"
28,"clip",1,0,"gw_only","004 L6 IT CTX Glut",TRUE,1,1,0,2.19722372950563,8.99999236952796,11,0.818181124502542,"confident_correct","uniform"
28,"clip",1,0,"gw_only","005 L5 IT CTX Glut",FALSE,0,1,0,NA,5.58930054632365,4,1.39732513658091,"cross_family_failure","uniform"
28,"clip",1,0,"gw_only","006 L4/5 IT CTX Glut",FALSE,0,1,0,NA,5.15875176051605,13,0.396827058501234,"cross_family_failure","uniform"
28,"clip",1,0,"gw_only","007 L2/3 IT CTX Glut",FALSE,0,1,0,NA,5.58930054632997,4,1.39732513658249,"cross_family_failure","uniform"
28,"clip",1,0,"gw_only","022 L5 ET CTX Glut",FALSE,0.349830573356053,0.102090765975406,1.04717869866129,0.69314718055991,5.00123348583582,6,0.83353891430597,"cross_family_failure","uniform"
28,"clip",1,0,"gw_only","027 L6b CTX Glut",FALSE,0,0.84752657495596,0.2694804951907,NA,8.93871746205924,2,4.46935873102962,"cross_family_failure","uniform"
28,"clip",1,0,"gw_only","028 L6 CT CTX Glut",FALSE,0,0.464655574154849,0.786697226201932,NA,4.70959624598778,8,0.588699530748473,"cross_family_failure","uniform"
28,"clip",1,0,"gw_only","030 L5 NP CTX Glut",FALSE,0,0.84752657495596,0.2694804951907,NA,8.93871746205924,4,2.23467936551481,"cross_family_failure","uniform"
28,"clip",1,0,"gw_only","036 Vip Gaba",FALSE,0,1,0,NA,5.88783126831497,8,0.735978908539371,"cross_family_failure","uniform"
28,"clip",1,0,"gw_only","037 Sncg Gaba",FALSE,0,1,1.11022302462516e-16,NA,5.97260954551523,3,1.99086984850508,"cross_family_failure","uniform"
28,"clip",1,0,"gw_only","039 Lamp5 Gaba",FALSE,0,1,0,NA,6.01540512371181,4,1.50385128092795,"cross_family_failure","uniform"
28,"clip",1,0,"gw_only","041 Pvalb chandelier Gaba",FALSE,0,0.826973106500552,0.294396118080312,NA,4.76242173086305,1,4.76242173086305,"cross_family_failure","uniform"
28,"clip",1,0,"gw_only","042 Pvalb Gaba",FALSE,0,0.44535773483853,0.590405396680007,NA,5.02635627104625,8,0.628294533880782,"cross_family_failure","uniform"
28,"clip",1,0,"gw_only","043 Sst Gaba",FALSE,0,0.823362348179425,0.298630847402754,NA,4.77068075088403,14,0.340762910777431,"cross_family_failure","uniform"
28,"clip",1,0,"gw_only","046 Sst Chodl Gaba",FALSE,0.224223512486114,0,1.57368983916553,0,4.82441671386646,1,4.82441671386646,"cross_family_failure","uniform"
28,"clip",1,0,"gw_only","287 Astro-TE NN",FALSE,0,0.154181332050253,0.681213693541282,NA,4.96522682792782,1,4.96522682792782,"cross_family_failure","uniform"
28,"clip",1,0,"gw_only","294 OPC NN",FALSE,0,0.621929030402957,0.484821381496628,NA,4.90845955510852,1,4.90845955510852,"cross_family_failure","uniform"
28,"clip",1,0,"gw_only","295 Oligo NN",FALSE,0,1,1.11022302462516e-16,NA,4.79363829528672,4,1.19840957382168,"cross_family_failure","uniform"
28,"clip",1,0,"gw_only","299 Peri NN",FALSE,0,0.462385395737531,0.582068943899791,NA,5.593530813972,1,5.593530813972,"cross_family_failure","uniform"
28,"clip",1,0,"gw_only","301 Endo NN",FALSE,0,1,1.11022302462516e-16,NA,5.39484567719918,1,5.39484567719918,"cross_family_failure","uniform"
28,"clip",1,0,"gw_only","302 Microglia NN",FALSE,0,0.764476551901015,0.362441533133333,NA,4.88164918697696,1,4.88164918697696,"cross_family_failure","uniform"
29,"clip",1,0.1,"fugw","001 Car3 Glut",FALSE,0,0.507737158869205,0.558045028140632,NA,5.36641252295216,1,5.36641252295216,"cross_family_failure","uniform"
29,"clip",1,0.1,"fugw","003 L5/6 IT TPE-ENT Glut",FALSE,0,0.428519681061873,0.894399546825262,NA,4.94977491060978,2,2.47488745530489,"cross_family_failure","uniform"
29,"clip",1,0.1,"fugw","004 L6 IT CTX Glut",TRUE,1,1,0,1.60698409553756,4.9877459562558,11,0.453431450568709,"confident_correct","uniform"
29,"clip",1,0.1,"fugw","005 L5 IT CTX Glut",FALSE,0,0.147381152805978,0.682246915259879,NA,4.95685772563316,4,1.23921443140829,"cross_family_failure","uniform"
29,"clip",1,0.1,"fugw","006 L4/5 IT CTX Glut",TRUE,1,1,0,1.77951567868366,5.92698515808725,13,0.45592193523748,"confident_correct","uniform"
29,"clip",1,0.1,"fugw","007 L2/3 IT CTX Glut",TRUE,0.84671673420841,0.69343346841682,0.42836222141178,1.38629317450632,4.96374179652565,4,1.24093544913141,"underconfident_correct","uniform"
29,"clip",1,0.1,"fugw","022 L5 ET CTX Glut",TRUE,1,1,0,1.71961796760779,5.58239540098305,6,0.930399233497176,"confident_correct","uniform"
29,"clip",1,0.1,"fugw","027 L6b CTX Glut",FALSE,0.221182809763638,0.557634380472725,0.528400932750889,0,4.84611210482463,2,2.42305605241232,"cross_family_failure","uniform"
29,"clip",1,0.1,"fugw","028 L6 CT CTX Glut",TRUE,1,1,0,1.58332807906053,4.8711404048777,8,0.608892550609712,"confident_correct","uniform"
29,"clip",1,0.1,"fugw","030 L5 NP CTX Glut",TRUE,0.900144497483838,0.800288994967677,0.324765363921547,1.38629393366951,4.81930737791675,4,1.20482684447919,"confident_correct","uniform"
29,"clip",1,0.1,"fugw","036 Vip Gaba",TRUE,1,1,1.11022302462516e-16,1.54843157052179,4.70408636588221,8,0.588010795735276,"confident_correct","uniform"
29,"clip",1,0.1,"fugw","037 Sncg Gaba",FALSE,0.153300308698865,0.69339938260227,0.428391347960669,0,4.91053316477868,3,1.63684438825956,"cross_family_failure","uniform"
29,"clip",1,0.1,"fugw","039 Lamp5 Gaba",TRUE,0.926796234447059,0.853592468894117,0.261848346935566,1.38629304006776,4.69575785129652,4,1.17393946282413,"confident_correct","uniform"
29,"clip",1,0.1,"fugw","041 Pvalb chandelier Gaba",FALSE,0,0.810112191779059,0.313829388536573,NA,4.79945513426002,1,4.79945513426002,"cross_family_failure","uniform"
29,"clip",1,0.1,"fugw","042 Pvalb Gaba",FALSE,0,1,-2.22044604925031e-16,NA,5.08548222098911,8,0.635685277623639,"cross_family_failure","uniform"
29,"clip",1,0.1,"fugw","043 Sst Gaba",TRUE,1,1,0,1.58586598684445,4.88351861075636,14,0.348822757911169,"confident_correct","uniform"
29,"clip",1,0.1,"fugw","046 Sst Chodl Gaba",FALSE,0,1,1.11022302462516e-16,NA,4.86384607530025,1,4.86384607530025,"cross_family_failure","uniform"
29,"clip",1,0.1,"fugw","287 Astro-TE NN",FALSE,0.244956863336532,0,1.45302929703925,0,4.2760483356489,1,4.2760483356489,"cross_family_failure","uniform"
29,"clip",1,0.1,"fugw","294 OPC NN",FALSE,0,0.234806432481806,1.25391282832184,NA,4.8603165076796,1,4.8603165076796,"cross_family_failure","uniform"
29,"clip",1,0.1,"fugw","295 Oligo NN",TRUE,0.999998402651444,0.999996805302888,2.2917422748911e-05,1.38629388761127,4.00008091889682,4,1.0000202297242,"confident_correct","uniform"
29,"clip",1,0.1,"fugw","299 Peri NN",FALSE,0,0.883379620520862,0.222292433868743,NA,4.60758886610802,1,4.60758886610802,"cross_family_failure","uniform"
29,"clip",1,0.1,"fugw","301 Endo NN",FALSE,0,0.865839844056251,0.246019672182524,NA,4.66142410552243,1,4.66142410552243,"cross_family_failure","uniform"
29,"clip",1,0.1,"fugw","302 Microglia NN",FALSE,0.235747333214729,0.214932043284387,1.24982273030711,0,4.76934113759935,1,4.76934113759935,"cross_family_failure","uniform"
30,"clip",1,0.25,"fugw","001 Car3 Glut",FALSE,0.210210227549378,0.424821025134885,0.904971721005926,0,5.03076997520003,1,5.03076997520003,"cross_family_failure","uniform"
30,"clip",1,0.25,"fugw","003 L5/6 IT TPE-ENT Glut",TRUE,0.4080207869626,0.204635181015249,1.42936720799467,0.693147080550782,5.54105893104601,2,2.770529465523,"diffuse_correct","uniform"
30,"clip",1,0.25,"fugw","004 L6 IT CTX Glut",TRUE,1,1,-2.22044604925031e-16,1.60941222242016,4.99987155158021,11,0.454533777416383,"confident_correct","uniform"
30,"clip",1,0.25,"fugw","005 L5 IT CTX Glut",TRUE,0.420590403867925,0.0479491552472077,1.05801956474732,0.693135594996855,4.97340401399648,4,1.24335100349912,"diffuse_correct","uniform"
30,"clip",1,0.25,"fugw","006 L4/5 IT CTX Glut",TRUE,1,1,0,1.76354278636487,5.83306613839007,13,0.448697395260775,"confident_correct","uniform"
30,"clip",1,0.25,"fugw","007 L2/3 IT CTX Glut",TRUE,0.814509596953604,0.629019193907208,0.479617527536804,1.3862932093643,4.9966448178363,4,1.24916120445907,"underconfident_correct","uniform"
30,"clip",1,0.25,"fugw","022 L5 ET CTX Glut",TRUE,1,1,0,1.73497693400636,5.66879704586036,6,0.944799507643393,"confident_correct","uniform"
30,"clip",1,0.25,"fugw","027 L6b CTX Glut",FALSE,0.257140639625597,0.485718720748805,0.57004481798653,0.420263695021753,5.25415357234612,2,2.62707678617306,"cross_family_failure","uniform"
30,"clip",1,0.25,"fugw","028 L6 CT CTX Glut",TRUE,1,1,-2.22044604925031e-16,1.59619346992118,4.93421439590827,8,0.616776799488533,"confident_correct","uniform"
30,"clip",1,0.25,"fugw","030 L5 NP CTX Glut",TRUE,0.886117403667322,0.772234807334643,0.354556630983527,1.38629393644994,4.86942477776814,4,1.21735619444204,"underconfident_correct","uniform"
30,"clip",1,0.25,"fugw","036 Vip Gaba",TRUE,1,1,1.11022302462516e-16,1.48853615558392,4.43060505317964,8,0.553825631647455,"confident_correct","uniform"
30,"clip",1,0.25,"fugw","037 Sncg Gaba",TRUE,0.735814847528639,0.471629695057278,0.577389093478166,1.09861228866811,4.30258871632734,3,1.43419623877578,"underconfident_correct","uniform"
30,"clip",1,0.25,"fugw","039 Lamp5 Gaba",TRUE,0.997138586096694,0.994277172193387,0.0196150132842024,1.38629292430157,4.06307948415974,4,1.01576987103994,"confident_correct","uniform"
30,"clip",1,0.25,"fugw","041 Pvalb chandelier Gaba",FALSE,0,1,0,NA,4.67122608277799,1,4.67122608277799,"cross_family_failure","uniform"
30,"clip",1,0.25,"fugw","042 Pvalb Gaba",TRUE,0.858023411579921,0.716046823159841,0.408535404980164,1.37586841104946,4.89915486109873,8,0.612394357637341,"underconfident_correct","uniform"
30,"clip",1,0.25,"fugw","043 Sst Gaba",TRUE,1,1,-2.22044604925031e-16,1.65521258773236,5.23419252903107,14,0.373870894930791,"confident_correct","uniform"
30,"clip",1,0.25,"fugw","046 Sst Chodl Gaba",FALSE,0,1,2.22044604925031e-16,NA,4.89137671049845,1,4.89137671049845,"cross_family_failure","uniform"
30,"clip",1,0.25,"fugw","287 Astro-TE NN",FALSE,0.249590497687761,0,1.38628958961377,0,3.99998091402104,1,3.99998091402104,"cross_family_failure","uniform"
30,"clip",1,0.25,"fugw","294 OPC NN",FALSE,0,0.433233201515286,0.795602788999794,NA,4.65501235575678,1,4.65501235575678,"cross_family_failure","uniform"
30,"clip",1,0.25,"fugw","295 Oligo NN",TRUE,1,1,0,1.3862938830256,3.99999808762329,4,0.999999521905824,"confident_correct","uniform"
30,"clip",1,0.25,"fugw","299 Peri NN",FALSE,0,0.542532539118889,0.537741761024361,NA,4.77799678130478,1,4.77799678130478,"cross_family_failure","uniform"
30,"clip",1,0.25,"fugw","301 Endo NN",FALSE,0,1,1.11022302462516e-16,NA,4.82056362340769,1,4.82056362340769,"cross_family_failure","uniform"
30,"clip",1,0.25,"fugw","302 Microglia NN",TRUE,0.258769309664934,0.012464508277457,1.48307046053324,0,4.40645477621532,1,4.40645477621532,"diffuse_correct","uniform"
31,"clip",1,0.5,"fugw","001 Car3 Glut",FALSE,0.192995463797088,0.244757229388049,1.30213634583344,0,5.67691789534365,1,5.67691789534365,"cross_family_failure","uniform"
31,"clip",1,0.5,"fugw","003 L5/6 IT TPE-ENT Glut",TRUE,0.367324515004387,0.102001391127959,1.34241987246059,0.693146271395881,5.82360104580416,2,2.91180052290208,"diffuse_correct","uniform"
31,"clip",1,0.5,"fugw","004 L6 IT CTX Glut",TRUE,1,1,2.22044604925031e-16,1.77299459081349,5.88846051487821,11,0.535314592261655,"confident_correct","uniform"
31,"clip",1,0.5,"fugw","005 L5 IT CTX Glut",TRUE,0.412069875938416,0.0132141297591756,1.04686115709387,0.842266572985911,5.31422282742211,4,1.32855570685553,"diffuse_correct","uniform"
31,"clip",1,0.5,"fugw","006 L4/5 IT CTX Glut",TRUE,1,1,1.11022302462516e-16,1.78311247009553,5.94834167184081,13,0.457564743987755,"confident_correct","uniform"
31,"clip",1,0.5,"fugw","007 L2/3 IT CTX Glut",TRUE,0.798335208210927,0.601840515406813,0.526746693420721,1.3862932147483,5.12163321585904,4,1.28040830396476,"underconfident_correct","uniform"
31,"clip",1,0.5,"fugw","022 L5 ET CTX Glut",TRUE,1,1,-2.22044604925031e-16,1.79175946922805,6,6,1,"confident_correct","uniform"
31,"clip",1,0.5,"fugw","027 L6b CTX Glut",FALSE,0.313099477611942,0.373801044776116,0.621558201022151,0.618675120419492,5.28810823261555,2,2.64405411630777,"cross_family_failure","uniform"
31,"clip",1,0.5,"fugw","028 L6 CT CTX Glut",TRUE,1,1,0,1.60736430481991,4.9896427041241,8,0.623705338015513,"confident_correct","uniform"
31,"clip",1,0.5,"fugw","030 L5 NP CTX Glut",TRUE,0.880697852401548,0.761395704803095,0.3655322593639,1.38629393280816,4.88631455101535,4,1.22157863775384,"underconfident_correct","uniform"
31,"clip",1,0.5,"fugw","036 Vip Gaba",TRUE,1,1,-2.22044604925031e-16,1.47553519538892,4.37337575723878,8,0.546671969654848,"confident_correct","uniform"
31,"clip",1,0.5,"fugw","037 Sncg Gaba",TRUE,0.741005886337034,0.482011772674067,0.572002160011296,1.09861228866811,4.22598499558051,3,1.4086616651935,"underconfident_correct","uniform"
31,"clip",1,0.5,"fugw","039 Lamp5 Gaba",TRUE,1,1,0,1.38629289831668,3.99999414879142,4,0.999998537197856,"confident_correct","uniform"
31,"clip",1,0.5,"fugw","041 Pvalb chandelier Gaba",FALSE,0,1,-2.22044604925031e-16,NA,4.47652633260616,1,4.47652633260616,"cross_family_failure","uniform"
31,"clip",1,0.5,"fugw","042 Pvalb Gaba",TRUE,0.713320152576594,0.426640305153187,0.599152041212861,1.09861188033424,4.60301760134182,8,0.575377200167727,"underconfident_correct","uniform"
31,"clip",1,0.5,"fugw","043 Sst Gaba",TRUE,1,1,0,1.59090977293699,4.90821225639112,14,0.350586589742223,"confident_correct","uniform"
31,"clip",1,0.5,"fugw","046 Sst Chodl Gaba",FALSE,0,1,2.22044604925031e-16,NA,4.76334539912255,1,4.76334539912255,"cross_family_failure","uniform"
31,"clip",1,0.5,"fugw","287 Astro-TE NN",FALSE,0,0.395412383940531,0.612795331331163,NA,4.13152193834167,1,4.13152193834167,"cross_family_failure","uniform"
31,"clip",1,0.5,"fugw","294 OPC NN",FALSE,0,0.47648513123515,0.574887123472853,NA,3.9849426805207,1,3.9849426805207,"cross_family_failure","uniform"
31,"clip",1,0.5,"fugw","295 Oligo NN",TRUE,1,1,0,1.30189741900216,3.67626547011935,4,0.919066367529837,"confident_correct","uniform"
31,"clip",1,0.5,"fugw","299 Peri NN",FALSE,0,0.0326513521354809,1.3703176047414,NA,4.37830379232953,1,4.37830379232953,"cross_family_failure","uniform"
31,"clip",1,0.5,"fugw","301 Endo NN",FALSE,0.311012570385638,0,1.32619300746733,0,3.7666763485837,1,3.7666763485837,"cross_family_failure","uniform"
31,"clip",1,0.5,"fugw","302 Microglia NN",FALSE,0,0.0331832828490943,1.46919795184815,NA,4.34574824357264,1,4.34574824357264,"cross_family_failure","uniform"
32,"clip",1,0.75,"fugw","001 Car3 Glut",FALSE,0.180493344511539,0.326285441553687,1.22870460130843,0,5.96646486679598,1,5.96646486679598,"cross_family_failure","uniform"
32,"clip",1,0.75,"fugw","003 L5/6 IT TPE-ENT Glut",TRUE,0.327901711692637,0.00271050524269673,1.33818606654355,0.693138834900001,6.34735822058622,2,3.17367911029311,"diffuse_correct","uniform"
32,"clip",1,0.75,"fugw","004 L6 IT CTX Glut",TRUE,1,1,0,1.79171596319666,5.99973896948986,11,0.545430815408169,"confident_correct","uniform"
32,"clip",1,0.75,"fugw","005 L5 IT CTX Glut",TRUE,0.434462631841328,0.0388701820772032,1.03023875504399,0.976656707013328,5.63308762776599,4,1.4082719069415,"diffuse_correct","uniform"
32,"clip",1,0.75,"fugw","006 L4/5 IT CTX Glut",TRUE,1,1,0,1.94350270265486,6.98316814422162,13,0.53716678032474,"confident_correct","uniform"
32,"clip",1,0.75,"fugw","007 L2/3 IT CTX Glut",TRUE,0.798417945297376,0.596835890594753,0.502587810899726,1.38629318643458,5.11554308826119,4,1.2788857720653,"underconfident_correct","uniform"
32,"clip",1,0.75,"fugw","022 L5 ET CTX Glut",TRUE,1,1,-2.22044604925031e-16,1.79175946922805,6,6,1,"confident_correct","uniform"
32,"clip",1,0.75,"fugw","027 L6b CTX Glut",FALSE,0.340690893713643,0.318618212572714,0.641492680456295,0.653091475593321,4.89550383887666,2,2.44775191943833,"cross_family_failure","uniform"
32,"clip",1,0.75,"fugw","028 L6 CT CTX Glut",TRUE,1,1,0,1.60943752715891,4.99999807362444,8,0.624999759203055,"confident_correct","uniform"
32,"clip",1,0.75,"fugw","030 L5 NP CTX Glut",TRUE,0.903465552825164,0.806931105650329,0.31740095559472,1.38629391108741,4.80602217031749,4,1.20150554257937,"confident_correct","uniform"
32,"clip",1,0.75,"fugw","036 Vip Gaba",TRUE,1,1,1.11022302462516e-16,1.58546544703581,4.88156295883087,8,0.610195369853859,"confident_correct","uniform"
32,"clip",1,0.75,"fugw","037 Sncg Gaba",TRUE,0.644089720772944,0.288179441545888,0.651028758028459,1.09330404810256,5.60345021768276,3,1.86781673922759,"underconfident_correct","uniform"
32,"clip",1,0.75,"fugw","039 Lamp5 Gaba",TRUE,0.98204100206314,0.964082004126281,0.0899858986927765,1.38629289149664,4.26901174503975,4,1.06725293625994,"confident_correct","uniform"
32,"clip",1,0.75,"fugw","041 Pvalb chandelier Gaba",FALSE,0.222084475315678,0.555831049368645,0.529533579936327,0,4.83400869734485,1,4.83400869734485,"cross_family_failure","uniform"
32,"clip",1,0.75,"fugw","042 Pvalb Gaba",TRUE,0.791434905657692,0.582869811315383,0.512049311820382,1.35716240284993,4.88493026510689,8,0.610616283138361,"underconfident_correct","uniform"
32,"clip",1,0.75,"fugw","043 Sst Gaba",TRUE,1,1,1.11022302462516e-16,1.72095488866179,5.58986361401966,14,0.399275972429976,"confident_correct","uniform"
32,"clip",1,0.75,"fugw","046 Sst Chodl Gaba",FALSE,0,1,0,NA,5,1,5,"cross_family_failure","uniform"
32,"clip",1,0.75,"fugw","287 Astro-TE NN",FALSE,0,0.0744592205742721,0.895541652660055,NA,3.45024020753035,1,3.45024020753035,"cross_family_failure","uniform"
32,"clip",1,0.75,"fugw","294 OPC NN",FALSE,0,0.380303361935274,0.618979247771014,NA,3.5725134867682,1,3.5725134867682,"cross_family_failure","uniform"
32,"clip",1,0.75,"fugw","295 Oligo NN",TRUE,1,1,0,1.04948460592137,2.85617868107338,4,0.714044670268345,"confident_correct","uniform"
32,"clip",1,0.75,"fugw","299 Peri NN",FALSE,1.35875482065137e-06,0.122029740771147,1.19240040139986,0,3.29498099925736,1,3.29498099925736,"cross_family_failure","uniform"
32,"clip",1,0.75,"fugw","301 Endo NN",FALSE,0.262998783718807,0.145405536944034,1.07258223696372,0,2.92291742885586,1,2.92291742885586,"cross_family_failure","uniform"
32,"clip",1,0.75,"fugw","302 Microglia NN",FALSE,0.368286030714978,0.263427938570044,0.658037172025779,0,2.89114352944733,1,2.89114352944733,"cross_family_failure","uniform"
33,"clip",1,0.9,"fugw","001 Car3 Glut",FALSE,0.208006795958803,0.0179463308215091,1.37191594353821,0,5.67634688371258,1,5.67634688371258,"cross_family_failure","uniform"
33,"clip",1,0.9,"fugw","003 L5/6 IT TPE-ENT Glut",FALSE,0.329457273523614,0.00725452354207073,1.32996571134659,0.693069667536201,6.35842825971665,2,3.17921412985832,"cross_family_failure","uniform"
33,"clip",1,0.9,"fugw","004 L6 IT CTX Glut",TRUE,1,1,1.11022302462516e-16,1.79038700082417,5.99177083800087,11,0.544706439818261,"confident_correct","uniform"
33,"clip",1,0.9,"fugw","005 L5 IT CTX Glut",TRUE,0.443156404076851,0.0397698785466755,1.01450347393328,0.678088794425005,4.84254435058064,4,1.21063608764516,"diffuse_correct","uniform"
33,"clip",1,0.9,"fugw","006 L4/5 IT CTX Glut",TRUE,1,1,0,2.15577933772655,8.63461684011567,13,0.664201295393513,"confident_correct","uniform"
33,"clip",1,0.9,"fugw","007 L2/3 IT CTX Glut",TRUE,0.805039196404566,0.610078392809132,0.493336752509556,1.38629314217788,4.99959580251593,4,1.24989895062898,"underconfident_correct","uniform"
33,"clip",1,0.9,"fugw","022 L5 ET CTX Glut",TRUE,1,1,1.11022302462516e-16,1.79175946922805,6,6,1,"confident_correct","uniform"
33,"clip",1,0.9,"fugw","027 L6b CTX Glut",FALSE,0.355133385703573,0.289733228592854,0.650566619478713,0.671786379023728,4.94107061522469,2,2.47053530761235,"cross_family_failure","uniform"
33,"clip",1,0.9,"fugw","028 L6 CT CTX Glut",TRUE,1,1,0,1.60943751607552,4.99999801820748,8,0.624999752275935,"confident_correct","uniform"
33,"clip",1,0.9,"fugw","030 L5 NP CTX Glut",TRUE,0.924735131914356,0.849470263828712,0.267049387772717,1.38629388701282,4.70678012154972,4,1.17669503038743,"confident_correct","uniform"
33,"clip",1,0.9,"fugw","036 Vip Gaba",TRUE,1,1,0,1.74780735551912,5.741998701276,8,0.7177498376595,"confident_correct","uniform"
33,"clip",1,0.9,"fugw","037 Sncg Gaba",FALSE,0.398814621306377,0.202370757387245,0.672528109003023,0.693151931232976,5.74131165150474,3,1.91377055050158,"cross_family_failure","uniform"
33,"clip",1,0.9,"fugw","039 Lamp5 Gaba",TRUE,0.801691121398954,0.603382242797908,0.4980490753384,1.38629313157682,4.99995029097604,4,1.24998757274401,"underconfident_correct","uniform"
33,"clip",1,0.9,"fugw","041 Pvalb chandelier Gaba",FALSE,0.201061848665621,0.597876302668758,0.501870939510994,0,5.68708758600482,1,5.68708758600482,"cross_family_failure","uniform"
33,"clip",1,0.9,"fugw","042 Pvalb Gaba",TRUE,0.829052427402168,0.658104854804336,0.457385532895857,1.56879043500665,5.80079542925085,8,0.725099428656357,"underconfident_correct","uniform"
33,"clip",1,0.9,"fugw","043 Sst Gaba",TRUE,1,1,2.22044604925031e-16,1.94591010028239,6.99999965858955,14,0.499999975613539,"confident_correct","uniform"
33,"clip",1,0.9,"fugw","046 Sst Chodl Gaba",FALSE,0,1,0,NA,5.9993323633007,1,5.9993323633007,"cross_family_failure","uniform"
33,"clip",1,0.9,"fugw","287 Astro-TE NN",FALSE,0.327798160974111,0.344403678051778,0.632608350198942,0,1.88251443790235,1,1.88251443790235,"cross_family_failure","uniform"
33,"clip",1,0.9,"fugw","294 OPC NN",FALSE,0,0.37863857114406,0.619644234461924,NA,2.5552251234419,1,2.5552251234419,"cross_family_failure","uniform"
33,"clip",1,0.9,"fugw","295 Oligo NN",TRUE,1,1,0,0.686187355999794,1.98612867785685,4,0.496532169464212,"confident_correct","uniform"
33,"clip",1,0.9,"fugw","299 Peri NN",FALSE,0,0.0143919365789159,1.09734018626689,NA,2.99618611913415,1,2.99618611913415,"cross_family_failure","uniform"
33,"clip",1,0.9,"fugw","301 Endo NN",FALSE,0.322475054268664,0.355049891462673,0.628721026754846,0,1.87521070058609,1,1.87521070058609,"cross_family_failure","uniform"
33,"clip",1,0.9,"fugw","302 Microglia NN",FALSE,0.351935988761917,0.296128022476165,0.64863686148578,0,1.91293146040378,1,1.91293146040378,"cross_family_failure","uniform"
34,"clip",1,1,"uot_molecular","001 Car3 Glut",FALSE,0.183371263464723,0.279478687634454,1.27850969970476,0,5.98931593144771,1,5.98931593144771,"cross_family_failure","uniform"
34,"clip",1,1,"uot_molecular","003 L5/6 IT TPE-ENT Glut",FALSE,0.311401908052972,0.0444818731357854,1.32774759065775,0.69123078237851,6.52680289495052,2,3.26340144747526,"cross_family_failure","uniform"
34,"clip",1,1,"uot_molecular","004 L6 IT CTX Glut",TRUE,0.979686964151078,0.959373928326357,0.0992549059671323,1.80782603931641,6.49062293634473,11,0.590056630576793,"confident_correct","uniform"
34,"clip",1,1,"uot_molecular","005 L5 IT CTX Glut",TRUE,0.396642521965554,0.0100338729249115,1.06560622450646,0.837353904393031,5.93387744053974,4,1.48346936013494,"diffuse_correct","uniform"
34,"clip",1,1,"uot_molecular","006 L4/5 IT CTX Glut",TRUE,1,1,0,1.97012717917054,7.17158850702828,13,0.551660654386791,"confident_correct","uniform"
34,"clip",1,1,"uot_molecular","007 L2/3 IT CTX Glut",TRUE,0.769152903463199,0.543461145420045,0.564994381367638,1.38629436111989,5.62970899392102,4,1.40742724848026,"underconfident_correct","uniform"
34,"clip",1,1,"uot_molecular","022 L5 ET CTX Glut",TRUE,1,1,0,1.79139824537928,5.99783304830826,6,0.99963884138471,"confident_correct","uniform"
34,"clip",1,1,"uot_molecular","027 L6b CTX Glut",FALSE,0.312616899873504,0.367739614781247,0.660373244703386,0.613352538133873,5.45591196499247,2,2.72795598249624,"cross_family_failure","uniform"
34,"clip",1,1,"uot_molecular","028 L6 CT CTX Glut",TRUE,0.986942798123128,0.973885596246256,0.0696191492419438,1.60870452022546,5.24522848004663,8,0.655653560005829,"confident_correct","uniform"
34,"clip",1,1,"uot_molecular","030 L5 NP CTX Glut",TRUE,0.875570962280897,0.751141925659357,0.375657649186738,1.38619503599513,4.91143984647558,4,1.22785996161889,"underconfident_correct","uniform"
34,"clip",1,1,"uot_molecular","036 Vip Gaba",TRUE,0.729938018081544,0.51292433074976,0.717120030345729,1.7896670030125,9.37341074594113,8,1.17167634324264,"underconfident_correct","uniform"
34,"clip",1,1,"uot_molecular","037 Sncg Gaba",FALSE,0.222065621569553,0.488978393808911,0.757559891249133,0.985995673156649,9.83332575263049,3,3.27777525087683,"cross_family_failure","uniform"
34,"clip",1,1,"uot_molecular","039 Lamp5 Gaba",TRUE,0.860977351235349,0.723793047288744,0.41417527080771,1.35616779646802,4.95306042531307,4,1.23826510632827,"underconfident_correct","uniform"
34,"clip",1,1,"uot_molecular","041 Pvalb chandelier Gaba",FALSE,0.199396733618225,0.601206444576755,0.49956648167795,0,5.17476238354719,1,5.17476238354719,"cross_family_failure","uniform"
34,"clip",1,1,"uot_molecular","042 Pvalb Gaba",TRUE,0.683704562769847,0.406166482505633,0.741690334129922,1.64333981747871,7.62286405419575,8,0.952858006774469,"underconfident_correct","uniform"
34,"clip",1,1,"uot_molecular","043 Sst Gaba",TRUE,1,1,1.11022302462516e-16,1.81509492508279,6.14165914727829,14,0.438689939091306,"confident_correct","uniform"
34,"clip",1,1,"uot_molecular","046 Sst Chodl Gaba",FALSE,0,1,1.11022302462516e-16,NA,5.19737060702846,1,5.19737060702846,"cross_family_failure","uniform"
34,"clip",1,1,"uot_molecular","287 Astro-TE NN",FALSE,0.00785082379291665,0.0727456717881192,1.19126840824338,0,4.52811729620066,1,4.52811729620066,"cross_family_failure","uniform"
34,"clip",1,1,"uot_molecular","294 OPC NN",FALSE,2.14909712684671e-08,0.351465947412346,0.866950529794285,0,4.48970521176836,1,4.48970521176836,"cross_family_failure","uniform"
34,"clip",1,1,"uot_molecular","295 Oligo NN",TRUE,0.918008136352858,0.836359555384621,0.286199141134639,1.11821363271592,3.71635726112252,4,0.92908931528063,"confident_correct","uniform"
34,"clip",1,1,"uot_molecular","299 Peri NN",FALSE,0.137740826654419,0.00677739751147399,1.56714682824492,0,5.03124609317604,1,5.03124609317604,"cross_family_failure","uniform"
34,"clip",1,1,"uot_molecular","301 Endo NN",FALSE,0.18147232734446,0.11786870987759,1.7387640756914,0,6.43610173016205,1,6.43610173016205,"cross_family_failure","uniform"
34,"clip",1,1,"uot_molecular","302 Microglia NN",FALSE,0.0339853643799326,0.258733446763505,1.58640233317706,0,6.74494491139045,1,6.74494491139045,"cross_family_failure","uniform"
35,"clip",3,0,"gw_only","001 Car3 Glut",FALSE,0,1,3.33066907387547e-16,NA,9,1,9,"cross_family_failure","uniform"
35,"clip",3,0,"gw_only","003 L5/6 IT TPE-ENT Glut",FALSE,0,1,1.11022302462516e-16,NA,4.82356405150729,2,2.41178202575365,"cross_family_failure","uniform"
35,"clip",3,0,"gw_only","004 L6 IT CTX Glut",FALSE,0,1,3.33066907387547e-16,NA,9,11,0.818181818181818,"cross_family_failure","uniform"
35,"clip",3,0,"gw_only","005 L5 IT CTX Glut",FALSE,0,0.121716130565514,1.03170209956786,NA,5.22888550555852,4,1.30722137638963,"cross_family_failure","uniform"
35,"clip",3,0,"gw_only","006 L4/5 IT CTX Glut",FALSE,0,1,0,NA,4.8324893239747,13,0.371729947998054,"cross_family_failure","uniform"
35,"clip",3,0,"gw_only","007 L2/3 IT CTX Glut",FALSE,0,1,0,NA,4.83218966056936,4,1.20804741514234,"cross_family_failure","uniform"
35,"clip",3,0,"gw_only","022 L5 ET CTX Glut",FALSE,0,0.890481247258489,0.287158872744895,NA,5.64584292693052,6,0.940973821155086,"cross_family_failure","uniform"
35,"clip",3,0,"gw_only","027 L6b CTX Glut",FALSE,0,1,-2.22044604925031e-16,NA,9.47776567862344,2,4.73888283931172,"cross_family_failure","uniform"
35,"clip",3,0,"gw_only","028 L6 CT CTX Glut",FALSE,0,1,0,NA,4.91160268238816,8,0.61395033529852,"cross_family_failure","uniform"
35,"clip",3,0,"gw_only","030 L5 NP CTX Glut",FALSE,0,1,-2.22044604925031e-16,NA,9.47776567862344,4,2.36944141965586,"cross_family_failure","uniform"
35,"clip",3,0,"gw_only","036 Vip Gaba",FALSE,0,0.799988436716384,0.325095676771222,NA,4.81989653346921,8,0.602487066683651,"cross_family_failure","uniform"
35,"clip",3,0,"gw_only","037 Sncg Gaba",TRUE,0.675744917427031,0.451221154189532,0.830147070322842,1.09861228866811,4.81881834136416,3,1.60627278045472,"underconfident_correct","uniform"
35,"clip",3,0,"gw_only","039 Lamp5 Gaba",FALSE,0,0.798866512915482,0.326326454784779,NA,4.82208142044268,4,1.20552035511067,"cross_family_failure","uniform"
35,"clip",3,0,"gw_only","041 Pvalb chandelier Gaba",FALSE,0.205934852910857,0.588130294178285,0.508520610078538,0,4.8890087763532,1,4.8890087763532,"cross_family_failure","uniform"
35,"clip",3,0,"gw_only","042 Pvalb Gaba",FALSE,0,0.479849124630268,0.809223484552556,NA,5.32474431283757,8,0.665593039104696,"cross_family_failure","uniform"
35,"clip",3,0,"gw_only","043 Sst Gaba",FALSE,0,1,0,NA,4.83059674725294,14,0.345042624803781,"cross_family_failure","uniform"
35,"clip",3,0,"gw_only","046 Sst Chodl Gaba",FALSE,0,0.77354734640301,0.353208037452205,NA,4.86729012328486,1,4.86729012328486,"cross_family_failure","uniform"
35,"clip",3,0,"gw_only","287 Astro-TE NN",FALSE,0,0.76932183662546,0.357534402930604,NA,4.87409674851868,1,4.87409674851868,"cross_family_failure","uniform"
35,"clip",3,0,"gw_only","294 OPC NN",FALSE,0,0.548111092974096,0.534329350394552,NA,4.97658088420761,1,4.97658088420761,"cross_family_failure","uniform"
35,"clip",3,0,"gw_only","295 Oligo NN",FALSE,0,1,-2.22044604925031e-16,NA,4.86446603330806,4,1.21611650832702,"cross_family_failure","uniform"
35,"clip",3,0,"gw_only","299 Peri NN",FALSE,0,0.61026421958221,0.493204965233694,NA,4.90297311850157,1,4.90297311850157,"cross_family_failure","uniform"
35,"clip",3,0,"gw_only","301 Endo NN",FALSE,0,1,0,NA,4.80860865719112,1,4.80860865719112,"cross_family_failure","uniform"
35,"clip",3,0,"gw_only","302 Microglia NN",FALSE,0,0,1.73220804529669,NA,5.65312248828977,1,5.65312248828977,"cross_family_failure","uniform"
36,"clip",3,0.1,"fugw","001 Car3 Glut",FALSE,0,0.32134576516807,0.640588149583019,NA,4.88690634517814,1,4.88690634517814,"cross_family_failure","uniform"
36,"clip",3,0.1,"fugw","003 L5/6 IT TPE-ENT Glut",FALSE,0,0.560534924876229,0.526569234717962,NA,4.88847093835029,2,2.44423546917514,"cross_family_failure","uniform"
36,"clip",3,0.1,"fugw","004 L6 IT CTX Glut",TRUE,1,1,1.11022302462516e-16,1.64466068735031,5.179252222968,11,0.470841111178909,"confident_correct","uniform"
36,"clip",3,0.1,"fugw","005 L5 IT CTX Glut",FALSE,0,0.401650864460675,0.610163292006292,NA,5.26722230923562,4,1.31680557730891,"cross_family_failure","uniform"
36,"clip",3,0.1,"fugw","006 L4/5 IT CTX Glut",TRUE,1,1,-2.22044604925031e-16,1.58820446320522,4.89495196669103,13,0.376534766668541,"confident_correct","uniform"
36,"clip",3,0.1,"fugw","007 L2/3 IT CTX Glut",TRUE,0.72203630954897,0.44407261909794,0.59101980183154,1.29253687984275,5.28905578893595,4,1.32226394723399,"underconfident_correct","uniform"
36,"clip",3,0.1,"fugw","022 L5 ET CTX Glut",TRUE,1,1,0,1.58597270510345,4.88403979916993,6,0.814006633194988,"confident_correct","uniform"
36,"clip",3,0.1,"fugw","027 L6b CTX Glut",FALSE,0.210582748682326,0.578834502635348,0.514727746354698,0,4.8775355636591,2,2.43876778182955,"cross_family_failure","uniform"
36,"clip",3,0.1,"fugw","028 L6 CT CTX Glut",TRUE,1,1,0,1.57776502065389,4.8441172018188,8,0.605514650227351,"confident_correct","uniform"
36,"clip",3,0.1,"fugw","030 L5 NP CTX Glut",TRUE,0.90015849781881,0.800316995637621,0.324734578458694,1.3862943143528,5.0056101749987,4,1.25140254374968,"confident_correct","uniform"
36,"clip",3,0.1,"fugw","036 Vip Gaba",TRUE,1,1,0,1.57767534886395,4.84368284063392,8,0.60546035507924,"confident_correct","uniform"
36,"clip",3,0.1,"fugw","037 Sncg Gaba",FALSE,0.212928526582398,0.574142946835204,0.517810989754685,5.60447777932591e-05,4.87768310037994,3,1.62589436679331,"cross_family_failure","uniform"
36,"clip",3,0.1,"fugw","039 Lamp5 Gaba",TRUE,0.897942695675734,0.795885391351468,0.329579960978209,1.38629422118238,4.8278089487695,4,1.20695223719237,"underconfident_correct","uniform"
36,"clip",3,0.1,"fugw","041 Pvalb chandelier Gaba",FALSE,0,0.776574178428952,0.350081672524743,NA,4.86165679163102,1,4.86165679163102,"cross_family_failure","uniform"
36,"clip",3,0.1,"fugw","042 Pvalb Gaba",FALSE,0,1,1.11022302462516e-16,NA,4.85912334235077,8,0.607390417793846,"cross_family_failure","uniform"
36,"clip",3,0.1,"fugw","043 Sst Gaba",TRUE,1,1,0,1.58187877397645,4.86408574973228,14,0.347434696409449,"confident_correct","uniform"
36,"clip",3,0.1,"fugw","046 Sst Chodl Gaba",FALSE,0,1,0,NA,4.85451142724089,1,4.85451142724089,"cross_family_failure","uniform"
36,"clip",3,0.1,"fugw","287 Astro-TE NN",FALSE,0.226374849930894,0.0935273937185118,1.37384738435133,0,4.80043612481249,1,4.80043612481249,"cross_family_failure","uniform"
36,"clip",3,0.1,"fugw","294 OPC NN",FALSE,0.151053295054759,0.0996013300006266,1.58569129362081,0,5.99109408782426,1,5.99109408782426,"cross_family_failure","uniform"
36,"clip",3,0.1,"fugw","295 Oligo NN",TRUE,0.921535390978401,0.843070781956802,0.275003304583196,1.3862943132948,4.72337023008851,4,1.18084255752213,"confident_correct","uniform"
36,"clip",3,0.1,"fugw","299 Peri NN",FALSE,0,0.809533233293144,0.314481593325272,NA,4.80064122222663,1,4.80064122222663,"cross_family_failure","uniform"
36,"clip",3,0.1,"fugw","301 Endo NN",FALSE,0,0.83404879126792,0.285977347742663,NA,4.92238424261024,1,4.92238424261024,"cross_family_failure","uniform"
36,"clip",3,0.1,"fugw","302 Microglia NN",FALSE,0.228788526315359,0.221926401860295,1.3127260617897,0,5.0791181660406,1,5.0791181660406,"cross_family_failure","uniform"
37,"clip",3,0.25,"fugw","001 Car3 Glut",FALSE,0.216775263923543,0.496089264059655,0.759450274630803,0,5.39078343504578,1,5.39078343504578,"cross_family_failure","uniform"
37,"clip",3,0.25,"fugw","003 L5/6 IT TPE-ENT Glut",TRUE,0.345796285385774,0.122179569203022,1.36341576649478,0.66237909689625,5.09077319239357,2,2.54538659619679,"diffuse_correct","uniform"
37,"clip",3,0.25,"fugw","004 L6 IT CTX Glut",TRUE,1,1,2.22044604925031e-16,1.60172804677305,4.96159889559263,11,0.451054445053876,"confident_correct","uniform"
37,"clip",3,0.25,"fugw","005 L5 IT CTX Glut",TRUE,0.578600493811344,0.36205846118445,0.972669568829047,1.08312792802697,4.94990271497128,4,1.23747567874282,"underconfident_correct","uniform"
37,"clip",3,0.25,"fugw","006 L4/5 IT CTX Glut",TRUE,1,1,0,1.71629431601309,5.56387226288664,13,0.427990174068203,"confident_correct","uniform"
37,"clip",3,0.25,"fugw","007 L2/3 IT CTX Glut",TRUE,0.865160002285035,0.730320004570069,0.395484853743764,1.38629422657536,4.92759564336171,4,1.23189891084043,"underconfident_correct","uniform"
37,"clip",3,0.25,"fugw","022 L5 ET CTX Glut",TRUE,1,1,1.11022302462516e-16,1.60367709711912,4.97127873181692,6,0.82854645530282,"confident_correct","uniform"
37,"clip",3,0.25,"fugw","027 L6b CTX Glut",FALSE,0.216526757541168,0.566946484917663,0.522476711461323,0,4.86135151453,2,2.430675757265,"cross_family_failure","uniform"
37,"clip",3,0.25,"fugw","028 L6 CT CTX Glut",TRUE,1,1,1.11022302462516e-16,1.58107736975623,4.86018921244418,8,0.607523651555522,"confident_correct","uniform"
37,"clip",3,0.25,"fugw","030 L5 NP CTX Glut",TRUE,0.900974907834507,0.801949815669015,0.3229355863568,1.38629431415509,4.93335414801594,4,1.23333853700398,"confident_correct","uniform"
37,"clip",3,0.25,"fugw","036 Vip Gaba",TRUE,1,1,0,1.55638337483277,4.74164145760824,8,0.59270518220103,"confident_correct","uniform"
37,"clip",3,0.25,"fugw","037 Sncg Gaba",FALSE,0.165293583679469,0.669412832641061,0.448344514788968,0.014449543125855,4.92693701396536,3,1.64231233798845,"cross_family_failure","uniform"
37,"clip",3,0.25,"fugw","039 Lamp5 Gaba",TRUE,0.918961400130216,0.837922800260432,0.281298693793063,1.38629421740522,4.94402066590783,4,1.23600516647696,"confident_correct","uniform"
37,"clip",3,0.25,"fugw","041 Pvalb chandelier Gaba",FALSE,0,1,0,NA,4.80708846552598,1,4.80708846552598,"cross_family_failure","uniform"
37,"clip",3,0.25,"fugw","042 Pvalb Gaba",TRUE,0.80586748340541,0.611734966810819,0.492159977044356,1.36230187541186,4.90372323775617,8,0.612965404719521,"underconfident_correct","uniform"
37,"clip",3,0.25,"fugw","043 Sst Gaba",TRUE,1,1,1.11022302462516e-16,1.64237434042542,5.16742418222954,14,0.36910172730211,"confident_correct","uniform"
37,"clip",3,0.25,"fugw","046 Sst Chodl Gaba",FALSE,0,1,1.11022302462516e-16,NA,4.84820310217014,1,4.84820310217014,"cross_family_failure","uniform"
37,"clip",3,0.25,"fugw","287 Astro-TE NN",FALSE,0.23570007103871,0,1.52548928986816,0,4.59739247663683,1,4.59739247663683,"cross_family_failure","uniform"
37,"clip",3,0.25,"fugw","294 OPC NN",FALSE,0,0.142546038145631,1.32114309429816,NA,5.21265125180487,1,5.21265125180487,"cross_family_failure","uniform"
37,"clip",3,0.25,"fugw","295 Oligo NN",TRUE,0.943727130613083,0.887454261226167,0.216586574774004,1.38629431202289,4.59454682777685,4,1.14863670694421,"confident_correct","uniform"
37,"clip",3,0.25,"fugw","299 Peri NN",FALSE,0,1,0,NA,4.95734224712839,1,4.95734224712839,"cross_family_failure","uniform"
37,"clip",3,0.25,"fugw","301 Endo NN",FALSE,0,0.890264119579349,0.212606470952272,NA,5.48293991707825,1,5.48293991707825,"cross_family_failure","uniform"
37,"clip",3,0.25,"fugw","302 Microglia NN",TRUE,0.233094277179907,0.00375308617092629,1.56234332673602,0,4.7699857941778,1,4.7699857941778,"diffuse_correct","uniform"
38,"clip",3,0.5,"fugw","001 Car3 Glut",FALSE,0.21506845147553,0.351622332239377,0.983039213078027,0,5.03072495281284,1,5.03072495281284,"cross_family_failure","uniform"
38,"clip",3,0.5,"fugw","003 L5/6 IT TPE-ENT Glut",TRUE,0.413858188084534,0.207081103499056,1.3201780190668,0.693147081927588,5.60829159555827,2,2.80414579777913,"diffuse_correct","uniform"
38,"clip",3,0.5,"fugw","004 L6 IT CTX Glut",TRUE,1,1,1.11022302462516e-16,1.72659937704128,5.62150474923413,11,0.511045886294012,"confident_correct","uniform"
38,"clip",3,0.5,"fugw","005 L5 IT CTX Glut",TRUE,0.431686964806117,0.0762198466463824,1.05962064364739,0.69313065305996,4.93448278989311,4,1.23362069747328,"diffuse_correct","uniform"
38,"clip",3,0.5,"fugw","006 L4/5 IT CTX Glut",TRUE,1,1,0,1.68407301362867,5.387454519988,13,0.414419578460615,"confident_correct","uniform"
38,"clip",3,0.5,"fugw","007 L2/3 IT CTX Glut",TRUE,0.825613986716313,0.651227973432627,0.462773086843273,1.38629423187353,4.98940664752778,4,1.24735166188194,"underconfident_correct","uniform"
38,"clip",3,0.5,"fugw","022 L5 ET CTX Glut",TRUE,1,1,0,1.7208318513761,5.58917589468165,6,0.931529315780275,"confident_correct","uniform"
38,"clip",3,0.5,"fugw","027 L6b CTX Glut",FALSE,0.10078426353889,0.79843147292222,0.326802767371479,0,5.20108575409365,2,2.60054287704682,"cross_family_failure","uniform"
38,"clip",3,0.5,"fugw","028 L6 CT CTX Glut",TRUE,0.841671157622572,0.683342315245145,0.436888299706509,1.38514742750725,4.96655747178246,8,0.620819683972808,"underconfident_correct","uniform"
38,"clip",3,0.5,"fugw","030 L5 NP CTX Glut",TRUE,0.88235934554707,0.764718691094139,0.362197652752221,1.38629431486,4.88127959287213,4,1.22031989821803,"underconfident_correct","uniform"
38,"clip",3,0.5,"fugw","036 Vip Gaba",TRUE,1,1,-2.22044604925031e-16,1.55898705054724,4.75400324037144,8,0.59425040504643,"confident_correct","uniform"
38,"clip",3,0.5,"fugw","037 Sncg Gaba",TRUE,0.623403085454233,0.246806170908465,0.662373545813128,1.08570282341383,4.90722017713152,3,1.63574005904384,"underconfident_correct","uniform"
38,"clip",3,0.5,"fugw","039 Lamp5 Gaba",TRUE,0.930612327935899,0.861224655871798,0.252052157209776,1.38629421458437,4.67465163528795,4,1.16866290882199,"confident_correct","uniform"
38,"clip",3,0.5,"fugw","041 Pvalb chandelier Gaba",FALSE,0,1,0,NA,4.72229478754695,1,4.72229478754695,"cross_family_failure","uniform"
38,"clip",3,0.5,"fugw","042 Pvalb Gaba",TRUE,0.842336020314598,0.684672040629197,0.435775843025906,1.37230623832688,4.91218483037737,8,0.614023103797172,"underconfident_correct","uniform"
38,"clip",3,0.5,"fugw","043 Sst Gaba",TRUE,1,1,1.11022302462516e-16,1.63699573421969,5.13970525387969,14,0.36712180384855,"confident_correct","uniform"
38,"clip",3,0.5,"fugw","046 Sst Chodl Gaba",FALSE,0,1,0,NA,4.82608875425297,1,4.82608875425297,"cross_family_failure","uniform"
38,"clip",3,0.5,"fugw","287 Astro-TE NN",TRUE,0.250513324568004,5.40921300667963e-05,1.38629000326112,0,4.18512026651587,1,4.18512026651587,"diffuse_correct","uniform"
38,"clip",3,0.5,"fugw","294 OPC NN",FALSE,0,0.244167522628843,1.16522527763016,NA,4.6004522372509,1,4.6004522372509,"cross_family_failure","uniform"
38,"clip",3,0.5,"fugw","295 Oligo NN",TRUE,0.98897720799636,0.97795441599272,0.0606502497921597,1.38629430930529,4.18565718585541,4,1.04641429646385,"confident_correct","uniform"
38,"clip",3,0.5,"fugw","299 Peri NN",FALSE,0,0.53782533305385,0.540586844468259,NA,4.72632945582987,1,4.72632945582987,"cross_family_failure","uniform"
38,"clip",3,0.5,"fugw","301 Endo NN",FALSE,0,0.497670486102168,0.578869758136556,NA,4.47148375206187,1,4.47148375206187,"cross_family_failure","uniform"
38,"clip",3,0.5,"fugw","302 Microglia NN",FALSE,0,0.00961483379931921,1.51745089013988,NA,4.56058493327083,1,4.56058493327083,"cross_family_failure","uniform"
39,"clip",3,0.75,"fugw","001 Car3 Glut",FALSE,0.200712676646249,0.189184569691861,1.33634315980715,0,5.09470473343584,1,5.09470473343584,"cross_family_failure","uniform"
39,"clip",3,0.75,"fugw","003 L5/6 IT TPE-ENT Glut",TRUE,0.366239324969673,0.0989875507203922,1.34245310820425,0.693146283923016,5.83522890347077,2,2.91761445173538,"diffuse_correct","uniform"
39,"clip",3,0.75,"fugw","004 L6 IT CTX Glut",TRUE,1,1,-2.22044604925031e-16,1.77164067744789,5.88049344406319,11,0.534590313096654,"confident_correct","uniform"
39,"clip",3,0.75,"fugw","005 L5 IT CTX Glut",FALSE,0.402796092732044,0.000776725486157148,1.05037741488347,0.692971614657321,4.99870832353534,4,1.24967708088384,"cross_family_failure","uniform"
39,"clip",3,0.75,"fugw","006 L4/5 IT CTX Glut",TRUE,1,1,0,1.74185450446647,5.70791897466959,13,0.439070690359199,"confident_correct","uniform"
39,"clip",3,0.75,"fugw","007 L2/3 IT CTX Glut",TRUE,0.791021420607803,0.59470478118692,0.560369983122685,1.38629423542364,5.2433385253151,4,1.31083463132877,"underconfident_correct","uniform"
39,"clip",3,0.75,"fugw","022 L5 ET CTX Glut",TRUE,1,1,2.22044604925031e-16,1.78001377791423,5.92993812020712,6,0.98832302003452,"confident_correct","uniform"
39,"clip",3,0.75,"fugw","027 L6b CTX Glut",FALSE,0.25889483461398,0.48221033077204,0.571897771872985,0.465368292507268,5.41587812683709,2,2.70793906341855,"cross_family_failure","uniform"
39,"clip",3,0.75,"fugw","028 L6 CT CTX Glut",TRUE,0.930237057048112,0.860474114096223,0.253025321916836,1.58460421855648,5.62422345869461,8,0.703027932336827,"confident_correct","uniform"
39,"clip",3,0.75,"fugw","030 L5 NP CTX Glut",TRUE,0.860885264942376,0.721770529884752,0.403353212191035,1.38629431528521,4.93717626301561,4,1.2342940657539,"underconfident_correct","uniform"
39,"clip",3,0.75,"fugw","036 Vip Gaba",TRUE,1,1,0,1.45448208876165,4.28226505798346,8,0.535283132247932,"confident_correct","uniform"
39,"clip",3,0.75,"fugw","037 Sncg Gaba",TRUE,0.551217172246381,0.102434344492762,0.687891569472656,0.987795398079864,4.68076826681766,3,1.56025608893922,"underconfident_correct","uniform"
39,"clip",3,0.75,"fugw","039 Lamp5 Gaba",TRUE,0.990170697530597,0.980341395061194,0.0552156787851235,1.38629420266614,4.16986464654451,4,1.04246616163613,"confident_correct","uniform"
39,"clip",3,0.75,"fugw","041 Pvalb chandelier Gaba",FALSE,0.0542160734506156,0.891567853098769,0.21074688789686,0,4.58083671057979,1,4.58083671057979,"cross_family_failure","uniform"
39,"clip",3,0.75,"fugw","042 Pvalb Gaba",TRUE,0.589420785864414,0.359495622002825,0.958696991735479,1.05610789404716,4.86073147867513,8,0.607591434834391,"underconfident_correct","uniform"
39,"clip",3,0.75,"fugw","043 Sst Gaba",TRUE,1,1,1.11022302462516e-16,1.57530703664955,4.83222506055548,14,0.34515893289682,"confident_correct","uniform"
39,"clip",3,0.75,"fugw","046 Sst Chodl Gaba",FALSE,0,1,0,NA,4.79677474506767,1,4.79677474506767,"cross_family_failure","uniform"
39,"clip",3,0.75,"fugw","287 Astro-TE NN",FALSE,0,0.221317724512884,1.01724369176464,NA,3.95339812945783,1,3.95339812945783,"cross_family_failure","uniform"
39,"clip",3,0.75,"fugw","294 OPC NN",FALSE,0,0.292060643826652,1.06274191855796,NA,4.62608811924084,1,4.62608811924084,"cross_family_failure","uniform"
39,"clip",3,0.75,"fugw","295 Oligo NN",TRUE,1,1,0,1.3432723546072,3.83156124003926,4,0.957890310009815,"confident_correct","uniform"
39,"clip",3,0.75,"fugw","299 Peri NN",FALSE,0,0.0984621842542643,1.22276487409321,NA,4.42245337316679,1,4.42245337316679,"cross_family_failure","uniform"
39,"clip",3,0.75,"fugw","301 Endo NN",FALSE,0.294307881106776,0,1.35701625705794,0,3.88458538865635,1,3.88458538865635,"cross_family_failure","uniform"
39,"clip",3,0.75,"fugw","302 Microglia NN",FALSE,0.0926354813392189,0.00180149405851504,1.74230146393708,0,5.71047075334118,1,5.71047075334118,"cross_family_failure","uniform"
40,"clip",3,0.9,"fugw","001 Car3 Glut",FALSE,0.180748472821026,0.323025192626903,1.23343807627179,0,5.97159611098487,1,5.97159611098487,"cross_family_failure","uniform"
40,"clip",3,0.9,"fugw","003 L5/6 IT TPE-ENT Glut",TRUE,0.327820330836865,0.00368817466468629,1.33884733209796,0.693138936748385,6.36805391670446,2,3.18402695835223,"diffuse_correct","uniform"
40,"clip",3,0.9,"fugw","004 L6 IT CTX Glut",TRUE,1,1,0,1.79171425548972,5.99972872370276,11,0.545429883972978,"confident_correct","uniform"
40,"clip",3,0.9,"fugw","005 L5 IT CTX Glut",TRUE,0.43285465429515,0.0364032830827394,1.03101678906723,0.96743864002289,5.60957509362185,4,1.40239377340546,"diffuse_correct","uniform"
40,"clip",3,0.9,"fugw","006 L4/5 IT CTX Glut",TRUE,1,1,0,1.9430703240324,6.98014942426105,13,0.536934571097004,"confident_correct","uniform"
40,"clip",3,0.9,"fugw","007 L2/3 IT CTX Glut",TRUE,0.79030765058617,0.58061530117234,0.513548771175553,1.38629423225705,5.26372042677,4,1.3159301066925,"underconfident_correct","uniform"
40,"clip",3,0.9,"fugw","022 L5 ET CTX Glut",TRUE,1,1,1.11022302462516e-16,1.79175946922805,6,6,1,"confident_correct","uniform"
40,"clip",3,0.9,"fugw","027 L6b CTX Glut",FALSE,0.340191868915595,0.319616262168811,0.64116266140393,0.650107680400185,4.89001562192396,2,2.44500781096198,"cross_family_failure","uniform"
40,"clip",3,0.9,"fugw","028 L6 CT CTX Glut",TRUE,1,1,0,1.60943787036855,4.99999978967224,8,0.62499997370903,"confident_correct","uniform"
40,"clip",3,0.9,"fugw","030 L5 NP CTX Glut",TRUE,0.900019912739327,0.800039825478654,0.325039218428194,1.38629431194943,4.81979648479709,4,1.20494912119927,"confident_correct","uniform"
40,"clip",3,0.9,"fugw","036 Vip Gaba",TRUE,1,1,0,1.58064391525549,4.85808299806262,8,0.607260374757828,"confident_correct","uniform"
40,"clip",3,0.9,"fugw","037 Sncg Gaba",TRUE,0.623975467989441,0.247950935978883,0.662084356887826,1.09159812973938,5.67836083521012,3,1.89278694507004,"underconfident_correct","uniform"
40,"clip",3,0.9,"fugw","039 Lamp5 Gaba",TRUE,0.966239883681108,0.932479767362217,0.147579035780554,1.38629420273012,4.42412175349225,4,1.10603043837306,"confident_correct","uniform"
40,"clip",3,0.9,"fugw","041 Pvalb chandelier Gaba",FALSE,0.224415943122387,0.551168113755227,0.532440522288582,0,4.81880797126138,1,4.81880797126138,"cross_family_failure","uniform"
40,"clip",3,0.9,"fugw","042 Pvalb Gaba",TRUE,0.787462469420442,0.574924938840883,0.517299359928904,1.36151731483746,4.90101902033803,8,0.612627377542254,"underconfident_correct","uniform"
40,"clip",3,0.9,"fugw","043 Sst Gaba",TRUE,1,1,0,1.7097963695815,5.5278357275068,14,0.394845409107628,"confident_correct","uniform"
40,"clip",3,0.9,"fugw","046 Sst Chodl Gaba",FALSE,0,1,0,NA,5,1,5,"cross_family_failure","uniform"
40,"clip",3,0.9,"fugw","287 Astro-TE NN",FALSE,0,0.0955850101997849,0.909570468246114,NA,3.52052931344872,1,3.52052931344872,"cross_family_failure","uniform"
40,"clip",3,0.9,"fugw","294 OPC NN",FALSE,0,0.382238907645541,0.618202036517516,NA,3.56693844382532,1,3.56693844382532,"cross_family_failure","uniform"
40,"clip",3,0.9,"fugw","295 Oligo NN",TRUE,1,1,0,1.04416003792187,2.84101117949853,4,0.710252794874633,"confident_correct","uniform"
40,"clip",3,0.9,"fugw","299 Peri NN",FALSE,6.20603563864636e-05,0.112079035249177,1.23740089986635,0,3.44664364112898,1,3.44664364112898,"cross_family_failure","uniform"
40,"clip",3,0.9,"fugw","301 Endo NN",FALSE,0.271186464343314,0.131159295749011,1.07774396580743,0,2.93804374143338,1,2.93804374143338,"cross_family_failure","uniform"
40,"clip",3,0.9,"fugw","302 Microglia NN",FALSE,0.335077182634674,0.312634826348113,0.717592785476705,0,3.11490763827528,1,3.11490763827528,"cross_family_failure","uniform"
41,"clip",3,1,"uot_molecular","001 Car3 Glut",FALSE,0.208634592892136,0.0808580219268247,1.357032810488,0,6.73707343145603,1,6.73707343145603,"cross_family_failure","uniform"
41,"clip",3,1,"uot_molecular","003 L5/6 IT TPE-ENT Glut",TRUE,0.345351095108691,0.0717137202430924,1.35354073961205,0.687991279646378,6.35162736185332,2,3.17581368092666,"diffuse_correct","uniform"
41,"clip",3,1,"uot_molecular","004 L6 IT CTX Glut",TRUE,0.964642524534534,0.929329071309619,0.153236701605028,1.76255236881156,6.38192431263275,11,0.580174937512068,"confident_correct","uniform"
41,"clip",3,1,"uot_molecular","005 L5 IT CTX Glut",TRUE,0.43158228347461,0.0743564587057759,1.05878401870929,0.806478751165243,5.91380444796716,4,1.47845111199179,"diffuse_correct","uniform"
41,"clip",3,1,"uot_molecular","006 L4/5 IT CTX Glut",TRUE,0.999999991817387,0.999999983679544,1.60830965141595e-07,1.78329864091586,5.94945005262047,13,0.457650004047728,"confident_correct","uniform"
41,"clip",3,1,"uot_molecular","007 L2/3 IT CTX Glut",TRUE,0.795083333024711,0.596688370517786,0.536043457250821,1.38629436110827,5.15014208118132,4,1.28753552029533,"underconfident_correct","uniform"
41,"clip",3,1,"uot_molecular","022 L5 ET CTX Glut",TRUE,0.999993040903358,0.999986929873404,9.22065533235208e-05,1.70445286520692,5.49881827743216,6,0.91646971290536,"confident_correct","uniform"
41,"clip",3,1,"uot_molecular","027 L6b CTX Glut",FALSE,0.168697795337175,0.64399761925691,0.548482002541064,0.340313541669711,6.69082515877466,2,3.34541257938733,"cross_family_failure","uniform"
41,"clip",3,1,"uot_molecular","028 L6 CT CTX Glut",TRUE,0.797329016427017,0.615536231545418,0.571309838834759,1.59907705180812,6.71713692805845,8,0.839642116007307,"underconfident_correct","uniform"
41,"clip",3,1,"uot_molecular","030 L5 NP CTX Glut",TRUE,0.856668088101473,0.714764057006314,0.418967877497801,1.38570612529096,5.4963478220824,4,1.3740869555206,"underconfident_correct","uniform"
41,"clip",3,1,"uot_molecular","036 Vip Gaba",TRUE,0.713564214230574,0.492432803566502,0.769132689378964,1.90544380154163,10.9114998240794,8,1.36393747800993,"underconfident_correct","uniform"
41,"clip",3,1,"uot_molecular","037 Sncg Gaba",FALSE,0.216267752451599,0.447334333855247,0.861542647344022,1.03193648327521,11.6878546101343,3,3.89595153671144,"cross_family_failure","uniform"
41,"clip",3,1,"uot_molecular","039 Lamp5 Gaba",TRUE,0.754928644608627,0.588818334896266,0.772890681128902,1.36156155077894,6.79913484635225,4,1.69978371158806,"underconfident_correct","uniform"
41,"clip",3,1,"uot_molecular","041 Pvalb chandelier Gaba",FALSE,0.147368846722385,0.704382962272659,0.425156313978318,0,7.08625489612866,1,7.08625489612866,"cross_family_failure","uniform"
41,"clip",3,1,"uot_molecular","042 Pvalb Gaba",TRUE,0.636060942659715,0.314823548638572,0.787243185949484,1.89624368602288,10.6399985270756,8,1.32999981588445,"underconfident_correct","uniform"
41,"clip",3,1,"uot_molecular","043 Sst Gaba",TRUE,0.999997080605778,0.999994412863201,4.09826626513068e-05,2.23119725212259,9.31134175653062,14,0.665095839752187,"confident_correct","uniform"
41,"clip",3,1,"uot_molecular","046 Sst Chodl Gaba",FALSE,1.99566424382194e-06,0.999996001962092,2.83277702928519e-05,0,7.27754683310327,1,7.27754683310327,"cross_family_failure","uniform"
41,"clip",3,1,"uot_molecular","287 Astro-TE NN",FALSE,0.0893715116511724,0.102243497294466,1.74602613358387,0,9.95528350220704,1,9.95528350220704,"cross_family_failure","uniform"
41,"clip",3,1,"uot_molecular","294 OPC NN",FALSE,0.000578690619689715,0.269016902478623,1.2856566395368,0,6.74965093649744,1,6.74965093649744,"cross_family_failure","uniform"
41,"clip",3,1,"uot_molecular","295 Oligo NN",TRUE,0.763769215119406,0.648084003885708,0.909346988669849,1.33553936979601,7.57272067101384,4,1.89318016775346,"underconfident_correct","uniform"
41,"clip",3,1,"uot_molecular","299 Peri NN",FALSE,0.0499513903590702,0.496949630292101,1.28813765672303,0,8.6518313812515,1,8.6518313812515,"cross_family_failure","uniform"
41,"clip",3,1,"uot_molecular","301 Endo NN",FALSE,0.100239191153897,0.135117417135883,1.96618414965761,0,11.6379602679105,1,11.6379602679105,"cross_family_failure","uniform"
41,"clip",3,1,"uot_molecular","302 Microglia NN",FALSE,0.0555919468897002,0.00107538164965595,1.97789954088294,0,10.3473655627305,1,10.3473655627305,"cross_family_failure","uniform"
0,"raw",0.3,0,"gw_only","001 Car3 Glut",FALSE,0.264824069178421,0.223611982017142,1.04714910387827,0,3.99639189213003,1,3.99639189213003,"cross_family_failure","abundance"
0,"raw",0.3,0,"gw_only","003 L5/6 IT TPE-ENT Glut",FALSE,0,1,1.11022302462516e-16,NA,1.10906257617798,2,0.55453128808899,"cross_family_failure","abundance"
0,"raw",0.3,0,"gw_only","004 L6 IT CTX Glut",TRUE,1,1,0,2.16977666530978,8.75632823049601,11,0.796029839136001,"confident_correct","abundance"
0,"raw",0.3,0,"gw_only","005 L5 IT CTX Glut",TRUE,1,1,-2.22044604925031e-16,0.955472889534709,2.59989975765137,4,0.649974939412842,"confident_correct","abundance"
0,"raw",0.3,0,"gw_only","006 L4/5 IT CTX Glut",TRUE,1,1,1.11022302462516e-16,2.2870366773957,9.84571836963164,13,0.757362951510126,"confident_correct","abundance"
0,"raw",0.3,0,"gw_only","007 L2/3 IT CTX Glut",TRUE,1,1,0,1.36096072739046,3.89993828008235,4,0.974984570020587,"confident_correct","abundance"
0,"raw",0.3,0,"gw_only","022 L5 ET CTX Glut",TRUE,0.597320798474682,0.312617318633824,0.917621701161369,1.66499190357927,8.17759801784927,6,1.36293300297488,"underconfident_correct","abundance"
0,"raw",0.3,0,"gw_only","027 L6b CTX Glut",FALSE,0,1,0,NA,5.46853107100545,2,2.73426553550272,"cross_family_failure","abundance"
0,"raw",0.3,0,"gw_only","028 L6 CT CTX Glut",FALSE,0,0.377732102739635,0.6200049549208,NA,6.89044041389125,8,0.861305051736406,"cross_family_failure","abundance"
0,"raw",0.3,0,"gw_only","030 L5 NP CTX Glut",FALSE,0,0.319636539480825,0.64115594493073,NA,4.5398516422146,4,1.13496291055365,"cross_family_failure","abundance"
0,"raw",0.3,0,"gw_only","036 Vip Gaba",TRUE,0.533101727652777,0.0662034553055545,0.690954128183785,1.79635428029277,8.65536525764554,8,1.08192065720569,"underconfident_correct","abundance"
0,"raw",0.3,0,"gw_only","037 Sncg Gaba",FALSE,0,0.402891144819021,0.861827405116643,NA,2.76499429650613,3,0.921664765502042,"cross_family_failure","abundance"
0,"raw",0.3,0,"gw_only","039 Lamp5 Gaba",FALSE,0,0.705758416283877,0.417682128128406,NA,4.25780648214353,4,1.06445162053588,"cross_family_failure","abundance"
0,"raw",0.3,0,"gw_only","041 Pvalb chandelier Gaba",FALSE,0,1,0,NA,2.95968047489486,1,2.95968047489486,"cross_family_failure","abundance"
0,"raw",0.3,0,"gw_only","042 Pvalb Gaba",TRUE,0.579207715943436,0.406487660651867,1.30512209385825,1.44214463049503,9.57720345429117,8,1.1971504317864,"underconfident_correct","abundance"
0,"raw",0.3,0,"gw_only","043 Sst Gaba",FALSE,0,1,-2.22044604925031e-16,NA,6.24636148737595,14,0.446168677669711,"cross_family_failure","abundance"
0,"raw",0.3,0,"gw_only","046 Sst Chodl Gaba",FALSE,0,1,0,NA,1,1,1,"cross_family_failure","abundance"
0,"raw",0.3,0,"gw_only","287 Astro-TE NN",TRUE,1,1,0,0,1,1,1,"confident_correct","abundance"
0,"raw",0.3,0,"gw_only","294 OPC NN",FALSE,0,1,0,NA,1,1,1,"cross_family_failure","abundance"
0,"raw",0.3,0,"gw_only","295 Oligo NN",FALSE,0,1,0,NA,1,4,0.25,"cross_family_failure","abundance"
0,"raw",0.3,0,"gw_only","299 Peri NN",FALSE,0,1,0,NA,1,1,1,"cross_family_failure","abundance"
0,"raw",0.3,0,"gw_only","301 Endo NN",FALSE,0,1,0,NA,1,1,1,"cross_family_failure","abundance"
0,"raw",0.3,0,"gw_only","302 Microglia NN",FALSE,0,0.284362129046982,0.652152955857486,NA,1.91966934652524,1,1.91966934652524,"cross_family_failure","abundance"
1,"raw",0.3,0.1,"fugw","001 Car3 Glut",FALSE,0.268114109404898,0.463771753171915,0.581374561716178,0,1.78849513886225,1,1.78849513886225,"cross_family_failure","abundance"
1,"raw",0.3,0.1,"fugw","003 L5/6 IT TPE-ENT Glut",FALSE,0.0968266955337392,0.806346608932522,0.318054032523284,0,1.37445052425119,2,0.687225262125594,"cross_family_failure","abundance"
1,"raw",0.3,0.1,"fugw","004 L6 IT CTX Glut",TRUE,1,1,-2.22044604925031e-16,2.16997800499703,8.75809140437592,11,0.796190127670538,"confident_correct","abundance"
1,"raw",0.3,0.1,"fugw","005 L5 IT CTX Glut",TRUE,0.807023458433987,0.614046916867975,0.49051031004196,1.02875389190053,3.74618816532819,4,0.936547041332047,"underconfident_correct","abundance"
1,"raw",0.3,0.1,"fugw","006 L4/5 IT CTX Glut",TRUE,1,1,-2.22044604925031e-16,2.36184566861985,10.6105168892862,13,0.816193606868166,"confident_correct","abundance"
1,"raw",0.3,0.1,"fugw","007 L2/3 IT CTX Glut",TRUE,1,1,2.22044604925031e-16,1.28876050355048,3.62828651918089,4,0.907071629795222,"confident_correct","abundance"
1,"raw",0.3,0.1,"fugw","022 L5 ET CTX Glut",TRUE,0.610740052083731,0.352018138129675,0.993922678006684,1.66472944251993,8.91637032987324,6,1.48606172164554,"underconfident_correct","abundance"
1,"raw",0.3,0.1,"fugw","027 L6b CTX Glut",FALSE,0.30835338643821,0.259082847445291,0.94338044928949,0.688740767230163,5.90649511121037,2,2.95324755560518,"cross_family_failure","abundance"
1,"raw",0.3,0.1,"fugw","028 L6 CT CTX Glut",TRUE,1,1,0,1.72462389598413,5.6104105349024,8,0.7013013168628,"confident_correct","abundance"
1,"raw",0.3,0.1,"fugw","030 L5 NP CTX Glut",TRUE,1,1,0,0.868044029644905,2.38224668962471,4,0.595561672406177,"confident_correct","abundance"
1,"raw",0.3,0.1,"fugw","036 Vip Gaba",TRUE,0.670566663993526,0.495973956237865,0.947354770938505,1.95746048529575,10.8145568274122,8,1.35181960342652,"underconfident_correct","abundance"
1,"raw",0.3,0.1,"fugw","037 Sncg Gaba",FALSE,0.069388850366481,0.861222299267038,0.252055216229391,1.32599113425506e-06,1.28666719861307,3,0.428889066204357,"cross_family_failure","abundance"
1,"raw",0.3,0.1,"fugw","039 Lamp5 Gaba",TRUE,0.659953078838116,0.319906157676233,0.641066595511101,1.09234162744938,3.9038405136865,4,0.975960128421624,"underconfident_correct","abundance"
1,"raw",0.3,0.1,"fugw","041 Pvalb chandelier Gaba",FALSE,0.42247490095272,0.0928332018358742,0.878443815451012,0,2.4071508192816,1,2.4071508192816,"cross_family_failure","abundance"
1,"raw",0.3,0.1,"fugw","042 Pvalb Gaba",TRUE,1,1,0,1.57669753870199,4.83894895312986,8,0.604868619141233,"confident_correct","abundance"
1,"raw",0.3,0.1,"fugw","043 Sst Gaba",TRUE,0.849326158465578,0.698652316931156,0.423876155596578,2.53388646709964,14.7413044143383,14,1.05295031530988,"underconfident_correct","abundance"
1,"raw",0.3,0.1,"fugw","046 Sst Chodl Gaba",FALSE,0.262868431701561,0.474263136596878,0.576035874888578,0,1.77897236559311,1,1.77897236559311,"cross_family_failure","abundance"
1,"raw",0.3,0.1,"fugw","287 Astro-TE NN",FALSE,0,1,0,NA,1,1,1,"cross_family_failure","abundance"
1,"raw",0.3,0.1,"fugw","294 OPC NN",FALSE,5.96321264092282e-07,0.999998807357472,9.14308742325336e-06,0,3.27406814704,1,3.27406814704,"cross_family_failure","abundance"
1,"raw",0.3,0.1,"fugw","295 Oligo NN",FALSE,0,1,0,NA,1,4,0.25,"cross_family_failure","abundance"
1,"raw",0.3,0.1,"fugw","299 Peri NN",FALSE,0,1,0,NA,1,1,1,"cross_family_failure","abundance"
1,"raw",0.3,0.1,"fugw","301 Endo NN",TRUE,1,1,0,0,1,1,1,"confident_correct","abundance"
1,"raw",0.3,0.1,"fugw","302 Microglia NN",FALSE,0,1,0,NA,1,1,1,"cross_family_failure","abundance"
2,"raw",0.3,0.25,"fugw","001 Car3 Glut",FALSE,0.275540842754641,0.172163069563969,1.0701954021851,0,2.91594922716284,1,2.91594922716284,"cross_family_failure","abundance"
2,"raw",0.3,0.25,"fugw","003 L5/6 IT TPE-ENT Glut",FALSE,0.0961394959799116,0.807721008040177,0.316516815850871,0,1.37233931909552,2,0.686169659547761,"cross_family_failure","abundance"
2,"raw",0.3,0.25,"fugw","004 L6 IT CTX Glut",TRUE,1,1,1.11022302462516e-16,2.17405201465283,8.79384473357638,11,0.799440430325126,"confident_correct","abundance"
2,"raw",0.3,0.25,"fugw","005 L5 IT CTX Glut",TRUE,0.933486874223759,0.866973748447517,0.244524634006762,0.992894216502007,3.22643674253968,4,0.80660918563492,"confident_correct","abundance"
2,"raw",0.3,0.25,"fugw","006 L4/5 IT CTX Glut",TRUE,1,1,-4.44089209850063e-16,2.31911790858516,10.1667023887351,13,0.7820540299027,"confident_correct","abundance"
2,"raw",0.3,0.25,"fugw","007 L2/3 IT CTX Glut",TRUE,1,1,-2.22044604925031e-16,1.26310116941596,3.53637138663108,4,0.884092846657769,"confident_correct","abundance"
2,"raw",0.3,0.25,"fugw","022 L5 ET CTX Glut",TRUE,0.689328131194858,0.536280593102145,0.922514428649738,1.66412003757523,7.9219642325333,6,1.32032737208888,"underconfident_correct","abundance"
2,"raw",0.3,0.25,"fugw","027 L6b CTX Glut",FALSE,0.313728690670629,0.249768005770795,0.944408982980374,0.688704784674544,5.90146223685195,2,2.95073111842598,"cross_family_failure","abundance"
2,"raw",0.3,0.25,"fugw","028 L6 CT CTX Glut",TRUE,1,1,0,1.72430438803852,5.60861825049818,8,0.701077281312273,"confident_correct","abundance"
2,"raw",0.3,0.25,"fugw","030 L5 NP CTX Glut",TRUE,1,1,2.22044604925031e-16,0.868046701571902,2.38225305482246,4,0.595563263705614,"confident_correct","abundance"
2,"raw",0.3,0.25,"fugw","036 Vip Gaba",TRUE,0.70715756980625,0.525496169828449,0.799150928126208,1.95640698395708,9.83497605219156,8,1.22937200652395,"underconfident_correct","abundance"
2,"raw",0.3,0.25,"fugw","037 Sncg Gaba",FALSE,0.101137067545402,0.797725864909195,0.327574207306237,0,1.38759801738852,3,0.462532672462839,"cross_family_failure","abundance"
2,"raw",0.3,0.25,"fugw","039 Lamp5 Gaba",TRUE,0.736491092323202,0.472982184646403,0.576695219880144,1.26868777514857,4.53158815984742,4,1.13289703996186,"underconfident_correct","abundance"
2,"raw",0.3,0.25,"fugw","041 Pvalb chandelier Gaba",FALSE,0.449138679378049,0.101722641243902,0.687964472996964,0,1.98966139898848,1,1.98966139898848,"cross_family_failure","abundance"
2,"raw",0.3,0.25,"fugw","042 Pvalb Gaba",TRUE,1,1,1.11022302462516e-16,1.61392616819897,5.022491715353,8,0.627811464419125,"confident_correct","abundance"
2,"raw",0.3,0.25,"fugw","043 Sst Gaba",TRUE,0.86397030905642,0.72794061811284,0.397690234640953,2.53303135698609,14.2204545109648,14,1.0157467507832,"underconfident_correct","abundance"
2,"raw",0.3,0.25,"fugw","046 Sst Chodl Gaba",FALSE,0.272916551879574,0.454166896240852,0.586138178533285,0,1.7970351689493,1,1.7970351689493,"cross_family_failure","abundance"
2,"raw",0.3,0.25,"fugw","287 Astro-TE NN",FALSE,0,0.413037397605175,0.605239422832647,NA,1.83169070496781,1,1.83169070496781,"cross_family_failure","abundance"
2,"raw",0.3,0.25,"fugw","294 OPC NN",FALSE,0,1,0,NA,3.59266288314302,1,3.59266288314302,"cross_family_failure","abundance"
2,"raw",0.3,0.25,"fugw","295 Oligo NN",FALSE,0.0680345109777198,0.86393097804456,0.248524906052332,6.97702372989596e-07,1.28213281569721,4,0.320533203924304,"cross_family_failure","abundance"
2,"raw",0.3,0.25,"fugw","299 Peri NN",TRUE,1,1,0,0,1,1,1,"confident_correct","abundance"
2,"raw",0.3,0.25,"fugw","301 Endo NN",TRUE,1,1,0,0,1,1,1,"confident_correct","abundance"
2,"raw",0.3,0.25,"fugw","302 Microglia NN",FALSE,0,1,0,NA,1,1,1,"cross_family_failure","abundance"
3,"raw",0.3,0.5,"fugw","001 Car3 Glut",FALSE,0.204529541013958,0.590940917972084,0.50661794450475,0,1.65966860103056,1,1.65966860103056,"cross_family_failure","abundance"
3,"raw",0.3,0.5,"fugw","003 L5/6 IT TPE-ENT Glut",FALSE,0.0948834142612226,0.810233171477555,0.313692980131843,0,1.36846952471093,2,0.684234762355466,"cross_family_failure","abundance"
3,"raw",0.3,0.5,"fugw","004 L6 IT CTX Glut",TRUE,0.978182812382325,0.95636562476465,0.105029433371195,2.04657344450212,8.22314221861105,11,0.747558383510096,"confident_correct","abundance"
3,"raw",0.3,0.5,"fugw","005 L5 IT CTX Glut",TRUE,0.584680259754886,0.169360519509772,0.67873632940097,1.02130128434418,3.58181992298987,4,0.895454980747467,"underconfident_correct","abundance"
3,"raw",0.3,0.5,"fugw","006 L4/5 IT CTX Glut",TRUE,1,1,-2.22044604925031e-16,2.37469457188445,10.7477300257889,13,0.826748463522222,"confident_correct","abundance"
3,"raw",0.3,0.5,"fugw","007 L2/3 IT CTX Glut",TRUE,1,1,1.11022302462516e-16,1.36291372674537,3.90756229945669,4,0.976890574864172,"confident_correct","abundance"
3,"raw",0.3,0.5,"fugw","022 L5 ET CTX Glut",TRUE,0.841985686652026,0.685001069033092,0.442571666720764,1.66233101454015,6.31059891612586,6,1.05176648602098,"underconfident_correct","abundance"
3,"raw",0.3,0.5,"fugw","027 L6b CTX Glut",FALSE,0.333532479742873,0.332935040514254,0.636652116842577,0.6885939203191,4.93345350905096,2,2.46672675452548,"cross_family_failure","abundance"
3,"raw",0.3,0.5,"fugw","028 L6 CT CTX Glut",TRUE,1,1,0,1.72470280097014,5.61085324173283,8,0.701356655216604,"confident_correct","abundance"
3,"raw",0.3,0.5,"fugw","030 L5 NP CTX Glut",TRUE,1,1,0,1.04160713634955,2.83376760758852,4,0.708441901897131,"confident_correct","abundance"
3,"raw",0.3,0.5,"fugw","036 Vip Gaba",TRUE,0.808212621446933,0.616425242893867,0.488804327324481,1.95314121208777,7.90391104853999,8,0.987988881067498,"underconfident_correct","abundance"
3,"raw",0.3,0.5,"fugw","037 Sncg Gaba",FALSE,0.478348854961352,0.0433022900772967,0.692209343180645,1.09787392587543,3.37831166909446,3,1.12610388969815,"cross_family_failure","abundance"
3,"raw",0.3,0.5,"fugw","039 Lamp5 Gaba",TRUE,0.924876595115241,0.849753190230482,0.266694384352329,1.26439017639527,4.20426407237659,4,1.05106601809415,"confident_correct","abundance"
3,"raw",0.3,0.5,"fugw","041 Pvalb chandelier Gaba",FALSE,0.424184226029748,0.151631547940504,0.681606654025283,0,1.97705161982125,1,1.97705161982125,"cross_family_failure","abundance"
3,"raw",0.3,0.5,"fugw","042 Pvalb Gaba",TRUE,1,1,2.22044604925031e-16,1.71097728319973,5.53436747995542,8,0.691795934994428,"confident_correct","abundance"
3,"raw",0.3,0.5,"fugw","043 Sst Gaba",TRUE,0.95082982919042,0.90165965838084,0.196064575027534,2.53025570629753,13.9504854365064,14,0.996463245464742,"confident_correct","abundance"
3,"raw",0.3,0.5,"fugw","046 Sst Chodl Gaba",FALSE,0.295091506463955,0.40981698707209,0.606647800234982,0,1.83427223422177,1,1.83427223422177,"cross_family_failure","abundance"
3,"raw",0.3,0.5,"fugw","287 Astro-TE NN",FALSE,0,0.618553551377706,0.487269949590344,NA,1.62786599182799,1,1.62786599182799,"cross_family_failure","abundance"
3,"raw",0.3,0.5,"fugw","294 OPC NN",FALSE,0,0.331149674149723,0.63726828615201,NA,3.28905172354462,1,3.28905172354462,"cross_family_failure","abundance"
3,"raw",0.3,0.5,"fugw","295 Oligo NN",TRUE,0.635175280468398,0.270350560936796,0.656143746703957,0,1.92734565245933,4,0.481836413114834,"underconfident_correct","abundance"
3,"raw",0.3,0.5,"fugw","299 Peri NN",FALSE,0,1,0,NA,1,1,1,"cross_family_failure","abundance"
3,"raw",0.3,0.5,"fugw","301 Endo NN",TRUE,1,1,0,0,1,1,1,"confident_correct","abundance"
3,"raw",0.3,0.5,"fugw","302 Microglia NN",TRUE,1,1,0,0,1,1,1,"confident_correct","abundance"
4,"raw",0.3,0.75,"fugw","001 Car3 Glut",FALSE,0.18459324459774,0.630813510804521,0.478287440031199,0,1.61330914637415,1,1.61330914637415,"cross_family_failure","abundance"
4,"raw",0.3,0.75,"fugw","003 L5/6 IT TPE-ENT Glut",FALSE,0.0621162097201584,0.395262083065362,0.796893413399038,0,2.21863782096655,2,1.10931891048327,"cross_family_failure","abundance"
4,"raw",0.3,0.75,"fugw","004 L6 IT CTX Glut",TRUE,0.978799594224015,0.95759918844803,0.102674816853251,2.01847273796195,7.99131329593598,11,0.72648302690327,"confident_correct","abundance"
4,"raw",0.3,0.75,"fugw","005 L5 IT CTX Glut",TRUE,0.534197385466314,0.0683947709326289,0.690806431274604,0.941286201513627,3.2990648815836,4,0.824766220395901,"underconfident_correct","abundance"
4,"raw",0.3,0.75,"fugw","006 L4/5 IT CTX Glut",TRUE,1,1,0,2.27238081930383,9.70247317304092,13,0.746344090233917,"confident_correct","abundance"
4,"raw",0.3,0.75,"fugw","007 L2/3 IT CTX Glut",TRUE,0.913280887995494,0.826561775990989,0.294880597248528,1.36621339778172,4.67681434372603,4,1.16920358593151,"confident_correct","abundance"
4,"raw",0.3,0.75,"fugw","022 L5 ET CTX Glut",TRUE,1,1,0,1.65675444056458,5.24226910845472,6,0.873711518075787,"confident_correct","abundance"
4,"raw",0.3,0.75,"fugw","027 L6b CTX Glut",FALSE,0.39311246898869,0.21377506202262,0.670119991259017,0.688237740738129,4.94876942218395,2,2.47438471109197,"cross_family_failure","abundance"
4,"raw",0.3,0.75,"fugw","028 L6 CT CTX Glut",TRUE,1,1,0,1.72126379921843,5.59159064863607,8,0.698948831079509,"confident_correct","abundance"
4,"raw",0.3,0.75,"fugw","030 L5 NP CTX Glut",TRUE,1,1,1.11022302462516e-16,1.03437064886399,2.81333510270739,4,0.703333775676848,"confident_correct","abundance"
4,"raw",0.3,0.75,"fugw","036 Vip Gaba",TRUE,1,1,-2.22044604925031e-16,1.91969220417417,6.8188593298155,8,0.852357416226937,"confident_correct","abundance"
4,"raw",0.3,0.75,"fugw","037 Sncg Gaba",TRUE,0.670331153016266,0.49020667135415,0.861032553498657,1.09793344701858,4.93825261503997,3,1.64608420501332,"underconfident_correct","abundance"
4,"raw",0.3,0.75,"fugw","039 Lamp5 Gaba",TRUE,1,1,1.11022302462516e-16,1.08900117096643,2.97130476442806,4,0.742826191107015,"confident_correct","abundance"
4,"raw",0.3,0.75,"fugw","041 Pvalb chandelier Gaba",FALSE,0.392275921072438,0.215448157855123,0.669755255202839,0,1.95375908974394,1,1.95375908974394,"cross_family_failure","abundance"
4,"raw",0.3,0.75,"fugw","042 Pvalb Gaba",TRUE,1,1,0,1.76940555923502,5.86736452387575,8,0.733420565484469,"confident_correct","abundance"
4,"raw",0.3,0.75,"fugw","043 Sst Gaba",TRUE,1,1,-2.22044604925031e-16,2.52082691975892,12.4388783662199,14,0.888491311872852,"confident_correct","abundance"
4,"raw",0.3,0.75,"fugw","046 Sst Chodl Gaba",FALSE,0.465527570543242,0.068944858913516,0.690768597289572,0,1.99524848663456,1,1.99524848663456,"cross_family_failure","abundance"
4,"raw",0.3,0.75,"fugw","287 Astro-TE NN",TRUE,0.660162736898016,0.320325473796032,0.640927476424045,0,1.89824063654969,1,1.89824063654969,"underconfident_correct","abundance"
4,"raw",0.3,0.75,"fugw","294 OPC NN",TRUE,0.621372685892978,0.242745371785956,0.663388129882822,0,2.10985188172036,1,2.10985188172036,"underconfident_correct","abundance"
4,"raw",0.3,0.75,"fugw","295 Oligo NN",TRUE,0.841162816949289,0.721483712197465,0.526445662564757,0.824881043251953,3.38822072781713,4,0.847055181954282,"underconfident_correct","abundance"
4,"raw",0.3,0.75,"fugw","299 Peri NN",TRUE,1,1,0,0,1,1,1,"confident_correct","abundance"
4,"raw",0.3,0.75,"fugw","301 Endo NN",TRUE,1,1,0,0,1,1,1,"confident_correct","abundance"
4,"raw",0.3,0.75,"fugw","302 Microglia NN",TRUE,1,1,0,0,1,1,1,"confident_correct","abundance"
5,"raw",0.3,0.9,"fugw","001 Car3 Glut",FALSE,0.196035587318777,0.607928825362445,0.494857220287658,0,1.64026402591121,1,1.64026402591121,"cross_family_failure","abundance"
5,"raw",0.3,0.9,"fugw","003 L5/6 IT TPE-ENT Glut",FALSE,0.038032365715992,0.466325103832169,0.909465012670649,0,2.48299380776481,2,1.24149690388241,"cross_family_failure","abundance"
5,"raw",0.3,0.9,"fugw","004 L6 IT CTX Glut",TRUE,0.981114537075903,0.962229074151805,0.0936692534165292,1.80830904466044,6.4742161649961,11,0.588565105908737,"confident_correct","abundance"
5,"raw",0.3,0.9,"fugw","005 L5 IT CTX Glut",FALSE,0.396450506275614,0.114824413518382,0.929674370871709,0.332719256979453,2.89093820760144,4,0.72273455190036,"cross_family_failure","abundance"
5,"raw",0.3,0.9,"fugw","006 L4/5 IT CTX Glut",TRUE,1,1,0,2.01082995278266,7.46951411947792,13,0.574578009190609,"confident_correct","abundance"
5,"raw",0.3,0.9,"fugw","007 L2/3 IT CTX Glut",TRUE,0.942803796272996,0.885607592545992,0.219182045086767,1.37331510857982,4.54464102874004,4,1.13616025718501,"confident_correct","abundance"
5,"raw",0.3,0.9,"fugw","022 L5 ET CTX Glut",TRUE,1,1,0,1.63528410912699,5.13091552990001,6,0.855152588316668,"confident_correct","abundance"
5,"raw",0.3,0.9,"fugw","027 L6b CTX Glut",TRUE,0.556014673439576,0.112029346879152,0.686858700524558,0.686939427044756,3.85054894004525,2,1.92527447002262,"underconfident_correct","abundance"
5,"raw",0.3,0.9,"fugw","028 L6 CT CTX Glut",TRUE,1,1,0,1.70300508920408,5.49042183312299,8,0.686302729140373,"confident_correct","abundance"
5,"raw",0.3,0.9,"fugw","030 L5 NP CTX Glut",TRUE,1,1,0,1.00936066517421,2.7438462176816,4,0.6859615544204,"confident_correct","abundance"
5,"raw",0.3,0.9,"fugw","036 Vip Gaba",TRUE,1,1,0,1.80430317508576,6.07573624870488,8,0.759467031088109,"confident_correct","abundance"
5,"raw",0.3,0.9,"fugw","037 Sncg Gaba",TRUE,0.634703186092946,0.364992079891064,0.866374779468299,1.09809612374301,4.77474174591196,3,1.59158058197065,"underconfident_correct","abundance"
5,"raw",0.3,0.9,"fugw","039 Lamp5 Gaba",TRUE,1,1,0,1.0822246534227,2.95123773464558,4,0.737809433661396,"confident_correct","abundance"
5,"raw",0.3,0.9,"fugw","041 Pvalb chandelier Gaba",FALSE,0.395854992566291,0.208290014867417,0.671295175478578,0,1.95677004069736,1,1.95677004069736,"cross_family_failure","abundance"
5,"raw",0.3,0.9,"fugw","042 Pvalb Gaba",TRUE,1,1,0,1.66287825689522,5.2744702980845,8,0.659308787260562,"confident_correct","abundance"
5,"raw",0.3,0.9,"fugw","043 Sst Gaba",TRUE,1,1,0,2.46730573878268,11.7906369629173,14,0.842188354494093,"confident_correct","abundance"
5,"raw",0.3,0.9,"fugw","046 Sst Chodl Gaba",TRUE,0.644458254988005,0.28891650997601,0.650809862226942,0,1.91709278152451,1,1.91709278152451,"underconfident_correct","abundance"
5,"raw",0.3,0.9,"fugw","287 Astro-TE NN",TRUE,0.80346629215131,0.606932584302621,0.495559410602281,0,1.64141620790181,1,1.64141620790181,"underconfident_correct","abundance"
5,"raw",0.3,0.9,"fugw","294 OPC NN",TRUE,0.737377433661862,0.474754867323723,0.575782203962403,0,1.77852114925815,1,1.77852114925815,"underconfident_correct","abundance"
5,"raw",0.3,0.9,"fugw","295 Oligo NN",TRUE,1,1,0,0.833529546454428,2.30142741685015,4,0.575356854212538,"confident_correct","abundance"
5,"raw",0.3,0.9,"fugw","299 Peri NN",TRUE,1,1,0,0,1,1,1,"confident_correct","abundance"
5,"raw",0.3,0.9,"fugw","301 Endo NN",TRUE,1,1,0,0,1,1,1,"confident_correct","abundance"
5,"raw",0.3,0.9,"fugw","302 Microglia NN",TRUE,1,1,0,0,1,1,1,"confident_correct","abundance"
6,"raw",0.3,1,"uot_molecular","001 Car3 Glut",FALSE,0.212736998129043,0.574526003741915,0.517560483168376,0,1.67792931594579,1,1.67792931594579,"cross_family_failure","abundance"
6,"raw",0.3,1,"uot_molecular","003 L5/6 IT TPE-ENT Glut",FALSE,0.0104259883636743,0.348314899370839,0.681236609031591,0,1.97632015711247,2,0.988160078556234,"cross_family_failure","abundance"
6,"raw",0.3,1,"uot_molecular","004 L6 IT CTX Glut",TRUE,0.948955615886715,0.921778333835729,0.236852826690312,2.03940660792974,8.77721518616778,11,0.79792865328798,"confident_correct","abundance"
6,"raw",0.3,1,"uot_molecular","005 L5 IT CTX Glut",TRUE,0.555763702984631,0.111527405969263,0.686915042104222,0.907571228873181,3.29139072750056,4,0.82284768187514,"underconfident_correct","abundance"
6,"raw",0.3,1,"uot_molecular","006 L4/5 IT CTX Glut",TRUE,0.988163649194375,0.97632729838875,0.0642789393256583,2.32634192391376,10.6236799185761,13,0.817206147582779,"confident_correct","abundance"
6,"raw",0.3,1,"uot_molecular","007 L2/3 IT CTX Glut",TRUE,0.929176520782115,0.85835304156423,0.255763842335091,1.3637711080681,4.58572370749732,4,1.14643092687433,"confident_correct","abundance"
6,"raw",0.3,1,"uot_molecular","022 L5 ET CTX Glut",TRUE,0.962726229012058,0.930573563102163,0.174098057994276,1.66165977780182,5.89333180835722,6,0.982221968059537,"confident_correct","abundance"
6,"raw",0.3,1,"uot_molecular","027 L6b CTX Glut",FALSE,0.37528419006721,0.201059186751932,0.831912030052147,0.688479852432625,5.53313896036424,2,2.76656948018212,"cross_family_failure","abundance"
6,"raw",0.3,1,"uot_molecular","028 L6 CT CTX Glut",TRUE,1,1,-2.22044604925031e-16,1.7238113256487,5.605853533425,8,0.700731691678125,"confident_correct","abundance"
6,"raw",0.3,1,"uot_molecular","030 L5 NP CTX Glut",TRUE,1,1,1.11022302462516e-16,1.04529805972004,2.84424615253542,4,0.711061538133854,"confident_correct","abundance"
6,"raw",0.3,1,"uot_molecular","036 Vip Gaba",TRUE,0.805199250011503,0.613605943070202,0.50946196638858,1.92368052432569,7.83348960484241,8,0.979186200605302,"underconfident_correct","abundance"
6,"raw",0.3,1,"uot_molecular","037 Sncg Gaba",TRUE,0.563417846968735,0.386509754622798,1.15963389476707,1.09790418817241,5.91926750303595,3,1.97308916767865,"underconfident_correct","abundance"
6,"raw",0.3,1,"uot_molecular","039 Lamp5 Gaba",TRUE,0.818772666640527,0.637545333281054,0.473249456885611,1.09002559839295,4.43750988958529,4,1.10937747239632,"underconfident_correct","abundance"
6,"raw",0.3,1,"uot_molecular","041 Pvalb chandelier Gaba",FALSE,0.426684400098478,0.146631199803044,0.68235796762915,0,1.98462947609001,1,1.98462947609001,"cross_family_failure","abundance"
6,"raw",0.3,1,"uot_molecular","042 Pvalb Gaba",TRUE,1,1,1.11022302462516e-16,1.70882322610005,5.52245896680617,8,0.690307370850772,"confident_correct","abundance"
6,"raw",0.3,1,"uot_molecular","043 Sst Gaba",TRUE,0.921529968548628,0.882170938710413,0.329407551032412,2.52894605551733,14.6451846635997,14,1.04608461882855,"confident_correct","abundance"
6,"raw",0.3,1,"uot_molecular","046 Sst Chodl Gaba",FALSE,4.84846804719322e-08,0.999999903030639,8.65064538390193e-07,0,1.00000086506491,1,1.00000086506491,"cross_family_failure","abundance"
6,"raw",0.3,1,"uot_molecular","287 Astro-TE NN",FALSE,0.0625283442169082,0.297485399639054,0.835648224324492,0,2.3063085691566,1,2.3063085691566,"cross_family_failure","abundance"
6,"raw",0.3,1,"uot_molecular","294 OPC NN",FALSE,0,0.233827859170307,0.665554716005446,NA,1.94814791518407,1,1.94814791518407,"cross_family_failure","abundance"
6,"raw",0.3,1,"uot_molecular","295 Oligo NN",TRUE,0.626648106253727,0.281549247769874,0.760801674632086,0.586611536432584,3.09070952114273,4,0.772677380285681,"underconfident_correct","abundance"
6,"raw",0.3,1,"uot_molecular","299 Peri NN",TRUE,1,1,0,0,1,1,1,"confident_correct","abundance"
6,"raw",0.3,1,"uot_molecular","301 Endo NN",TRUE,1,1,0,0,1,1,1,"confident_correct","abundance"
6,"raw",0.3,1,"uot_molecular","302 Microglia NN",TRUE,1,1,0,0,1,1,1,"confident_correct","abundance"
7,"raw",1,0,"gw_only","001 Car3 Glut",FALSE,0,0.0653605607073159,1.08821091853255,NA,3.51798368638324,1,3.51798368638324,"cross_family_failure","abundance"
7,"raw",1,0,"gw_only","003 L5/6 IT TPE-ENT Glut",FALSE,2.1079495230979e-06,0.905132237159557,0.19091538935488,0,2.31085591726724,2,1.15542795863362,"cross_family_failure","abundance"
7,"raw",1,0,"gw_only","004 L6 IT CTX Glut",TRUE,0.995648244213797,0.991297042163006,0.0280090551316628,2.17146952754223,8.93547115374356,11,0.812315559431233,"confident_correct","abundance"
7,"raw",1,0,"gw_only","005 L5 IT CTX Glut",FALSE,0,1,0,NA,4.28706571251356,4,1.07176642812839,"cross_family_failure","abundance"
7,"raw",1,0,"gw_only","006 L4/5 IT CTX Glut",TRUE,1,1,-2.22044604925031e-16,2.31651051571508,10.1402283305484,13,0.780017563888341,"confident_correct","abundance"
7,"raw",1,0,"gw_only","007 L2/3 IT CTX Glut",FALSE,0,1,0,NA,2.93538146563317,4,0.733845366408292,"cross_family_failure","abundance"
7,"raw",1,0,"gw_only","022 L5 ET CTX Glut",FALSE,1.13921949797433e-10,0.908608028120332,0.185641825471464,0,4.54743181154844,6,0.75790530192474,"cross_family_failure","abundance"
7,"raw",1,0,"gw_only","027 L6b CTX Glut",FALSE,0,0.476535330164845,0.574861097357266,NA,1.7768836959305,2,0.888441847965251,"cross_family_failure","abundance"
7,"raw",1,0,"gw_only","028 L6 CT CTX Glut",FALSE,0,0.414655282041659,0.653166854150127,NA,10.4559961846341,8,1.30699952307927,"cross_family_failure","abundance"
7,"raw",1,0,"gw_only","030 L5 NP CTX Glut",FALSE,0,0.872335903196088,0.33817717505251,NA,10.9216405360072,4,2.7304101340018,"cross_family_failure","abundance"
7,"raw",1,0,"gw_only","036 Vip Gaba",TRUE,0.519803847014781,0.0396076940295612,0.692362590631515,1.7323092515496,8.30562150390183,8,1.03820268798773,"underconfident_correct","abundance"
7,"raw",1,0,"gw_only","037 Sncg Gaba",FALSE,0,0.294285480334987,0.649197474573769,NA,2.41239851979861,3,0.80413283993287,"cross_family_failure","abundance"
7,"raw",1,0,"gw_only","039 Lamp5 Gaba",FALSE,0,0.669859625663799,0.44798257519034,NA,4.29980217066635,4,1.07495054266659,"cross_family_failure","abundance"
7,"raw",1,0,"gw_only","041 Pvalb chandelier Gaba",FALSE,0,1,0,NA,1.97431360688818,1,1.97431360688818,"cross_family_failure","abundance"
7,"raw",1,0,"gw_only","042 Pvalb Gaba",FALSE,0,0.98291667080147,0.0491873150607969,NA,2.96483655533211,8,0.370604569416514,"cross_family_failure","abundance"
7,"raw",1,0,"gw_only","043 Sst Gaba",FALSE,0,1,0,NA,6.95849327171474,14,0.49703523369391,"cross_family_failure","abundance"
7,"raw",1,0,"gw_only","046 Sst Chodl Gaba",FALSE,0,0.0543140443804062,1.53409569518948,NA,4.63713025413997,1,4.63713025413997,"cross_family_failure","abundance"
7,"raw",1,0,"gw_only","287 Astro-TE NN",FALSE,0.220446401262702,0.559107197474597,0.527472376144778,0,1.6946434693565,1,1.6946434693565,"cross_family_failure","abundance"
7,"raw",1,0,"gw_only","294 OPC NN",FALSE,0,1,0,NA,1,1,1,"cross_family_failure","abundance"
7,"raw",1,0,"gw_only","295 Oligo NN",FALSE,0,1,0,NA,1,4,0.25,"cross_family_failure","abundance"
7,"raw",1,0,"gw_only","299 Peri NN",FALSE,0,1,0,NA,1.99628635201205,1,1.99628635201205,"cross_family_failure","abundance"
7,"raw",1,0,"gw_only","301 Endo NN",FALSE,0,1,0,NA,1.96039724138521,1,1.96039724138521,"cross_family_failure","abundance"
7,"raw",1,0,"gw_only","302 Microglia NN",FALSE,0.296912862378435,0.40617427524313,0.60822584069898,0,1.83716907509428,1,1.83716907509428,"cross_family_failure","abundance"
8,"raw",1,0.1,"fugw","001 Car3 Glut",FALSE,0.281561693296596,0.331371947799272,0.894162494854611,0,3.423317038375,1,3.423317038375,"cross_family_failure","abundance"
8,"raw",1,0.1,"fugw","003 L5/6 IT TPE-ENT Glut",FALSE,7.67531632129815e-05,0.999846493673574,0.000803979988555451,0,1.0008043032671,2,0.500402151633549,"cross_family_failure","abundance"
8,"raw",1,0.1,"fugw","004 L6 IT CTX Glut",TRUE,0.982321567027699,0.964643134055398,0.0888609631171462,2.17154991959973,9.22596030874099,11,0.838723664430999,"confident_correct","abundance"
8,"raw",1,0.1,"fugw","005 L5 IT CTX Glut",TRUE,1,1,0,0.980981336818257,2.66707225432496,4,0.66676806358124,"confident_correct","abundance"
8,"raw",1,0.1,"fugw","006 L4/5 IT CTX Glut",TRUE,1,1,0,2.31806895694636,10.1560436008571,13,0.781234123142856,"confident_correct","abundance"
8,"raw",1,0.1,"fugw","007 L2/3 IT CTX Glut",TRUE,1,1,0,1.08244394614498,2.95188499056918,4,0.737971247642295,"confident_correct","abundance"
8,"raw",1,0.1,"fugw","022 L5 ET CTX Glut",TRUE,0.601441212068085,0.418289099971937,1.05460826411683,1.66575629689196,8.85563718953595,6,1.47593953158932,"underconfident_correct","abundance"
8,"raw",1,0.1,"fugw","027 L6b CTX Glut",FALSE,0.314447861548478,0.201425726700932,1.0062339679024,0.688774422682105,6.46611594159233,2,3.23305797079617,"cross_family_failure","abundance"
8,"raw",1,0.1,"fugw","028 L6 CT CTX Glut",TRUE,1,1,0,1.72312343880917,5.60199866656313,8,0.700249833320391,"confident_correct","abundance"
8,"raw",1,0.1,"fugw","030 L5 NP CTX Glut",TRUE,1,1,0,0.817968844551969,2.26589277982673,4,0.566473194956683,"confident_correct","abundance"
8,"raw",1,0.1,"fugw","036 Vip Gaba",TRUE,0.6833971643174,0.436636570652621,0.83912511984683,1.95876438240216,8.82632871938724,8,1.10329108992341,"underconfident_correct","abundance"
8,"raw",1,0.1,"fugw","037 Sncg Gaba",FALSE,0.348524753111596,0.302950493776807,0.64652861706201,1.03508588412497,5.55437450931027,3,1.85145816977009,"cross_family_failure","abundance"
8,"raw",1,0.1,"fugw","039 Lamp5 Gaba",TRUE,0.697062607345813,0.394125214691626,0.613332643119874,1.0914244376339,3.95161283145764,4,0.98790320786441,"underconfident_correct","abundance"
8,"raw",1,0.1,"fugw","041 Pvalb chandelier Gaba",FALSE,0.417550015700361,0.164899968599278,0.67948888353984,0,1.97286910861518,1,1.97286910861518,"cross_family_failure","abundance"
8,"raw",1,0.1,"fugw","042 Pvalb Gaba",TRUE,0.523840613577243,0.161093763158332,0.953409664079957,0.891209353617227,4.13820168847459,8,0.517275211059323,"underconfident_correct","abundance"
8,"raw",1,0.1,"fugw","043 Sst Gaba",TRUE,0.67660622463251,0.35321244926502,0.629401173580039,2.53562059025819,17.7604786447168,14,1.26860561747977,"underconfident_correct","abundance"
8,"raw",1,0.1,"fugw","046 Sst Chodl Gaba",FALSE,0.34005383593496,0.319892328130079,0.641071180487764,0,1.89851344104417,1,1.89851344104417,"cross_family_failure","abundance"
8,"raw",1,0.1,"fugw","287 Astro-TE NN",TRUE,1,1,0,0,1,1,1,"confident_correct","abundance"
8,"raw",1,0.1,"fugw","294 OPC NN",FALSE,0,0.21426872354092,0.670012677865264,NA,2.25433914694717,1,2.25433914694717,"cross_family_failure","abundance"
8,"raw",1,0.1,"fugw","295 Oligo NN",FALSE,0,1,0,NA,1,4,0.25,"cross_family_failure","abundance"
8,"raw",1,0.1,"fugw","299 Peri NN",FALSE,0,1,0,NA,1,1,1,"cross_family_failure","abundance"
8,"raw",1,0.1,"fugw","301 Endo NN",TRUE,1,1,0,0,1,1,1,"confident_correct","abundance"
8,"raw",1,0.1,"fugw","302 Microglia NN",TRUE,0.574151911935218,0.148303823870436,0.682109498166861,0,1.97804601863873,1,1.97804601863873,"underconfident_correct","abundance"
9,"raw",1,0.25,"fugw","001 Car3 Glut",FALSE,0.284521134341528,0.270536226543411,0.977944900187536,0,3.38673612677489,1,3.38673612677489,"cross_family_failure","abundance"
9,"raw",1,0.25,"fugw","003 L5/6 IT TPE-ENT Glut",FALSE,0.00100204159115742,0.997995916817685,0.00792135379699804,0,1.00795281072562,2,0.503976405362808,"cross_family_failure","abundance"
9,"raw",1,0.25,"fugw","004 L6 IT CTX Glut",TRUE,0.97967763309658,0.959355266193161,0.0992910701480769,2.1716736398107,9.27044294859414,11,0.842767540781286,"confident_correct","abundance"
9,"raw",1,0.25,"fugw","005 L5 IT CTX Glut",TRUE,0.999999830808748,0.999999661617496,2.80726118725451e-06,0.985272552213878,2.67854890031205,4,0.669637225078011,"confident_correct","abundance"
9,"raw",1,0.25,"fugw","006 L4/5 IT CTX Glut",TRUE,1,1,1.11022302462516e-16,2.31801059288537,10.1554508702062,13,0.781188528477402,"confident_correct","abundance"
9,"raw",1,0.25,"fugw","007 L2/3 IT CTX Glut",TRUE,1,1,0,1.08227199659773,2.95137745891766,4,0.737844364729416,"confident_correct","abundance"
9,"raw",1,0.25,"fugw","022 L5 ET CTX Glut",TRUE,0.621167199085978,0.43640756590438,1.02249130949646,1.66560138286233,8.32362718006678,6,1.3872711966778,"underconfident_correct","abundance"
9,"raw",1,0.25,"fugw","027 L6b CTX Glut",FALSE,0.31649575245867,0.205945809330663,0.997396466363827,0.688764083383692,6.39269468897511,2,3.19634734448755,"cross_family_failure","abundance"
9,"raw",1,0.25,"fugw","028 L6 CT CTX Glut",TRUE,1,1,1.11022302462516e-16,1.72338304284778,5.60345315682884,8,0.700431644603605,"confident_correct","abundance"
9,"raw",1,0.25,"fugw","030 L5 NP CTX Glut",TRUE,1,1,0,0.870083767302124,2.38711080698155,4,0.596777701745387,"confident_correct","abundance"
9,"raw",1,0.25,"fugw","036 Vip Gaba",TRUE,0.681493014913012,0.49915200579286,0.84315225817015,1.95847722583555,10.2303980136177,8,1.27879975170221,"underconfident_correct","abundance"
9,"raw",1,0.25,"fugw","037 Sncg Gaba",FALSE,0,1,0,NA,1,3,0.333333333333333,"cross_family_failure","abundance"
9,"raw",1,0.25,"fugw","039 Lamp5 Gaba",TRUE,0.762645246686178,0.54211535217164,0.608755836653387,1.2714217445257,4.84719208937952,4,1.21179802234488,"underconfident_correct","abundance"
9,"raw",1,0.25,"fugw","041 Pvalb chandelier Gaba",FALSE,0.417985561147782,0.164028877704436,0.679633460077129,0,1.97315435981925,1,1.97315435981925,"cross_family_failure","abundance"
9,"raw",1,0.25,"fugw","042 Pvalb Gaba",TRUE,0.638422299260266,0.276844598520532,0.654320548891381,1.07478419634715,3.82090286479352,8,0.47761285809919,"underconfident_correct","abundance"
9,"raw",1,0.25,"fugw","043 Sst Gaba",TRUE,0.693946612736465,0.417631357249102,0.713479937692145,2.53538372077873,17.5937110727415,14,1.25669364805297,"underconfident_correct","abundance"
9,"raw",1,0.25,"fugw","046 Sst Chodl Gaba",FALSE,0,1,0,NA,1,1,1,"cross_family_failure","abundance"
9,"raw",1,0.25,"fugw","287 Astro-TE NN",FALSE,0,1,0,NA,1,1,1,"cross_family_failure","abundance"
9,"raw",1,0.25,"fugw","294 OPC NN",FALSE,0,1,0,NA,2.71285152715068,1,2.71285152715068,"cross_family_failure","abundance"
9,"raw",1,0.25,"fugw","295 Oligo NN",TRUE,0.505120260242282,0.0102405204845642,0.693094745513563,0.368917880639786,2.40955634511064,4,0.60238908627766,"underconfident_correct","abundance"
9,"raw",1,0.25,"fugw","299 Peri NN",FALSE,0,1,0,NA,1,1,1,"cross_family_failure","abundance"
9,"raw",1,0.25,"fugw","301 Endo NN",TRUE,1,1,0,0,1,1,1,"confident_correct","abundance"
9,"raw",1,0.25,"fugw","302 Microglia NN",TRUE,1,1,0,0,1,1,1,"confident_correct","abundance"
10,"raw",1,0.5,"fugw","001 Car3 Glut",FALSE,0.271148081831287,0.457703836337425,0.58439740750125,0,1.7939096633677,1,1.7939096633677,"cross_family_failure","abundance"
10,"raw",1,0.5,"fugw","003 L5/6 IT TPE-ENT Glut",FALSE,0.00758395046942503,0.984832094630273,0.0445779395742712,0,1.04558646609882,2,0.522793233049411,"cross_family_failure","abundance"
10,"raw",1,0.5,"fugw","004 L6 IT CTX Glut",TRUE,0.978181545161977,0.956363090323953,0.105034252570652,2.17627791972258,9.33554493526336,11,0.84868590320576,"confident_correct","abundance"
10,"raw",1,0.5,"fugw","005 L5 IT CTX Glut",TRUE,0.815359842583445,0.630721692150932,0.478382069090265,1.02745923784881,3.72896632850101,4,0.932241582125254,"underconfident_correct","abundance"
10,"raw",1,0.5,"fugw","006 L4/5 IT CTX Glut",TRUE,1,1,0,2.37504386779539,10.7514848196677,13,0.827037293820596,"confident_correct","abundance"
10,"raw",1,0.5,"fugw","007 L2/3 IT CTX Glut",TRUE,0.983407078357499,0.966814156714998,0.0844652114612677,1.12968832495327,3.30490823218014,4,0.826227058045035,"confident_correct","abundance"
10,"raw",1,0.5,"fugw","022 L5 ET CTX Glut",TRUE,0.649046175655497,0.480135986737469,0.980900709056229,1.66514094974185,7.85895836728963,6,1.30982639454827,"underconfident_correct","abundance"
10,"raw",1,0.5,"fugw","027 L6b CTX Glut",FALSE,0.321724952931331,0.204597322077411,0.988977571699865,0.688732860246442,5.8894765341275,2,2.94473826706375,"cross_family_failure","abundance"
10,"raw",1,0.5,"fugw","028 L6 CT CTX Glut",TRUE,1,1,0,1.72343097263097,5.6037217355602,8,0.700465216945025,"confident_correct","abundance"
10,"raw",1,0.5,"fugw","030 L5 NP CTX Glut",TRUE,1,1,0,1.0590157716583,2.88353153869873,4,0.720882884674682,"confident_correct","abundance"
10,"raw",1,0.5,"fugw","036 Vip Gaba",TRUE,0.680767760752322,0.509156873946815,0.931787655075083,1.95760535935011,10.6209739355919,8,1.32762174194899,"underconfident_correct","abundance"
10,"raw",1,0.5,"fugw","037 Sncg Gaba",FALSE,0.109780598862082,0.780438802275837,0.346056379952425,0,1.41348230563635,3,0.471160768545449,"cross_family_failure","abundance"
10,"raw",1,0.5,"fugw","039 Lamp5 Gaba",TRUE,0.692871022810707,0.385742045621414,0.616784202880428,1.09123713429293,3.94666450175975,4,0.986666125439937,"underconfident_correct","abundance"
10,"raw",1,0.5,"fugw","041 Pvalb chandelier Gaba",FALSE,0.437678452386313,0.124643095227373,0.685358990236385,0,1.98448411810093,1,1.98448411810093,"cross_family_failure","abundance"
10,"raw",1,0.5,"fugw","042 Pvalb Gaba",TRUE,0.697281927411477,0.394563854822955,0.613149759036923,1.17277021835879,4.18246688906063,8,0.522808361132579,"underconfident_correct","abundance"
10,"raw",1,0.5,"fugw","043 Sst Gaba",TRUE,0.748231439862652,0.528235465908765,0.659713736917643,2.53465875295021,17.6679754073138,14,1.26199824337956,"underconfident_correct","abundance"
10,"raw",1,0.5,"fugw","046 Sst Chodl Gaba",FALSE,0,1,0,NA,1,1,1,"cross_family_failure","abundance"
10,"raw",1,0.5,"fugw","287 Astro-TE NN",FALSE,0.0653254422681358,0.869349115463729,0.241375912469686,0,1.2729994817547,1,1.2729994817547,"cross_family_failure","abundance"
10,"raw",1,0.5,"fugw","294 OPC NN",FALSE,7.96102786112888e-05,0.99984077666624,0.000831055643445142,0,2.7641309608371,1,2.7641309608371,"cross_family_failure","abundance"
10,"raw",1,0.5,"fugw","295 Oligo NN",FALSE,0.215073175776298,0.569853648447404,0.520601134587077,0.318062413126674,1.80219943600971,4,0.450549859002429,"cross_family_failure","abundance"
10,"raw",1,0.5,"fugw","299 Peri NN",TRUE,1,1,0,0,1,1,1,"confident_correct","abundance"
10,"raw",1,0.5,"fugw","301 Endo NN",TRUE,1,1,0,0,1,1,1,"confident_correct","abundance"
10,"raw",1,0.5,"fugw","302 Microglia NN",TRUE,1,1,0,0,1,1,1,"confident_correct","abundance"
11,"raw",1,0.75,"fugw","001 Car3 Glut",FALSE,0.211933010695068,0.576133978609864,0.516506529461365,0,1.67616178773322,1,1.67616178773322,"cross_family_failure","abundance"
11,"raw",1,0.75,"fugw","003 L5/6 IT TPE-ENT Glut",FALSE,2.70105406522146e-06,0.882977727033319,0.222884474783154,0,1.24967619628296,2,0.624838098141481,"cross_family_failure","abundance"
11,"raw",1,0.75,"fugw","004 L6 IT CTX Glut",TRUE,0.976055920178447,0.952111840510696,0.113015231850938,2.05068987322841,8.28629730212729,11,0.753299754738845,"confident_correct","abundance"
11,"raw",1,0.75,"fugw","005 L5 IT CTX Glut",TRUE,0.592029358106522,0.184058716213043,0.676111413943959,1.0244449902538,3.60604976010791,4,0.901512440026977,"underconfident_correct","abundance"
11,"raw",1,0.75,"fugw","006 L4/5 IT CTX Glut",TRUE,0.999810366072881,0.999620732145761,0.00181485740723956,2.37592706501013,10.7756759374642,13,0.828898149035709,"confident_correct","abundance"
11,"raw",1,0.75,"fugw","007 L2/3 IT CTX Glut",TRUE,1,1,0,1.3392183168412,3.81605938984385,4,0.954014847460961,"confident_correct","abundance"
11,"raw",1,0.75,"fugw","022 L5 ET CTX Glut",TRUE,0.780872360896789,0.650513583630512,0.734544699575315,1.66370080227727,7.64217824294598,6,1.27369637382433,"underconfident_correct","abundance"
11,"raw",1,0.75,"fugw","027 L6b CTX Glut",FALSE,0.339804682764344,0.22272913108887,0.917592667755279,0.68863688623278,5.81553088514547,2,2.90776544257273,"cross_family_failure","abundance"
11,"raw",1,0.75,"fugw","028 L6 CT CTX Glut",TRUE,1,1,0,1.72428843935013,5.60852880110667,8,0.701066100138334,"confident_correct","abundance"
11,"raw",1,0.75,"fugw","030 L5 NP CTX Glut",TRUE,1,1,1.11022302462516e-16,1.05271669656112,2.86542504394608,4,0.716356260986521,"confident_correct","abundance"
11,"raw",1,0.75,"fugw","036 Vip Gaba",TRUE,0.773270624730316,0.589268559201817,0.645024017246753,1.95487058959354,8.64229367586895,8,1.08028670948362,"underconfident_correct","abundance"
11,"raw",1,0.75,"fugw","037 Sncg Gaba",FALSE,0.46204946374702,0.0759010725059597,0.690263922029126,1.09787306971412,3.31194485112111,3,1.10398161704037,"cross_family_failure","abundance"
11,"raw",1,0.75,"fugw","039 Lamp5 Gaba",TRUE,0.667162447601029,0.334324895202058,0.636169965953583,1.09079944943178,3.91145878996479,4,0.977864697491197,"underconfident_correct","abundance"
11,"raw",1,0.75,"fugw","041 Pvalb chandelier Gaba",FALSE,0.464724992170099,0.070550015659802,0.690656459620453,0,1.99502475666446,1,1.99502475666446,"cross_family_failure","abundance"
11,"raw",1,0.75,"fugw","042 Pvalb Gaba",TRUE,0.999999997281363,0.999999994562727,5.63386731054237e-08,1.68569175564141,5.39618276049843,8,0.674522845062304,"confident_correct","abundance"
11,"raw",1,0.75,"fugw","043 Sst Gaba",TRUE,0.86708836290776,0.769998534051475,0.469342185587663,2.53238384876891,15.2253837920276,14,1.08752741371626,"underconfident_correct","abundance"
11,"raw",1,0.75,"fugw","046 Sst Chodl Gaba",FALSE,0,1,0,NA,1,1,1,"cross_family_failure","abundance"
11,"raw",1,0.75,"fugw","287 Astro-TE NN",FALSE,0,0.604679871712955,0.497141422977406,NA,1.64401500377704,1,1.64401500377704,"cross_family_failure","abundance"
11,"raw",1,0.75,"fugw","294 OPC NN",FALSE,0,0.265721358961589,0.657415606564291,NA,2.83279911121304,1,2.83279911121304,"cross_family_failure","abundance"
11,"raw",1,0.75,"fugw","295 Oligo NN",FALSE,0.211322296680406,0.24192017028119,1.02466468599881,0.28163923796458,2.95701802512992,4,0.739254506282481,"cross_family_failure","abundance"
11,"raw",1,0.75,"fugw","299 Peri NN",TRUE,1,1,0,0,1,1,1,"confident_correct","abundance"
11,"raw",1,0.75,"fugw","301 Endo NN",TRUE,1,1,0,0,1,1,1,"confident_correct","abundance"
11,"raw",1,0.75,"fugw","302 Microglia NN",TRUE,1,1,0,0,1,1,1,"confident_correct","abundance"
12,"raw",1,0.9,"fugw","001 Car3 Glut",FALSE,0.194533235461205,0.61093352907759,0.492729838656144,0,1.63677826743557,1,1.63677826743557,"cross_family_failure","abundance"
12,"raw",1,0.9,"fugw","003 L5/6 IT TPE-ENT Glut",FALSE,0.0650700296832683,0.389389469583439,0.805127374222969,0,2.23698141444361,2,1.11849070722181,"cross_family_failure","abundance"
12,"raw",1,0.9,"fugw","004 L6 IT CTX Glut",TRUE,0.97670653970471,0.953413079409421,0.1105937250807,2.02692125456057,8.08734884643757,11,0.735213531494324,"confident_correct","abundance"
12,"raw",1,0.9,"fugw","005 L5 IT CTX Glut",TRUE,0.550788843284573,0.101577686569146,0.687979258730314,0.96965207280643,3.3941481020769,4,0.848537025519225,"underconfident_correct","abundance"
12,"raw",1,0.9,"fugw","006 L4/5 IT CTX Glut",TRUE,1,1,-2.22044604925031e-16,2.2795313025927,9.77209917845838,13,0.751699936804491,"confident_correct","abundance"
12,"raw",1,0.9,"fugw","007 L2/3 IT CTX Glut",TRUE,0.908841090944316,0.817682181888632,0.30521094762529,1.36523630668317,4.69263285833154,4,1.17315821458288,"confident_correct","abundance"
12,"raw",1,0.9,"fugw","022 L5 ET CTX Glut",TRUE,1,1,0,1.65902586277391,5.25419004855364,6,0.875698341425607,"confident_correct","abundance"
12,"raw",1,0.9,"fugw","027 L6b CTX Glut",FALSE,0.397098819568182,0.205802360863637,0.671817790220894,0.688329620690123,4.94017497495434,2,2.47008748747717,"cross_family_failure","abundance"
12,"raw",1,0.9,"fugw","028 L6 CT CTX Glut",TRUE,1,1,0,1.72288816482793,5.60068081706789,8,0.700085102133486,"confident_correct","abundance"
12,"raw",1,0.9,"fugw","030 L5 NP CTX Glut",TRUE,1,1,1.11022302462516e-16,1.03732882517702,2.8216697655921,4,0.705417441398024,"confident_correct","abundance"
12,"raw",1,0.9,"fugw","036 Vip Gaba",TRUE,0.894920174518848,0.789840349037696,0.33610323556338,1.90201990238261,7.67723317472965,8,0.959654146841206,"underconfident_correct","abundance"
12,"raw",1,0.9,"fugw","037 Sncg Gaba",TRUE,0.624414059960874,0.388188908578517,0.909565110212831,1.09792638904,4.92894901768567,3,1.64298300589522,"underconfident_correct","abundance"
12,"raw",1,0.9,"fugw","039 Lamp5 Gaba",TRUE,1,1,-2.22044604925031e-16,1.09872672759368,3.00034333642187,4,0.750085834105468,"confident_correct","abundance"
12,"raw",1,0.9,"fugw","041 Pvalb chandelier Gaba",FALSE,0.415073290822979,0.169853418354043,0.678651914575238,0,1.97121856922153,1,1.97121856922153,"cross_family_failure","abundance"
12,"raw",1,0.9,"fugw","042 Pvalb Gaba",TRUE,1,1,1.11022302462516e-16,1.69487771070381,5.44597993943586,8,0.680747492429483,"confident_correct","abundance"
12,"raw",1,0.9,"fugw","043 Sst Gaba",TRUE,0.973951290324369,0.947902580648738,0.120726602915607,2.52456995571132,13.1909998671402,14,0.942214276224301,"confident_correct","abundance"
12,"raw",1,0.9,"fugw","046 Sst Chodl Gaba",FALSE,0.37871792776135,0.2425641444773,0.663433000504027,0,1.94144589175948,1,1.94144589175948,"cross_family_failure","abundance"
12,"raw",1,0.9,"fugw","287 Astro-TE NN",FALSE,0.375597964646043,0.0835292692546204,1.02271521036879,0,2.78073480290571,1,2.78073480290571,"cross_family_failure","abundance"
12,"raw",1,0.9,"fugw","294 OPC NN",FALSE,0.282483109291844,0.031625059155253,1.09193088973404,0,3.31609687863493,1,3.31609687863493,"cross_family_failure","abundance"
12,"raw",1,0.9,"fugw","295 Oligo NN",TRUE,0.8055230508626,0.6110461017252,0.492649855872208,0.814489504169002,3.15421585965608,4,0.788553964914019,"underconfident_correct","abundance"
12,"raw",1,0.9,"fugw","299 Peri NN",TRUE,1,1,0,0,1,1,1,"confident_correct","abundance"
12,"raw",1,0.9,"fugw","301 Endo NN",TRUE,1,1,0,0,1,1,1,"confident_correct","abundance"
12,"raw",1,0.9,"fugw","302 Microglia NN",TRUE,1,1,0,0,1,1,1,"confident_correct","abundance"
13,"raw",1,1,"uot_molecular","001 Car3 Glut",FALSE,0.237939142076198,0.524121715847604,0.54869275410525,0,1.73098871030106,1,1.73098871030106,"cross_family_failure","abundance"
13,"raw",1,1,"uot_molecular","003 L5/6 IT TPE-ENT Glut",FALSE,0.0765791920282425,0.116300960329729,0.903057252816492,0,2.46713424612178,2,1.23356712306089,"cross_family_failure","abundance"
13,"raw",1,1,"uot_molecular","004 L6 IT CTX Glut",TRUE,0.884007951188959,0.790663873996501,0.416134046802242,2.06376567341887,9.39821063047462,11,0.854382784588602,"underconfident_correct","abundance"
13,"raw",1,1,"uot_molecular","005 L5 IT CTX Glut",TRUE,0.567006200445072,0.134012400890145,0.684140445691356,0.689799095940914,2.93075717208584,4,0.732689293021459,"underconfident_correct","abundance"
13,"raw",1,1,"uot_molecular","006 L4/5 IT CTX Glut",TRUE,0.972103182324056,0.944206364648112,0.127353511619235,2.3030116897785,10.6559512752756,13,0.819688559636582,"confident_correct","abundance"
13,"raw",1,1,"uot_molecular","007 L2/3 IT CTX Glut",TRUE,0.866265041753401,0.732530083506802,0.393425532262735,1.13038508715288,3.94574829025071,4,0.986437072562678,"underconfident_correct","abundance"
13,"raw",1,1,"uot_molecular","022 L5 ET CTX Glut",TRUE,0.718684167439304,0.465526615423089,0.70519498080469,1.66486766577621,7.81264126323852,6,1.30210687720642,"underconfident_correct","abundance"
13,"raw",1,1,"uot_molecular","027 L6b CTX Glut",FALSE,0.331668125735853,0.176345550736755,1.00356405597225,0.688696985271493,5.8243205537678,2,2.9121602768839,"cross_family_failure","abundance"
13,"raw",1,1,"uot_molecular","028 L6 CT CTX Glut",TRUE,1,1,0,1.72278126012324,5.60008210994193,8,0.700010263742741,"confident_correct","abundance"
13,"raw",1,1,"uot_molecular","030 L5 NP CTX Glut",TRUE,1,1,0,1.05906811874057,2.88368248711225,4,0.720920621778063,"confident_correct","abundance"
13,"raw",1,1,"uot_molecular","036 Vip Gaba",TRUE,0.736490752912999,0.529015486354315,0.745596265618834,1.95675730099546,8.98445299199949,8,1.12305662399994,"underconfident_correct","abundance"
13,"raw",1,1,"uot_molecular","037 Sncg Gaba",FALSE,0.427571933657384,0.144820730829581,0.683021170640766,1.09441547565537,3.16129081276421,3,1.05376360425474,"cross_family_failure","abundance"
13,"raw",1,1,"uot_molecular","039 Lamp5 Gaba",TRUE,0.683200881294765,0.366401762589529,0.624433139282789,1.0912997677784,4.24266155029783,4,1.06066538757446,"underconfident_correct","abundance"
13,"raw",1,1,"uot_molecular","041 Pvalb chandelier Gaba",TRUE,0.437543807030917,0.0183445938898123,1.00459862002788,0,3.23300944335495,1,3.23300944335495,"diffuse_correct","abundance"
13,"raw",1,1,"uot_molecular","042 Pvalb Gaba",TRUE,0.767661186336958,0.536482542362334,0.549562697423662,1.32832260743699,4.80311375808264,8,0.60038921976033,"underconfident_correct","abundance"
13,"raw",1,1,"uot_molecular","043 Sst Gaba",TRUE,0.747688840512137,0.564232333497024,0.784624679304737,2.5341821816085,18.2503177806344,14,1.30359412718817,"underconfident_correct","abundance"
13,"raw",1,1,"uot_molecular","046 Sst Chodl Gaba",FALSE,3.17033244007634e-09,0.999999993659335,6.52119291344318e-08,0,1.00000006521193,1,1.00000006521193,"cross_family_failure","abundance"
13,"raw",1,1,"uot_molecular","287 Astro-TE NN",FALSE,0.0949368383213095,0.50231767028928,0.793571986750983,0,2.21128100251532,1,2.21128100251532,"cross_family_failure","abundance"
13,"raw",1,1,"uot_molecular","294 OPC NN",FALSE,2.03251660750228e-09,0.447801542713657,0.589231972539294,0,2.8098061794547,1,2.8098061794547,"cross_family_failure","abundance"
13,"raw",1,1,"uot_molecular","295 Oligo NN",FALSE,0.37154997327524,0.256716022230479,0.661456717329604,0.693514378330568,2.5071131858036,4,0.626778296450901,"cross_family_failure","abundance"
13,"raw",1,1,"uot_molecular","299 Peri NN",TRUE,0.995805898149082,0.993111431196999,0.0298786822126531,0,1.03032952907231,1,1.03032952907231,"confident_correct","abundance"
13,"raw",1,1,"uot_molecular","301 Endo NN",TRUE,0.99996628014205,0.99993259913747,0.000381248666456664,0,1.00038132135097,1,1.00038132135097,"confident_correct","abundance"
13,"raw",1,1,"uot_molecular","302 Microglia NN",TRUE,1,1,0,0,1,1,1,"confident_correct","abundance"
14,"raw",3,0,"gw_only","001 Car3 Glut",FALSE,0,0.559037546735508,0.527517689200284,NA,2.73401419755655,1,2.73401419755655,"cross_family_failure","abundance"
14,"raw",3,0,"gw_only","003 L5/6 IT TPE-ENT Glut",FALSE,0,1,0,NA,1.97814861612326,2,0.989074308061631,"cross_family_failure","abundance"
14,"raw",3,0,"gw_only","004 L6 IT CTX Glut",TRUE,0.983642381565256,0.972980578621312,0.0940753880593394,2.17194452431715,9.30489075117125,11,0.845899159197387,"confident_correct","abundance"
14,"raw",3,0,"gw_only","005 L5 IT CTX Glut",FALSE,0,1,-2.22044604925031e-16,NA,4.41656542741411,4,1.10414135685353,"cross_family_failure","abundance"
14,"raw",3,0,"gw_only","006 L4/5 IT CTX Glut",TRUE,1,1,0,2.29797825711684,9.95403759314848,13,0.76569519947296,"confident_correct","abundance"
14,"raw",3,0,"gw_only","007 L2/3 IT CTX Glut",FALSE,0,1,0,NA,2.94480349125835,4,0.736200872814589,"cross_family_failure","abundance"
14,"raw",3,0,"gw_only","022 L5 ET CTX Glut",FALSE,7.8034267853255e-05,0.931063804952908,0.150679484962405,0.0286569849733869,4.32474819907456,6,0.720791366512427,"cross_family_failure","abundance"
14,"raw",3,0,"gw_only","027 L6b CTX Glut",FALSE,0,0.464948375352184,0.580782397968079,NA,1.78743637039046,2,0.893718185195229,"cross_family_failure","abundance"
14,"raw",3,0,"gw_only","028 L6 CT CTX Glut",FALSE,0,0.292677004730262,0.64968383167474,NA,12.2370242494729,8,1.52962803118411,"cross_family_failure","abundance"
14,"raw",3,0,"gw_only","030 L5 NP CTX Glut",FALSE,0,0.459262386896332,0.764748400050251,NA,8.45771697299217,4,2.11442924324804,"cross_family_failure","abundance"
14,"raw",3,0,"gw_only","036 Vip Gaba",FALSE,0.479959704842014,0.0400805903159727,0.692343738503799,1.61927765638807,8.24095277819953,8,1.03011909727494,"cross_family_failure","abundance"
14,"raw",3,0,"gw_only","037 Sncg Gaba",FALSE,0,0.0751398482722991,0.690321519703256,NA,3.5344902663932,3,1.17816342213107,"cross_family_failure","abundance"
14,"raw",3,0,"gw_only","039 Lamp5 Gaba",FALSE,0,0.466781758468269,0.579856949465017,NA,3.56162990099957,4,0.890407475249892,"cross_family_failure","abundance"
14,"raw",3,0,"gw_only","041 Pvalb chandelier Gaba",FALSE,0,0.0889080377692938,0.689189637492906,NA,2.81129041998123,1,2.81129041998123,"cross_family_failure","abundance"
14,"raw",3,0,"gw_only","042 Pvalb Gaba",FALSE,0,0.96364103745653,0.0908667992829917,NA,3.06489058417931,8,0.383111323022414,"cross_family_failure","abundance"
14,"raw",3,0,"gw_only","043 Sst Gaba",FALSE,0,0.931096901850698,0.149890912388157,NA,7.58480132332675,14,0.541771523094768,"cross_family_failure","abundance"
14,"raw",3,0,"gw_only","046 Sst Chodl Gaba",FALSE,0,0.952124668760038,0.112991445346912,NA,3.26924290506167,1,3.26924290506167,"cross_family_failure","abundance"
14,"raw",3,0,"gw_only","287 Astro-TE NN",TRUE,0.616800682087806,0.233601364320354,0.665608651173372,0,2.01795677629772,1,2.01795677629772,"underconfident_correct","abundance"
14,"raw",3,0,"gw_only","294 OPC NN",FALSE,0,0.563605736922869,0.524616642113564,NA,1.68981092184968,1,1.68981092184968,"cross_family_failure","abundance"
14,"raw",3,0,"gw_only","295 Oligo NN",FALSE,0,1,0,NA,1,4,0.25,"cross_family_failure","abundance"
14,"raw",3,0,"gw_only","299 Peri NN",FALSE,0.17298767988509,0.200463838522076,1.01255679284656,0,2.75263060128658,1,2.75263060128658,"cross_family_failure","abundance"
14,"raw",3,0,"gw_only","301 Endo NN",FALSE,0,0.34859842967895,0.777337165015418,NA,2.17567132125538,1,2.17567132125538,"cross_family_failure","abundance"
14,"raw",3,0,"gw_only","302 Microglia NN",FALSE,0,0.336462194993728,0.635650888669089,NA,1.88825093716313,1,1.88825093716313,"cross_family_failure","abundance"
15,"raw",3,0.1,"fugw","001 Car3 Glut",FALSE,0,0.80014012700105,0.324929000868823,NA,2.57696533070544,1,2.57696533070544,"cross_family_failure","abundance"
15,"raw",3,0.1,"fugw","003 L5/6 IT TPE-ENT Glut",FALSE,0,1,0,NA,1,2,0.5,"cross_family_failure","abundance"
15,"raw",3,0.1,"fugw","004 L6 IT CTX Glut",TRUE,0.980343753019138,0.960687506038275,0.0966982567951102,2.17197230885785,9.37755412434484,11,0.852504920394985,"confident_correct","abundance"
15,"raw",3,0.1,"fugw","005 L5 IT CTX Glut",TRUE,1,1,-2.22044604925031e-16,0.93032529009511,2.53533376245667,4,0.633833440614167,"confident_correct","abundance"
15,"raw",3,0.1,"fugw","006 L4/5 IT CTX Glut",TRUE,1,1,0,2.30809741240161,10.0552754019462,13,0.773482723226627,"confident_correct","abundance"
15,"raw",3,0.1,"fugw","007 L2/3 IT CTX Glut",TRUE,1,1,0,1.08473405464418,2.95865287411065,4,0.739663218527662,"confident_correct","abundance"
15,"raw",3,0.1,"fugw","022 L5 ET CTX Glut",TRUE,0.604023870797996,0.384250587535601,0.943414141456474,1.66604535593457,8.47553462007586,6,1.41258910334598,"underconfident_correct","abundance"
15,"raw",3,0.1,"fugw","027 L6b CTX Glut",FALSE,0.309554696453515,0.112219823947857,1.26244255152271,0.688783850837325,6.86674154643073,2,3.43337077321536,"cross_family_failure","abundance"
15,"raw",3,0.1,"fugw","028 L6 CT CTX Glut",TRUE,1,1,1.11022302462516e-16,1.71789605399708,5.57279126947712,8,0.696598908684641,"confident_correct","abundance"
15,"raw",3,0.1,"fugw","030 L5 NP CTX Glut",TRUE,1,1,0,0.829033002926012,2.29110217962917,4,0.572775544907293,"confident_correct","abundance"
15,"raw",3,0.1,"fugw","036 Vip Gaba",TRUE,0.656224159497029,0.312448318994057,0.643508260710491,1.95683194276827,6.87319220950771,8,0.859149026188463,"underconfident_correct","abundance"
15,"raw",3,0.1,"fugw","037 Sncg Gaba",FALSE,0.44412619706264,0.0658935641152639,0.845231615597468,1.09784720248324,5.01726739458712,3,1.67242246486237,"cross_family_failure","abundance"
15,"raw",3,0.1,"fugw","039 Lamp5 Gaba",TRUE,0.754842601903428,0.509685203806855,0.556952194948269,1.27231538374876,4.56012506487989,4,1.14003126621997,"underconfident_correct","abundance"
15,"raw",3,0.1,"fugw","041 Pvalb chandelier Gaba",FALSE,0.411509101975711,0.176981796048577,0.677403102064541,0,2.92712508369214,1,2.92712508369214,"cross_family_failure","abundance"
15,"raw",3,0.1,"fugw","042 Pvalb Gaba",FALSE,0.281602137543189,0.00372983697759793,1.09240588646254,0,2.98143845317749,8,0.372679806647187,"cross_family_failure","abundance"
15,"raw",3,0.1,"fugw","043 Sst Gaba",TRUE,0.626958970867372,0.253917941734745,0.660554353102754,2.53604029774181,18.5849612468091,14,1.32749723191494,"underconfident_correct","abundance"
15,"raw",3,0.1,"fugw","046 Sst Chodl Gaba",FALSE,0.3526892153654,0.237516600898851,0.842279264789776,0,3.49382096400108,1,3.49382096400108,"cross_family_failure","abundance"
15,"raw",3,0.1,"fugw","287 Astro-TE NN",TRUE,1,1,0,0,1,1,1,"confident_correct","abundance"
15,"raw",3,0.1,"fugw","294 OPC NN",FALSE,0,1,0,NA,2.57194528080472,1,2.57194528080472,"cross_family_failure","abundance"
15,"raw",3,0.1,"fugw","295 Oligo NN",FALSE,0,1,0,NA,1,4,0.25,"cross_family_failure","abundance"
15,"raw",3,0.1,"fugw","299 Peri NN",FALSE,0,1,0,NA,1,1,1,"cross_family_failure","abundance"
15,"raw",3,0.1,"fugw","301 Endo NN",FALSE,0,1,0,NA,1,1,1,"cross_family_failure","abundance"
15,"raw",3,0.1,"fugw","302 Microglia NN",TRUE,0.837189512922941,0.674379025845882,0.444301060444797,0,1.55939988858311,1,1.55939988858311,"underconfident_correct","abundance"
16,"raw",3,0.25,"fugw","001 Car3 Glut",FALSE,0,1,0,NA,1,1,1,"cross_family_failure","abundance"
16,"raw",3,0.25,"fugw","003 L5/6 IT TPE-ENT Glut",FALSE,0,1,0,NA,1,2,0.5,"cross_family_failure","abundance"
16,"raw",3,0.25,"fugw","004 L6 IT CTX Glut",TRUE,0.974676242649068,0.953724384907827,0.129740958256691,2.1720246988694,9.45706263068711,11,0.859732966426101,"confident_correct","abundance"
16,"raw",3,0.25,"fugw","005 L5 IT CTX Glut",TRUE,0.789639558000729,0.579279116001459,0.514433837990453,1.03844963513453,3.7978486014219,4,0.949462150355474,"underconfident_correct","abundance"
16,"raw",3,0.25,"fugw","006 L4/5 IT CTX Glut",TRUE,1,1,0,2.38499809078111,10.8590419326128,13,0.83531091789329,"confident_correct","abundance"
16,"raw",3,0.25,"fugw","007 L2/3 IT CTX Glut",TRUE,1,1,0,1.08435142198813,2.95752101346032,4,0.73938025336508,"confident_correct","abundance"
16,"raw",3,0.25,"fugw","022 L5 ET CTX Glut",TRUE,0.602011873751868,0.395287551382569,1.04347835164266,1.66599671192792,8.70651202716746,6,1.45108533786124,"underconfident_correct","abundance"
16,"raw",3,0.25,"fugw","027 L6b CTX Glut",FALSE,0.310264632344989,0.113896964956046,1.258375594171,0.688780453920842,6.83383375989967,2,3.41691687994984,"cross_family_failure","abundance"
16,"raw",3,0.25,"fugw","028 L6 CT CTX Glut",TRUE,1,1,0,1.718053008177,5.57366601100607,8,0.696708251375759,"confident_correct","abundance"
16,"raw",3,0.25,"fugw","030 L5 NP CTX Glut",TRUE,1,1,0,0.87010797112732,2.38716858489347,4,0.596792146223367,"confident_correct","abundance"
16,"raw",3,0.25,"fugw","036 Vip Gaba",TRUE,0.685936114879156,0.426119484687696,0.798006465587818,1.95903738632808,8.51534706421223,8,1.06441838302653,"underconfident_correct","abundance"
16,"raw",3,0.25,"fugw","037 Sncg Gaba",TRUE,0.449580687547494,0.172082227171887,1.06955754472456,1.097847859909,4.77419369636844,3,1.59139789878948,"diffuse_correct","abundance"
16,"raw",3,0.25,"fugw","039 Lamp5 Gaba",TRUE,0.574633982852957,0.149267965705914,0.681964974629158,0.985770792073069,3.48484083269224,4,0.871210208173061,"underconfident_correct","abundance"
16,"raw",3,0.25,"fugw","041 Pvalb chandelier Gaba",FALSE,0.419210070836934,0.161579858326132,0.68003575109072,0,1.97394830177378,1,1.97394830177378,"cross_family_failure","abundance"
16,"raw",3,0.25,"fugw","042 Pvalb Gaba",FALSE,0.344102655550141,0.0184586230192077,1.09469278671923,0.174711549881826,3.17342515459744,8,0.39667814432468,"cross_family_failure","abundance"
16,"raw",3,0.25,"fugw","043 Sst Gaba",TRUE,0.6446650596675,0.289330119335001,0.650686768214734,2.53596304665603,18.1185871777625,14,1.29418479841161,"underconfident_correct","abundance"
16,"raw",3,0.25,"fugw","046 Sst Chodl Gaba",FALSE,0.354606764079569,0.290786471840863,0.65025185770323,0,1.91602333348622,1,1.91602333348622,"cross_family_failure","abundance"
16,"raw",3,0.25,"fugw","287 Astro-TE NN",TRUE,1,1,0,0,1,1,1,"confident_correct","abundance"
16,"raw",3,0.25,"fugw","294 OPC NN",FALSE,0,1,-2.22044604925031e-16,NA,2.58044658962453,1,2.58044658962453,"cross_family_failure","abundance"
16,"raw",3,0.25,"fugw","295 Oligo NN",FALSE,0.0368663898969058,0.926267220206188,0.157854176424773,0,1.17099542351751,4,0.292748855879377,"cross_family_failure","abundance"
16,"raw",3,0.25,"fugw","299 Peri NN",FALSE,0,1,0,NA,1,1,1,"cross_family_failure","abundance"
16,"raw",3,0.25,"fugw","301 Endo NN",TRUE,0.817295725561389,0.634591451122779,0.475469429255011,0,1.60876922359436,1,1.60876922359436,"underconfident_correct","abundance"
16,"raw",3,0.25,"fugw","302 Microglia NN",TRUE,1,1,0,0,1,1,1,"confident_correct","abundance"
17,"raw",3,0.5,"fugw","001 Car3 Glut",FALSE,0.282692294138363,0.434615409976116,0.595478180000242,0,1.8138981074112,1,1.8138981074112,"cross_family_failure","abundance"
17,"raw",3,0.5,"fugw","003 L5/6 IT TPE-ENT Glut",FALSE,0,1,0,NA,1,2,0.5,"cross_family_failure","abundance"
17,"raw",3,0.5,"fugw","004 L6 IT CTX Glut",TRUE,0.976636254584988,0.955613969119032,0.118462526248492,2.1721532121078,9.39207363939607,11,0.853824876308734,"confident_correct","abundance"
17,"raw",3,0.5,"fugw","005 L5 IT CTX Glut",TRUE,0.852531517221852,0.705063034443705,0.418292666215996,1.02740937623294,3.64804548475775,4,0.912011371189437,"underconfident_correct","abundance"
17,"raw",3,0.5,"fugw","006 L4/5 IT CTX Glut",TRUE,1,1,-2.22044604925031e-16,2.38347795471051,10.842547251535,13,0.834042096271922,"confident_correct","abundance"
17,"raw",3,0.5,"fugw","007 L2/3 IT CTX Glut",TRUE,0.992835064398874,0.985670128797749,0.0425236431024623,1.0840126020338,3.06108480522656,4,0.765271201306641,"confident_correct","abundance"
17,"raw",3,0.5,"fugw","022 L5 ET CTX Glut",TRUE,0.613919699794204,0.411838011975747,1.02832114897539,1.66584861007318,8.38889609100126,6,1.39814934850021,"underconfident_correct","abundance"
17,"raw",3,0.5,"fugw","027 L6b CTX Glut",FALSE,0.316963238286726,0.17686971955202,1.02762004878779,0.68877021243035,5.80289152561356,2,2.90144576280678,"cross_family_failure","abundance"
17,"raw",3,0.5,"fugw","028 L6 CT CTX Glut",TRUE,1,1,1.11022302462516e-16,1.72212466028823,5.59640630385142,8,0.699550787981427,"confident_correct","abundance"
17,"raw",3,0.5,"fugw","030 L5 NP CTX Glut",TRUE,1,1,0,1.06254361359519,2.89372214704596,4,0.72343053676149,"confident_correct","abundance"
17,"raw",3,0.5,"fugw","036 Vip Gaba",TRUE,0.680185608297212,0.482388957315166,0.91623456765567,1.95875391348557,10.0065969656214,8,1.25082462070268,"underconfident_correct","abundance"
17,"raw",3,0.5,"fugw","037 Sncg Gaba",FALSE,0.198170563087463,0.603658873825073,0.497855802552679,0.608096445685394,1.85588675635138,3,0.618628918783794,"cross_family_failure","abundance"
17,"raw",3,0.5,"fugw","039 Lamp5 Gaba",TRUE,0.69628736959102,0.39257473918204,0.613977264434554,1.0913843613527,3.95070644838305,4,0.987676612095763,"underconfident_correct","abundance"
17,"raw",3,0.5,"fugw","041 Pvalb chandelier Gaba",FALSE,0.421120425786041,0.157759148427919,0.680651067782864,0,1.97516327887281,1,1.97516327887281,"cross_family_failure","abundance"
17,"raw",3,0.5,"fugw","042 Pvalb Gaba",TRUE,0.636626804032475,0.275248776756328,0.667708290733433,1.12576069380849,3.99242063879636,8,0.499052579849544,"underconfident_correct","abundance"
17,"raw",3,0.5,"fugw","043 Sst Gaba",TRUE,0.667522392346663,0.406538887348578,0.857632115342861,2.53573380367191,18.7565777734243,14,1.33975555524459,"underconfident_correct","abundance"
17,"raw",3,0.5,"fugw","046 Sst Chodl Gaba",FALSE,0,1,0,NA,1,1,1,"cross_family_failure","abundance"
17,"raw",3,0.5,"fugw","287 Astro-TE NN",FALSE,0,1,0,NA,1,1,1,"cross_family_failure","abundance"
17,"raw",3,0.5,"fugw","294 OPC NN",FALSE,0,1,-2.22044604925031e-16,NA,2.63362529510122,1,2.63362529510122,"cross_family_failure","abundance"
17,"raw",3,0.5,"fugw","295 Oligo NN",FALSE,0.383100469230819,0.233799061538363,0.665561576168141,0.602884330372626,2.45107534852521,4,0.612768837131303,"cross_family_failure","abundance"
17,"raw",3,0.5,"fugw","299 Peri NN",FALSE,0,0.176804743597211,0.677434754399443,NA,1.9688207400484,1,1.9688207400484,"cross_family_failure","abundance"
17,"raw",3,0.5,"fugw","301 Endo NN",TRUE,1,1,0,0,1,1,1,"confident_correct","abundance"
17,"raw",3,0.5,"fugw","302 Microglia NN",TRUE,1,1,0,0,1,1,1,"confident_correct","abundance"
18,"raw",3,0.75,"fugw","001 Car3 Glut",FALSE,0.262448561332444,0.475102877335112,0.57560248614151,0,1.77820154603285,1,1.77820154603285,"cross_family_failure","abundance"
18,"raw",3,0.75,"fugw","003 L5/6 IT TPE-ENT Glut",FALSE,0,0.251867309788246,0.661084443044389,NA,1.93689164457683,2,0.968445822288417,"cross_family_failure","abundance"
18,"raw",3,0.75,"fugw","004 L6 IT CTX Glut",TRUE,0.907437203815586,0.836478429825796,0.358721466208131,2.16384549000434,10.1988540623115,11,0.927168551119226,"confident_correct","abundance"
18,"raw",3,0.75,"fugw","005 L5 IT CTX Glut",TRUE,0.711945859497264,0.423891718994527,0.600400184143388,0.93427595154511,3.54505643504021,4,0.886264108760052,"underconfident_correct","abundance"
18,"raw",3,0.75,"fugw","006 L4/5 IT CTX Glut",TRUE,0.985388712688765,0.970777425377531,0.0762507482677587,2.30014116478241,10.4101770444614,13,0.800782849573956,"confident_correct","abundance"
18,"raw",3,0.75,"fugw","007 L2/3 IT CTX Glut",TRUE,0.856735928751973,0.713471857503945,0.410844760458213,1.07710005652597,3.79481278549283,4,0.948703196373208,"underconfident_correct","abundance"
18,"raw",3,0.75,"fugw","022 L5 ET CTX Glut",TRUE,0.652242520089932,0.368615336167411,0.855379263697988,1.66539883717419,8.39746236026485,6,1.39957706004414,"underconfident_correct","abundance"
18,"raw",3,0.75,"fugw","027 L6b CTX Glut",FALSE,0.322672745779428,0.180996191300351,1.01443249325868,0.688739331045715,5.82730470769605,2,2.91365235384803,"cross_family_failure","abundance"
18,"raw",3,0.75,"fugw","028 L6 CT CTX Glut",TRUE,1,1,-2.22044604925031e-16,1.72251496747914,5.59859104780793,8,0.699823880975991,"confident_correct","abundance"
18,"raw",3,0.75,"fugw","030 L5 NP CTX Glut",TRUE,1,1,0,1.06090795570802,2.8889928763817,4,0.722248219095425,"confident_correct","abundance"
18,"raw",3,0.75,"fugw","036 Vip Gaba",TRUE,0.699677423162725,0.502441471290933,0.873273998099666,1.95789030162362,9.69424512567922,8,1.2117806407099,"underconfident_correct","abundance"
18,"raw",3,0.75,"fugw","037 Sncg Gaba",FALSE,0.261875129803896,0.476249740392209,0.575009120626295,0.690601142452259,2.12944287494311,3,0.709814291647702,"cross_family_failure","abundance"
18,"raw",3,0.75,"fugw","039 Lamp5 Gaba",TRUE,0.691835035171038,0.383670070342076,0.617624537452742,1.09124461486436,3.94553986939482,4,0.986384967348704,"underconfident_correct","abundance"
18,"raw",3,0.75,"fugw","041 Pvalb chandelier Gaba",FALSE,0.429213805653036,0.141572388693929,0.68309206268527,0,1.97999053162072,1,1.97999053162072,"cross_family_failure","abundance"
18,"raw",3,0.75,"fugw","042 Pvalb Gaba",TRUE,0.67803255828912,0.35606511657824,0.628343574901978,1.20965936320766,4.25686088670599,8,0.532107610838249,"underconfident_correct","abundance"
18,"raw",3,0.75,"fugw","043 Sst Gaba",TRUE,0.708250212483247,0.45638058554342,0.740463435159526,2.53503731326522,18.3159433097674,14,1.30828166498339,"underconfident_correct","abundance"
18,"raw",3,0.75,"fugw","046 Sst Chodl Gaba",FALSE,0,1,0,NA,1,1,1,"cross_family_failure","abundance"
18,"raw",3,0.75,"fugw","287 Astro-TE NN",FALSE,0.0226807290911201,0.95463854181776,0.108296230306518,0,1.11437780897657,1,1.11437780897657,"cross_family_failure","abundance"
18,"raw",3,0.75,"fugw","294 OPC NN",FALSE,0,0.555218920699829,0.529916978956176,NA,2.72820263655636,1,2.72820263655636,"cross_family_failure","abundance"
18,"raw",3,0.75,"fugw","295 Oligo NN",FALSE,0.466107404997642,0.0677851900047153,0.690848001952952,0.689820602997318,2.7521391805773,4,0.688034795144325,"cross_family_failure","abundance"
18,"raw",3,0.75,"fugw","299 Peri NN",TRUE,0.59716070331796,0.194321406635919,0.674146120870333,0,1.96235664499556,1,1.96235664499556,"underconfident_correct","abundance"
18,"raw",3,0.75,"fugw","301 Endo NN",TRUE,1,1,0,0,1,1,1,"confident_correct","abundance"
18,"raw",3,0.75,"fugw","302 Microglia NN",TRUE,1,1,0,0,1,1,1,"confident_correct","abundance"
19,"raw",3,0.9,"fugw","001 Car3 Glut",FALSE,0.23253553397223,0.53492893205554,0.542321951523124,0,1.71999597640486,1,1.71999597640486,"cross_family_failure","abundance"
19,"raw",3,0.9,"fugw","003 L5/6 IT TPE-ENT Glut",FALSE,0,0.246834755246024,0.662366341869294,NA,1.93937613579295,2,0.969688067896474,"cross_family_failure","abundance"
19,"raw",3,0.9,"fugw","004 L6 IT CTX Glut",TRUE,0.912514357417724,0.848038203894759,0.347089115158887,2.05154127531026,9.19950781003437,11,0.836318891821306,"confident_correct","abundance"
19,"raw",3,0.9,"fugw","005 L5 IT CTX Glut",TRUE,0.557887740139898,0.115775480279796,0.686430146604293,0.686935444534386,2.91439720994526,4,0.728599302486316,"underconfident_correct","abundance"
19,"raw",3,0.9,"fugw","006 L4/5 IT CTX Glut",TRUE,0.973831064826144,0.947662129652287,0.121161702260426,2.32184834099374,10.8292384993196,13,0.83301834610151,"confident_correct","abundance"
19,"raw",3,0.9,"fugw","007 L2/3 IT CTX Glut",TRUE,0.894106339167009,0.788212678334017,0.337842968856732,1.1426131229357,3.89409228242533,4,0.973523070606333,"underconfident_correct","abundance"
19,"raw",3,0.9,"fugw","022 L5 ET CTX Glut",TRUE,0.774124226910755,0.600638352275837,0.686364241262686,1.66400470403523,7.20309357076577,6,1.20051559512763,"underconfident_correct","abundance"
19,"raw",3,0.9,"fugw","027 L6b CTX Glut",FALSE,0.340731367206137,0.193861301422967,0.961220892057196,0.688644450225565,5.83936531015337,2,2.91968265507669,"cross_family_failure","abundance"
19,"raw",3,0.9,"fugw","028 L6 CT CTX Glut",TRUE,1,1,0,1.72345003992257,5.60382858437524,8,0.700478573046905,"confident_correct","abundance"
19,"raw",3,0.9,"fugw","030 L5 NP CTX Glut",TRUE,1,1,-2.22044604925031e-16,1.05519390651452,2.87253210258948,4,0.71813302564737,"confident_correct","abundance"
19,"raw",3,0.9,"fugw","036 Vip Gaba",TRUE,0.762282626203537,0.567070503080849,0.660061293400948,1.95521231114513,8.58902880705666,8,1.07362860088208,"underconfident_correct","abundance"
19,"raw",3,0.9,"fugw","037 Sncg Gaba",FALSE,0.468665610958964,0.0626687780820712,0.691182205306617,1.09787364176726,3.33915515164093,3,1.11305171721364,"cross_family_failure","abundance"
19,"raw",3,0.9,"fugw","039 Lamp5 Gaba",TRUE,0.709006687236533,0.418013374473065,0.603038684615722,1.09081019044421,4.29853281608965,4,1.07463320402241,"underconfident_correct","abundance"
19,"raw",3,0.9,"fugw","041 Pvalb chandelier Gaba",FALSE,0.446783384800043,0.106433230399913,0.687472421848294,0,1.98868262463492,1,1.98868262463492,"cross_family_failure","abundance"
19,"raw",3,0.9,"fugw","042 Pvalb Gaba",TRUE,0.845786485558481,0.691572971116961,0.429948761196568,1.43170498482243,5.15963318436947,8,0.644954148046184,"underconfident_correct","abundance"
19,"raw",3,0.9,"fugw","043 Sst Gaba",TRUE,0.812233758286898,0.659798483638824,0.573762230565635,2.53283544813152,15.8444104859067,14,1.1317436061362,"underconfident_correct","abundance"
19,"raw",3,0.9,"fugw","046 Sst Chodl Gaba",FALSE,0,1,0,NA,1,1,1,"cross_family_failure","abundance"
19,"raw",3,0.9,"fugw","287 Astro-TE NN",FALSE,0,0.294521952829672,0.649125733290168,NA,1.91386686728689,1,1.91386686728689,"cross_family_failure","abundance"
19,"raw",3,0.9,"fugw","294 OPC NN",FALSE,0,0.192600612364094,0.674483276640545,NA,2.70761939666854,1,2.70761939666854,"cross_family_failure","abundance"
19,"raw",3,0.9,"fugw","295 Oligo NN",FALSE,0.422870335227369,0.154259329545262,0.681201567993398,0.693106577433676,2.64930085991084,4,0.66232521497771,"cross_family_failure","abundance"
19,"raw",3,0.9,"fugw","299 Peri NN",TRUE,1,1,0,0,1,1,1,"confident_correct","abundance"
19,"raw",3,0.9,"fugw","301 Endo NN",TRUE,1,1,0,0,1,1,1,"confident_correct","abundance"
19,"raw",3,0.9,"fugw","302 Microglia NN",TRUE,1,1,0,0,1,1,1,"confident_correct","abundance"
20,"raw",3,1,"uot_molecular","001 Car3 Glut",FALSE,0.272138379652591,0.455719319749146,0.585425628161018,0,1.79575516648376,1,1.79575516648376,"cross_family_failure","abundance"
20,"raw",3,1,"uot_molecular","003 L5/6 IT TPE-ENT Glut",FALSE,0.0799784589513071,0.171801960823507,0.905152384496337,0.00089293406306014,2.66776352076548,2,1.33388176038274,"cross_family_failure","abundance"
20,"raw",3,1,"uot_molecular","004 L6 IT CTX Glut",TRUE,0.888476006677413,0.798581165814286,0.405339971285976,2.16411580050278,10.286114928958,11,0.935101357177998,"underconfident_correct","abundance"
20,"raw",3,1,"uot_molecular","005 L5 IT CTX Glut",TRUE,0.692154086336452,0.385263375738195,0.623836752303298,0.759490376590465,3.15668088599815,4,0.789170221499538,"underconfident_correct","abundance"
20,"raw",3,1,"uot_molecular","006 L4/5 IT CTX Glut",TRUE,0.972692598468667,0.945385236146387,0.12525464193441,2.3030284988304,10.6490707194883,13,0.819159286114483,"confident_correct","abundance"
20,"raw",3,1,"uot_molecular","007 L2/3 IT CTX Glut",TRUE,0.851127993831982,0.702255987663963,0.42074746848736,1.18557047460854,4.17794586243586,4,1.04448646560897,"underconfident_correct","abundance"
20,"raw",3,1,"uot_molecular","022 L5 ET CTX Glut",TRUE,0.636939628550679,0.32371740485591,0.829699862601733,1.66575256738125,8.26795332094651,6,1.37799222015775,"underconfident_correct","abundance"
20,"raw",3,1,"uot_molecular","027 L6b CTX Glut",FALSE,0.319645006184613,0.173571577547116,1.03193632958643,0.688758100909767,6.02329386846535,2,3.01164693423267,"cross_family_failure","abundance"
20,"raw",3,1,"uot_molecular","028 L6 CT CTX Glut",TRUE,0.999981342147832,0.999968439355173,0.000233867567784028,1.76143725603329,5.82196767294785,8,0.727745959118482,"confident_correct","abundance"
20,"raw",3,1,"uot_molecular","030 L5 NP CTX Glut",TRUE,0.999999884040481,0.99999977578917,1.99617864056141e-06,1.05998631631627,2.8863370253405,4,0.721584256335124,"confident_correct","abundance"
20,"raw",3,1,"uot_molecular","036 Vip Gaba",TRUE,0.691149330839894,0.481969030573022,0.892338210107417,1.95766519660168,10.4215591368405,8,1.30269489210507,"underconfident_correct","abundance"
20,"raw",3,1,"uot_molecular","037 Sncg Gaba",FALSE,0.398600971568808,0.142860410890432,0.910213207737231,1.09607196759016,4.05120947623592,3,1.35040315874531,"cross_family_failure","abundance"
20,"raw",3,1,"uot_molecular","039 Lamp5 Gaba",TRUE,0.638610725315987,0.277238280536313,0.654399903881657,1.09448275532573,4.8503973708002,4,1.21259934270005,"underconfident_correct","abundance"
20,"raw",3,1,"uot_molecular","041 Pvalb chandelier Gaba",TRUE,0.422797876001983,0.126074873648955,1.10958269247593,0,3.75847282799424,1,3.75847282799424,"diffuse_correct","abundance"
20,"raw",3,1,"uot_molecular","042 Pvalb Gaba",TRUE,0.723885123512532,0.500216783412881,0.752777315190285,1.46648407132907,6.14240170983992,8,0.76780021372999,"underconfident_correct","abundance"
20,"raw",3,1,"uot_molecular","043 Sst Gaba",TRUE,0.666061877060693,0.477445324324753,1.02151083278648,2.53556574533754,20.4251376057018,14,1.45893840040727,"underconfident_correct","abundance"
20,"raw",3,1,"uot_molecular","046 Sst Chodl Gaba",FALSE,0.000357817860548575,0.999279629175433,0.00326183373679387,0,1.00327050458642,1,1.00327050458642,"cross_family_failure","abundance"
20,"raw",3,1,"uot_molecular","287 Astro-TE NN",FALSE,0.142068682011595,0.0631716177594184,1.05086328430031,0,2.86018254425836,1,2.86018254425836,"cross_family_failure","abundance"
20,"raw",3,1,"uot_molecular","294 OPC NN",FALSE,0.00096071177534861,0.577160572370235,0.541379768321303,0,3.15129337956155,1,3.15129337956155,"cross_family_failure","abundance"
20,"raw",3,1,"uot_molecular","295 Oligo NN",FALSE,0.372798368615997,0.228230717619509,0.76932074969463,0.690680900914171,2.79213200298796,4,0.698033000746991,"cross_family_failure","abundance"
20,"raw",3,1,"uot_molecular","299 Peri NN",TRUE,0.799739261489252,0.66962172480043,0.630496671678403,0,1.87854336688756,1,1.87854336688756,"underconfident_correct","abundance"
20,"raw",3,1,"uot_molecular","301 Endo NN",TRUE,0.949029742300674,0.902260701539806,0.215873642037959,0,1.24094562916553,1,1.24094562916553,"confident_correct","abundance"
20,"raw",3,1,"uot_molecular","302 Microglia NN",TRUE,0.999773533311267,0.999559440100805,0.00217535784976799,0,1.00217773214539,1,1.00217773214539,"confident_correct","abundance"
21,"clip",0.3,0,"gw_only","001 Car3 Glut",FALSE,0.264824069178421,0.223611982017142,1.04714910387827,0,3.99639189213003,1,3.99639189213003,"cross_family_failure","abundance"
21,"clip",0.3,0,"gw_only","003 L5/6 IT TPE-ENT Glut",FALSE,0,1,1.11022302462516e-16,NA,1.10906257617798,2,0.55453128808899,"cross_family_failure","abundance"
21,"clip",0.3,0,"gw_only","004 L6 IT CTX Glut",TRUE,1,1,0,2.16977666530978,8.75632823049601,11,0.796029839136001,"confident_correct","abundance"
21,"clip",0.3,0,"gw_only","005 L5 IT CTX Glut",TRUE,1,1,-2.22044604925031e-16,0.955472889534709,2.59989975765137,4,0.649974939412842,"confident_correct","abundance"
21,"clip",0.3,0,"gw_only","006 L4/5 IT CTX Glut",TRUE,1,1,1.11022302462516e-16,2.2870366773957,9.84571836963164,13,0.757362951510126,"confident_correct","abundance"
21,"clip",0.3,0,"gw_only","007 L2/3 IT CTX Glut",TRUE,1,1,0,1.36096072739046,3.89993828008235,4,0.974984570020587,"confident_correct","abundance"
21,"clip",0.3,0,"gw_only","022 L5 ET CTX Glut",TRUE,0.597320798474682,0.312617318633824,0.917621701161369,1.66499190357927,8.17759801784927,6,1.36293300297488,"underconfident_correct","abundance"
21,"clip",0.3,0,"gw_only","027 L6b CTX Glut",FALSE,0,1,0,NA,5.46853107100545,2,2.73426553550272,"cross_family_failure","abundance"
21,"clip",0.3,0,"gw_only","028 L6 CT CTX Glut",FALSE,0,0.377732102739635,0.6200049549208,NA,6.89044041389125,8,0.861305051736406,"cross_family_failure","abundance"
21,"clip",0.3,0,"gw_only","030 L5 NP CTX Glut",FALSE,0,0.319636539480825,0.64115594493073,NA,4.5398516422146,4,1.13496291055365,"cross_family_failure","abundance"
21,"clip",0.3,0,"gw_only","036 Vip Gaba",TRUE,0.533101727652777,0.0662034553055545,0.690954128183785,1.79635428029277,8.65536525764554,8,1.08192065720569,"underconfident_correct","abundance"
21,"clip",0.3,0,"gw_only","037 Sncg Gaba",FALSE,0,0.402891144819021,0.861827405116643,NA,2.76499429650613,3,0.921664765502042,"cross_family_failure","abundance"
21,"clip",0.3,0,"gw_only","039 Lamp5 Gaba",FALSE,0,0.705758416283877,0.417682128128406,NA,4.25780648214353,4,1.06445162053588,"cross_family_failure","abundance"
21,"clip",0.3,0,"gw_only","041 Pvalb chandelier Gaba",FALSE,0,1,0,NA,2.95968047489486,1,2.95968047489486,"cross_family_failure","abundance"
21,"clip",0.3,0,"gw_only","042 Pvalb Gaba",TRUE,0.579207715943436,0.406487660651867,1.30512209385825,1.44214463049503,9.57720345429117,8,1.1971504317864,"underconfident_correct","abundance"
21,"clip",0.3,0,"gw_only","043 Sst Gaba",FALSE,0,1,-2.22044604925031e-16,NA,6.24636148737595,14,0.446168677669711,"cross_family_failure","abundance"
21,"clip",0.3,0,"gw_only","046 Sst Chodl Gaba",FALSE,0,1,0,NA,1,1,1,"cross_family_failure","abundance"
21,"clip",0.3,0,"gw_only","287 Astro-TE NN",TRUE,1,1,0,0,1,1,1,"confident_correct","abundance"
21,"clip",0.3,0,"gw_only","294 OPC NN",FALSE,0,1,0,NA,1,1,1,"cross_family_failure","abundance"
21,"clip",0.3,0,"gw_only","295 Oligo NN",FALSE,0,1,0,NA,1,4,0.25,"cross_family_failure","abundance"
21,"clip",0.3,0,"gw_only","299 Peri NN",FALSE,0,1,0,NA,1,1,1,"cross_family_failure","abundance"
21,"clip",0.3,0,"gw_only","301 Endo NN",FALSE,0,1,0,NA,1,1,1,"cross_family_failure","abundance"
21,"clip",0.3,0,"gw_only","302 Microglia NN",FALSE,0,0.284362129046982,0.652152955857486,NA,1.91966934652524,1,1.91966934652524,"cross_family_failure","abundance"
22,"clip",0.3,0.1,"fugw","001 Car3 Glut",FALSE,0.257538081812858,0.484923836374284,0.570466044545213,0,2.92350646767477,1,2.92350646767477,"cross_family_failure","abundance"
22,"clip",0.3,0.1,"fugw","003 L5/6 IT TPE-ENT Glut",FALSE,0.0726459307000697,0.854708138599861,0.260429991786771,0,1.29748787586485,2,0.648743937932423,"cross_family_failure","abundance"
22,"clip",0.3,0.1,"fugw","004 L6 IT CTX Glut",TRUE,1,1,0,2.1703933994391,8.76173022258854,11,0.796520929326231,"confident_correct","abundance"
22,"clip",0.3,0.1,"fugw","005 L5 IT CTX Glut",TRUE,1,1,0,0.96892935718153,2.63512167443007,4,0.658780418607517,"confident_correct","abundance"
22,"clip",0.3,0.1,"fugw","006 L4/5 IT CTX Glut",TRUE,1,1,1.11022302462516e-16,2.30901217171817,10.0644777671337,13,0.774190597471822,"confident_correct","abundance"
22,"clip",0.3,0.1,"fugw","007 L2/3 IT CTX Glut",TRUE,1,1,0,1.11966876448638,3.0638391828515,4,0.765959795712875,"confident_correct","abundance"
22,"clip",0.3,0.1,"fugw","022 L5 ET CTX Glut",TRUE,0.63184595685884,0.460478277487117,1.02057094398608,1.66496448664529,8.13520491461333,6,1.35586748576889,"underconfident_correct","abundance"
22,"clip",0.3,0.1,"fugw","027 L6b CTX Glut",FALSE,0.292315890715647,0.328585875082123,0.86756268629313,0.688759228984334,2.91216838680674,2,1.45608419340337,"cross_family_failure","abundance"
22,"clip",0.3,0.1,"fugw","028 L6 CT CTX Glut",TRUE,1,1,2.22044604925031e-16,1.92260273856952,6.83873476446933,8,0.854841845558666,"confident_correct","abundance"
22,"clip",0.3,0.1,"fugw","030 L5 NP CTX Glut",TRUE,1,1,0,0.939659131590975,2.55910895024293,4,0.639777237560731,"confident_correct","abundance"
22,"clip",0.3,0.1,"fugw","036 Vip Gaba",TRUE,0.659829370416993,0.477626492721492,0.93076409415372,1.95797036426783,10.7732090477565,8,1.34665113096957,"underconfident_correct","abundance"
22,"clip",0.3,0.1,"fugw","037 Sncg Gaba",FALSE,0,1,0,NA,2.86728116844673,3,0.955760389482243,"cross_family_failure","abundance"
22,"clip",0.3,0.1,"fugw","039 Lamp5 Gaba",FALSE,0.174258854884195,0.65148229023161,0.462575317675913,0.432287685716395,4.64521259039398,4,1.1613031475985,"cross_family_failure","abundance"
22,"clip",0.3,0.1,"fugw","041 Pvalb chandelier Gaba",FALSE,9.10717775428621e-05,0.999817856444914,0.000938386935210807,0,1.00093882735798,1,1.00093882735798,"cross_family_failure","abundance"
22,"clip",0.3,0.1,"fugw","042 Pvalb Gaba",TRUE,1,1,0,1.61557490246154,5.03077929966229,8,0.628847412457786,"confident_correct","abundance"
22,"clip",0.3,0.1,"fugw","043 Sst Gaba",TRUE,0.831173908058327,0.696109077741726,0.538495440195275,2.53431879827905,15.0920026342601,14,1.07800018816144,"underconfident_correct","abundance"
22,"clip",0.3,0.1,"fugw","046 Sst Chodl Gaba",FALSE,0.269736195361863,0.460527609276275,0.582996277501747,0,1.79139792277042,1,1.79139792277042,"cross_family_failure","abundance"
22,"clip",0.3,0.1,"fugw","287 Astro-TE NN",FALSE,0,1,0,NA,1,1,1,"cross_family_failure","abundance"
22,"clip",0.3,0.1,"fugw","294 OPC NN",FALSE,0,1,0,NA,1,1,1,"cross_family_failure","abundance"
22,"clip",0.3,0.1,"fugw","295 Oligo NN",FALSE,0,1,0,NA,1,4,0.25,"cross_family_failure","abundance"
22,"clip",0.3,0.1,"fugw","299 Peri NN",TRUE,1,1,0,0,1,1,1,"confident_correct","abundance"
22,"clip",0.3,0.1,"fugw","301 Endo NN",FALSE,0,1,0,NA,1,1,1,"cross_family_failure","abundance"
22,"clip",0.3,0.1,"fugw","302 Microglia NN",FALSE,0,0.00145248487449556,0.693146125703419,NA,1.99999789028806,1,1.99999789028806,"cross_family_failure","abundance"
23,"clip",0.3,0.25,"fugw","001 Car3 Glut",FALSE,0.271621062724691,0.180802438044485,1.06706210274621,0,2.90682698390857,1,2.90682698390857,"cross_family_failure","abundance"
23,"clip",0.3,0.25,"fugw","003 L5/6 IT TPE-ENT Glut",FALSE,0.0971572303533008,0.805685539293398,0.318791490019626,0,1.37546449692857,2,0.687732248464285,"cross_family_failure","abundance"
23,"clip",0.3,0.25,"fugw","004 L6 IT CTX Glut",TRUE,1,1,1.11022302462516e-16,2.17547501943503,8.8063673244264,11,0.800578847675127,"confident_correct","abundance"
23,"clip",0.3,0.25,"fugw","005 L5 IT CTX Glut",TRUE,0.931079971284757,0.862159942569514,0.250836395723574,0.992436195278662,3.23773451000653,4,0.809433627501633,"confident_correct","abundance"
23,"clip",0.3,0.25,"fugw","006 L4/5 IT CTX Glut",TRUE,1,1,2.22044604925031e-16,2.31993587954051,10.1750218580791,13,0.782693989083008,"confident_correct","abundance"
23,"clip",0.3,0.25,"fugw","007 L2/3 IT CTX Glut",TRUE,1,1,2.22044604925031e-16,1.2118278638385,3.35961997143392,4,0.83990499285848,"confident_correct","abundance"
23,"clip",0.3,0.25,"fugw","022 L5 ET CTX Glut",TRUE,0.666584885841436,0.515248861261187,0.959523068123832,1.664924132242,7.91956540131207,6,1.31992756688534,"underconfident_correct","abundance"
23,"clip",0.3,0.25,"fugw","027 L6b CTX Glut",FALSE,0.305713425721376,0.265588865922141,0.939877212532625,0.688758462031413,5.90514462438175,2,2.95257231219088,"cross_family_failure","abundance"
23,"clip",0.3,0.25,"fugw","028 L6 CT CTX Glut",TRUE,1,1,0,1.72484114548514,5.61162952619939,8,0.701453690774924,"confident_correct","abundance"
23,"clip",0.3,0.25,"fugw","030 L5 NP CTX Glut",TRUE,1,1,0,0.868040165646075,2.38223748464407,4,0.595559371161018,"confident_correct","abundance"
23,"clip",0.3,0.25,"fugw","036 Vip Gaba",TRUE,0.689011224079098,0.542342289011625,0.924858791815548,1.95793041559569,11.4148413732327,8,1.42685517165408,"underconfident_correct","abundance"
23,"clip",0.3,0.25,"fugw","037 Sncg Gaba",FALSE,0,1,0,NA,2.78205415305644,3,0.927351384352146,"cross_family_failure","abundance"
23,"clip",0.3,0.25,"fugw","039 Lamp5 Gaba",FALSE,0.175020865900056,0.649958268199888,0.463758792922262,0,4.30578256928905,4,1.07644564232226,"cross_family_failure","abundance"
23,"clip",0.3,0.25,"fugw","041 Pvalb chandelier Gaba",TRUE,0.449786595864852,0.0607399613894753,1.0208334657858,0,2.77550709040605,1,2.77550709040605,"diffuse_correct","abundance"
23,"clip",0.3,0.25,"fugw","042 Pvalb Gaba",TRUE,1,1,0,1.55706111783468,4.74485616117208,8,0.59310702014651,"confident_correct","abundance"
23,"clip",0.3,0.25,"fugw","043 Sst Gaba",TRUE,0.845431616567549,0.72121222564144,0.507109339217182,2.53429433485781,15.1053338247287,14,1.07895241605205,"underconfident_correct","abundance"
23,"clip",0.3,0.25,"fugw","046 Sst Chodl Gaba",FALSE,0,1,0,NA,1,1,1,"cross_family_failure","abundance"
23,"clip",0.3,0.25,"fugw","287 Astro-TE NN",FALSE,0,1,0,NA,1,1,1,"cross_family_failure","abundance"
23,"clip",0.3,0.25,"fugw","294 OPC NN",FALSE,0,1,0,NA,1,1,1,"cross_family_failure","abundance"
23,"clip",0.3,0.25,"fugw","295 Oligo NN",FALSE,0,0.91427199785256,0.176941652716273,NA,1.19356145002685,4,0.298390362506711,"cross_family_failure","abundance"
23,"clip",0.3,0.25,"fugw","299 Peri NN",FALSE,0,1,0,NA,1,1,1,"cross_family_failure","abundance"
23,"clip",0.3,0.25,"fugw","301 Endo NN",TRUE,1,1,0,0,1,1,1,"confident_correct","abundance"
23,"clip",0.3,0.25,"fugw","302 Microglia NN",FALSE,0,1,0,NA,1,1,1,"cross_family_failure","abundance"
24,"clip",0.3,0.5,"fugw","001 Car3 Glut",FALSE,0.197250680203941,0.605498639592118,0.49656735409814,0,1.64307149677125,1,1.64307149677125,"cross_family_failure","abundance"
24,"clip",0.3,0.5,"fugw","003 L5/6 IT TPE-ENT Glut",FALSE,0.0979565018513247,0.755446115248268,0.509915851610871,0,1.66515106927016,2,0.832575534635079,"cross_family_failure","abundance"
24,"clip",0.3,0.5,"fugw","004 L6 IT CTX Glut",TRUE,0.97798559506029,0.95597119012058,0.105778541964673,2.05160092831969,8.26652888042712,11,0.751502625493374,"confident_correct","abundance"
24,"clip",0.3,0.5,"fugw","005 L5 IT CTX Glut",TRUE,0.585518682381828,0.171037364763657,0.678448127365145,1.02105918485775,3.58334727256781,4,0.895836818141953,"underconfident_correct","abundance"
24,"clip",0.3,0.5,"fugw","006 L4/5 IT CTX Glut",TRUE,1,1,-4.44089209850063e-16,2.30407481176661,10.014908289548,13,0.770377560734459,"confident_correct","abundance"
24,"clip",0.3,0.5,"fugw","007 L2/3 IT CTX Glut",TRUE,0.88177143888478,0.763542877769559,0.363380601447923,1.21206221322958,4.18766141479604,4,1.04691535369901,"underconfident_correct","abundance"
24,"clip",0.3,0.5,"fugw","022 L5 ET CTX Glut",TRUE,0.732008374564442,0.591548590340067,0.766696712992652,1.6648475886984,7.28180732476174,6,1.21363455412696,"underconfident_correct","abundance"
24,"clip",0.3,0.5,"fugw","027 L6b CTX Glut",FALSE,0.307266800146683,0.337351280251941,0.791625709820569,0.688758182763527,5.52693603804008,2,2.76346801902004,"cross_family_failure","abundance"
24,"clip",0.3,0.5,"fugw","028 L6 CT CTX Glut",TRUE,1,1,0,1.72606842054642,5.6185207670291,8,0.702315095878638,"confident_correct","abundance"
24,"clip",0.3,0.5,"fugw","030 L5 NP CTX Glut",TRUE,1,1,0,1.05023714402034,2.85832887329766,4,0.714582218324415,"confident_correct","abundance"
24,"clip",0.3,0.5,"fugw","036 Vip Gaba",TRUE,0.726616015811954,0.572169986008161,0.773778510180711,1.95787778580259,10.6542773390158,8,1.33178466737698,"underconfident_correct","abundance"
24,"clip",0.3,0.5,"fugw","037 Sncg Gaba",FALSE,0,1,0,NA,2.78122077422602,3,0.927073591408673,"cross_family_failure","abundance"
24,"clip",0.3,0.5,"fugw","039 Lamp5 Gaba",FALSE,0.251934613385219,0.496130773229562,0.564450571133182,0,4.32924649546942,4,1.08231162386736,"cross_family_failure","abundance"
24,"clip",0.3,0.5,"fugw","041 Pvalb chandelier Gaba",FALSE,0.441171949376697,0.117656101246606,0.686209643437636,0,2.81525611865814,1,2.81525611865814,"cross_family_failure","abundance"
24,"clip",0.3,0.5,"fugw","042 Pvalb Gaba",TRUE,1,1,1.11022302462516e-16,1.65618566587914,5.23928828628005,8,0.654911035785006,"confident_correct","abundance"
24,"clip",0.3,0.5,"fugw","043 Sst Gaba",TRUE,0.887115232154709,0.805986950343392,0.419579860530227,2.53422487627343,15.1790062745637,14,1.0842147338974,"underconfident_correct","abundance"
24,"clip",0.3,0.5,"fugw","046 Sst Chodl Gaba",FALSE,0,1,0,NA,1,1,1,"cross_family_failure","abundance"
24,"clip",0.3,0.5,"fugw","287 Astro-TE NN",FALSE,0,1,0,NA,1,1,1,"cross_family_failure","abundance"
24,"clip",0.3,0.5,"fugw","294 OPC NN",FALSE,0,1,0,NA,1,1,1,"cross_family_failure","abundance"
24,"clip",0.3,0.5,"fugw","295 Oligo NN",FALSE,0,0.843305029149548,0.274714688176251,NA,1.31615510667932,4,0.329038776669831,"cross_family_failure","abundance"
24,"clip",0.3,0.5,"fugw","299 Peri NN",FALSE,0,1,0,NA,1,1,1,"cross_family_failure","abundance"
24,"clip",0.3,0.5,"fugw","301 Endo NN",TRUE,1,1,0,0,1,1,1,"confident_correct","abundance"
24,"clip",0.3,0.5,"fugw","302 Microglia NN",FALSE,0,1,0,NA,1,1,1,"cross_family_failure","abundance"
25,"clip",0.3,0.75,"fugw","001 Car3 Glut",FALSE,0.165332870093846,0.669334259812309,0.448408127921393,0,1.56581761915358,1,1.56581761915358,"cross_family_failure","abundance"
25,"clip",0.3,0.75,"fugw","003 L5/6 IT TPE-ENT Glut",FALSE,0.0720399700295115,0.344926895107732,0.836427106255066,0,2.3081056109783,2,1.15405280548915,"cross_family_failure","abundance"
25,"clip",0.3,0.75,"fugw","004 L6 IT CTX Glut",TRUE,0.978150243427275,0.95630048685455,0.105153268218469,2.03815691857187,8.15618841842076,11,0.741471674401888,"confident_correct","abundance"
25,"clip",0.3,0.75,"fugw","005 L5 IT CTX Glut",TRUE,0.540176381545812,0.0803527630916233,0.689915414351055,0.952797045961736,3.33540421188195,4,0.833851052970486,"underconfident_correct","abundance"
25,"clip",0.3,0.75,"fugw","006 L4/5 IT CTX Glut",TRUE,1,1,-2.22044604925031e-16,2.28953955695829,9.87039188145182,13,0.759260913957833,"confident_correct","abundance"
25,"clip",0.3,0.75,"fugw","007 L2/3 IT CTX Glut",TRUE,0.899191552686395,0.79838310537279,0.326855691321481,1.36113294441495,4.71512269031486,4,1.17878067257872,"underconfident_correct","abundance"
25,"clip",0.3,0.75,"fugw","022 L5 ET CTX Glut",TRUE,1,1,1.11022302462516e-16,1.66457325765792,5.28341811039466,6,0.880569685065776,"confident_correct","abundance"
25,"clip",0.3,0.75,"fugw","027 L6b CTX Glut",FALSE,0.307143795331151,0.341095687537286,0.782315453241386,0.688757787239719,5.49291617847693,2,2.74645808923847,"cross_family_failure","abundance"
25,"clip",0.3,0.75,"fugw","028 L6 CT CTX Glut",TRUE,1,1,1.11022302462516e-16,1.72606376813649,5.61849462742808,8,0.70231182842851,"confident_correct","abundance"
25,"clip",0.3,0.75,"fugw","030 L5 NP CTX Glut",TRUE,1,1,2.22044604925031e-16,1.04985245312269,2.85722951166838,4,0.714307377917094,"confident_correct","abundance"
25,"clip",0.3,0.75,"fugw","036 Vip Gaba",TRUE,0.890894617001586,0.781789234003172,0.344640827099331,1.95767497841409,8.07459672921491,8,1.00932459115186,"underconfident_correct","abundance"
25,"clip",0.3,0.75,"fugw","037 Sncg Gaba",TRUE,0.534964862344029,0.0699297246880582,0.690700100643544,1.09784301044353,4.78063984680553,3,1.59354661560184,"underconfident_correct","abundance"
25,"clip",0.3,0.75,"fugw","039 Lamp5 Gaba",TRUE,0.66594764290629,0.331895285812579,0.637011394765468,1.03208858151176,3.7596593424824,4,0.939914835620599,"underconfident_correct","abundance"
25,"clip",0.3,0.75,"fugw","041 Pvalb chandelier Gaba",FALSE,0.405456062176768,0.189087875646463,0.67516198440722,0,2.93725656543516,1,2.93725656543516,"cross_family_failure","abundance"
25,"clip",0.3,0.75,"fugw","042 Pvalb Gaba",TRUE,1,1,0,1.68540095639898,5.39461350357641,8,0.674326687947051,"confident_correct","abundance"
25,"clip",0.3,0.75,"fugw","043 Sst Gaba",TRUE,0.939317459927047,0.905834393753218,0.270577459290061,2.53412938286116,14.1672000101048,14,1.01194285786463,"confident_correct","abundance"
25,"clip",0.3,0.75,"fugw","046 Sst Chodl Gaba",FALSE,0,1,0,NA,1,1,1,"cross_family_failure","abundance"
25,"clip",0.3,0.75,"fugw","287 Astro-TE NN",FALSE,0,0.952941011961965,0.11147432990643,NA,1.11792504639665,1,1.11792504639665,"cross_family_failure","abundance"
25,"clip",0.3,0.75,"fugw","294 OPC NN",FALSE,0,0.431797686977556,0.596785110667089,NA,1.81640309527352,1,1.81640309527352,"cross_family_failure","abundance"
25,"clip",0.3,0.75,"fugw","295 Oligo NN",FALSE,0.312917769896031,0.374164460207937,0.621415362220515,0.948419564257271,2.50475943800703,4,0.626189859501758,"cross_family_failure","abundance"
25,"clip",0.3,0.75,"fugw","299 Peri NN",FALSE,0,1,0,NA,1,1,1,"cross_family_failure","abundance"
25,"clip",0.3,0.75,"fugw","301 Endo NN",TRUE,1,1,0,0,1,1,1,"confident_correct","abundance"
25,"clip",0.3,0.75,"fugw","302 Microglia NN",FALSE,0,1,0,NA,1,1,1,"cross_family_failure","abundance"
26,"clip",0.3,0.9,"fugw","001 Car3 Glut",FALSE,0.118149187130506,0.763701625738987,0.363221084032203,0,1.43795373271089,1,1.43795373271089,"cross_family_failure","abundance"
26,"clip",0.3,0.9,"fugw","003 L5/6 IT TPE-ENT Glut",FALSE,0.060206344499455,0.30456829775385,1.09631979545688,0,2.99313039763332,2,1.49656519881666,"cross_family_failure","abundance"
26,"clip",0.3,0.9,"fugw","004 L6 IT CTX Glut",TRUE,0.978213436266898,0.956426872533796,0.104912948802075,1.91462614500033,7.22701414302479,11,0.657001285729527,"confident_correct","abundance"
26,"clip",0.3,0.9,"fugw","005 L5 IT CTX Glut",FALSE,0.436660004037907,0.126679991924186,0.685101670380654,0.346493503618634,2.30804656765643,4,0.577011641914106,"cross_family_failure","abundance"
26,"clip",0.3,0.9,"fugw","006 L4/5 IT CTX Glut",TRUE,1,1,1.11022302462516e-16,2.19225237634108,8.9553612594051,13,0.688873943031162,"confident_correct","abundance"
26,"clip",0.3,0.9,"fugw","007 L2/3 IT CTX Glut",TRUE,0.904488871654463,0.808977743308926,0.315106446277036,1.36114800967112,4.69383372395812,4,1.17345843098953,"confident_correct","abundance"
26,"clip",0.3,0.9,"fugw","022 L5 ET CTX Glut",TRUE,1,1,1.11022302462516e-16,1.66453469592897,5.28321437658575,6,0.880535729430958,"confident_correct","abundance"
26,"clip",0.3,0.9,"fugw","027 L6b CTX Glut",FALSE,0.307006152679263,0.346668362308377,0.767685548688308,0.688757123039467,5.43331942879726,2,2.71665971439863,"cross_family_failure","abundance"
26,"clip",0.3,0.9,"fugw","028 L6 CT CTX Glut",TRUE,1,1,0,1.7260204725153,5.61825137647892,8,0.702281422059865,"confident_correct","abundance"
26,"clip",0.3,0.9,"fugw","030 L5 NP CTX Glut",TRUE,1,1,1.11022302462516e-16,1.04925735549356,2.85552968699109,4,0.713882421747773,"confident_correct","abundance"
26,"clip",0.3,0.9,"fugw","036 Vip Gaba",TRUE,1,1,0,1.92337613173842,6.84402584099756,8,0.855503230124695,"confident_correct","abundance"
26,"clip",0.3,0.9,"fugw","037 Sncg Gaba",TRUE,0.679112473336049,0.499170358993386,0.847583469499092,1.09784232416789,4.91918017537184,3,1.63972672512395,"underconfident_correct","abundance"
26,"clip",0.3,0.9,"fugw","039 Lamp5 Gaba",TRUE,1,1,0,1.09141746486553,2.97849299093926,4,0.744623247734815,"confident_correct","abundance"
26,"clip",0.3,0.9,"fugw","041 Pvalb chandelier Gaba",FALSE,0.388887962991314,0.222224074017372,0.668248059170805,0,2.97020466324754,1,2.97020466324754,"cross_family_failure","abundance"
26,"clip",0.3,0.9,"fugw","042 Pvalb Gaba",TRUE,1,1,1.11022302462516e-16,1.78782248785246,5.97642455025101,8,0.747053068781376,"confident_correct","abundance"
26,"clip",0.3,0.9,"fugw","043 Sst Gaba",TRUE,0.965785759673621,0.931571519347241,0.149099080199514,2.53404787652399,13.4159786572627,14,0.958284189804477,"confident_correct","abundance"
26,"clip",0.3,0.9,"fugw","046 Sst Chodl Gaba",FALSE,0,1,0,NA,1,1,1,"cross_family_failure","abundance"
26,"clip",0.3,0.9,"fugw","287 Astro-TE NN",FALSE,0.306375813470891,0.387248373058218,0.616170113449345,0,1.85182217435915,1,1.85182217435915,"cross_family_failure","abundance"
26,"clip",0.3,0.9,"fugw","294 OPC NN",FALSE,0.0934334841455407,0.514770933360201,0.783557879269438,0,3.15424675979321,1,3.15424675979321,"cross_family_failure","abundance"
26,"clip",0.3,0.9,"fugw","295 Oligo NN",FALSE,0.392820744350896,0.214358511298207,0.669993132122633,0.6105187610374,2.48386935050648,4,0.62096733762662,"cross_family_failure","abundance"
26,"clip",0.3,0.9,"fugw","299 Peri NN",FALSE,0,1,0,NA,1,1,1,"cross_family_failure","abundance"
26,"clip",0.3,0.9,"fugw","301 Endo NN",TRUE,1,1,0,0,1,1,1,"confident_correct","abundance"
26,"clip",0.3,0.9,"fugw","302 Microglia NN",FALSE,0,1,0,NA,1,1,1,"cross_family_failure","abundance"
27,"clip",0.3,1,"uot_molecular","001 Car3 Glut",FALSE,0.204535833727759,0.590928332544482,0.506626491280928,0,1.65968278590724,1,1.65968278590724,"cross_family_failure","abundance"
27,"clip",0.3,1,"uot_molecular","003 L5/6 IT TPE-ENT Glut",FALSE,0.100269760588892,0.129966904319788,0.939900929881074,0,2.55972781322826,2,1.27986390661413,"cross_family_failure","abundance"
27,"clip",0.3,1,"uot_molecular","004 L6 IT CTX Glut",TRUE,0.906049265853295,0.835381257494152,0.364189756000111,2.04955404442158,9.21826362913619,11,0.838023966285108,"confident_correct","abundance"
27,"clip",0.3,1,"uot_molecular","005 L5 IT CTX Glut",TRUE,0.543280850340874,0.0865617006817476,0.689396023803978,0.744831826136091,2.98634099842708,4,0.746585249606769,"underconfident_correct","abundance"
27,"clip",0.3,1,"uot_molecular","006 L4/5 IT CTX Glut",TRUE,0.978293289594709,0.956586579189418,0.104609002271335,2.29839585366894,10.518275234216,13,0.809098094939692,"confident_correct","abundance"
27,"clip",0.3,1,"uot_molecular","007 L2/3 IT CTX Glut",TRUE,0.881964901565625,0.763929803131251,0.362991694741015,1.26898321962328,4.40257833762087,4,1.10064458440522,"underconfident_correct","abundance"
27,"clip",0.3,1,"uot_molecular","022 L5 ET CTX Glut",TRUE,0.880658894755392,0.761317789510785,0.365610130630315,1.66618981148086,6.2523350905622,6,1.04205584842703,"underconfident_correct","abundance"
27,"clip",0.3,1,"uot_molecular","027 L6b CTX Glut",FALSE,0.31465165374653,0.165096292807846,1.04142346251869,0.688793002245112,5.74262068196516,2,2.87131034098258,"cross_family_failure","abundance"
27,"clip",0.3,1,"uot_molecular","028 L6 CT CTX Glut",TRUE,1,1,0,1.72158448489119,5.59338407919342,8,0.699173009899177,"confident_correct","abundance"
27,"clip",0.3,1,"uot_molecular","030 L5 NP CTX Glut",TRUE,0.999991143353942,0.999982286707884,0.00011189785971182,1.06410927446291,2.8985532925595,4,0.724638323139875,"confident_correct","abundance"
27,"clip",0.3,1,"uot_molecular","036 Vip Gaba",TRUE,0.648085054467437,0.473355754040899,0.983545713166709,1.96585623399471,11.148686071044,8,1.3935857588805,"underconfident_correct","abundance"
27,"clip",0.3,1,"uot_molecular","037 Sncg Gaba",FALSE,0.0638067955184197,0.29461758787606,1.14376350870016,1.09784717450774,5.65154901678323,3,1.88384967226108,"cross_family_failure","abundance"
27,"clip",0.3,1,"uot_molecular","039 Lamp5 Gaba",FALSE,0.453009563687801,0.0939806388342793,0.688728116769427,0.736412165098119,4.44507081576684,4,1.11126770394171,"cross_family_failure","abundance"
27,"clip",0.3,1,"uot_molecular","041 Pvalb chandelier Gaba",FALSE,0.0487531415167075,0.45434060649143,0.741123401663743,0,5.81872464133454,1,5.81872464133454,"cross_family_failure","abundance"
27,"clip",0.3,1,"uot_molecular","042 Pvalb Gaba",TRUE,0.942881938188635,0.88576387637727,0.2189630058327,1.72253015266341,6.31612302658906,8,0.789515378323633,"confident_correct","abundance"
27,"clip",0.3,1,"uot_molecular","043 Sst Gaba",TRUE,0.845287795803738,0.729685051538372,0.518267403983694,2.53623868380797,15.2690875205183,14,1.09064910860845,"underconfident_correct","abundance"
27,"clip",0.3,1,"uot_molecular","046 Sst Chodl Gaba",FALSE,0,1,0,NA,1,1,1,"cross_family_failure","abundance"
27,"clip",0.3,1,"uot_molecular","287 Astro-TE NN",FALSE,0.0558308924593583,0.311876392246078,0.817297283708514,0,2.26437160579796,1,2.26437160579796,"cross_family_failure","abundance"
27,"clip",0.3,1,"uot_molecular","294 OPC NN",FALSE,0,0.292974914139595,0.649593965965373,NA,1.91482271711104,1,1.91482271711104,"cross_family_failure","abundance"
27,"clip",0.3,1,"uot_molecular","295 Oligo NN",FALSE,0.0364259788209671,0.209158484853017,0.801445208033041,8.7907651220997e-05,2.22876676017402,4,0.557191690043506,"cross_family_failure","abundance"
27,"clip",0.3,1,"uot_molecular","299 Peri NN",TRUE,0.421082651552488,0.0915722855276005,1.18182078028393,0,3.26030510106753,1,3.26030510106753,"diffuse_correct","abundance"
27,"clip",0.3,1,"uot_molecular","301 Endo NN",FALSE,0.220196132861722,0.0951248235398485,1.06272247366956,0,2.89423976469358,1,2.89423976469358,"cross_family_failure","abundance"
27,"clip",0.3,1,"uot_molecular","302 Microglia NN",FALSE,0.342324900698081,0.0951336707944348,1.0618689506544,0,2.89177051837221,1,2.89177051837221,"cross_family_failure","abundance"
28,"clip",1,0,"gw_only","001 Car3 Glut",FALSE,0,0.0653605607073159,1.08821091853255,NA,3.51798368638324,1,3.51798368638324,"cross_family_failure","abundance"
28,"clip",1,0,"gw_only","003 L5/6 IT TPE-ENT Glut",FALSE,2.1079495230979e-06,0.905132237159557,0.19091538935488,0,2.31085591726724,2,1.15542795863362,"cross_family_failure","abundance"
28,"clip",1,0,"gw_only","004 L6 IT CTX Glut",TRUE,0.995648244213797,0.991297042163006,0.0280090551316628,2.17146952754223,8.93547115374356,11,0.812315559431233,"confident_correct","abundance"
28,"clip",1,0,"gw_only","005 L5 IT CTX Glut",FALSE,0,1,0,NA,4.28706571251356,4,1.07176642812839,"cross_family_failure","abundance"
28,"clip",1,0,"gw_only","006 L4/5 IT CTX Glut",TRUE,1,1,-2.22044604925031e-16,2.31651051571508,10.1402283305484,13,0.780017563888341,"confident_correct","abundance"
28,"clip",1,0,"gw_only","007 L2/3 IT CTX Glut",FALSE,0,1,0,NA,2.93538146563317,4,0.733845366408292,"cross_family_failure","abundance"
28,"clip",1,0,"gw_only","022 L5 ET CTX Glut",FALSE,1.13921949797433e-10,0.908608028120332,0.185641825471464,0,4.54743181154844,6,0.75790530192474,"cross_family_failure","abundance"
28,"clip",1,0,"gw_only","027 L6b CTX Glut",FALSE,0,0.476535330164845,0.574861097357266,NA,1.7768836959305,2,0.888441847965251,"cross_family_failure","abundance"
28,"clip",1,0,"gw_only","028 L6 CT CTX Glut",FALSE,0,0.414655282041659,0.653166854150127,NA,10.4559961846341,8,1.30699952307927,"cross_family_failure","abundance"
28,"clip",1,0,"gw_only","030 L5 NP CTX Glut",FALSE,0,0.872335903196088,0.33817717505251,NA,10.9216405360072,4,2.7304101340018,"cross_family_failure","abundance"
28,"clip",1,0,"gw_only","036 Vip Gaba",TRUE,0.519803847014781,0.0396076940295612,0.692362590631515,1.7323092515496,8.30562150390183,8,1.03820268798773,"underconfident_correct","abundance"
28,"clip",1,0,"gw_only","037 Sncg Gaba",FALSE,0,0.294285480334987,0.649197474573769,NA,2.41239851979861,3,0.80413283993287,"cross_family_failure","abundance"
28,"clip",1,0,"gw_only","039 Lamp5 Gaba",FALSE,0,0.669859625663799,0.44798257519034,NA,4.29980217066635,4,1.07495054266659,"cross_family_failure","abundance"
28,"clip",1,0,"gw_only","041 Pvalb chandelier Gaba",FALSE,0,1,0,NA,1.97431360688818,1,1.97431360688818,"cross_family_failure","abundance"
28,"clip",1,0,"gw_only","042 Pvalb Gaba",FALSE,0,0.98291667080147,0.0491873150607969,NA,2.96483655533211,8,0.370604569416514,"cross_family_failure","abundance"
28,"clip",1,0,"gw_only","043 Sst Gaba",FALSE,0,1,0,NA,6.95849327171474,14,0.49703523369391,"cross_family_failure","abundance"
28,"clip",1,0,"gw_only","046 Sst Chodl Gaba",FALSE,0,0.0543140443804062,1.53409569518948,NA,4.63713025413997,1,4.63713025413997,"cross_family_failure","abundance"
28,"clip",1,0,"gw_only","287 Astro-TE NN",FALSE,0.220446401262702,0.559107197474597,0.527472376144778,0,1.6946434693565,1,1.6946434693565,"cross_family_failure","abundance"
28,"clip",1,0,"gw_only","294 OPC NN",FALSE,0,1,0,NA,1,1,1,"cross_family_failure","abundance"
28,"clip",1,0,"gw_only","295 Oligo NN",FALSE,0,1,0,NA,1,4,0.25,"cross_family_failure","abundance"
28,"clip",1,0,"gw_only","299 Peri NN",FALSE,0,1,0,NA,1.99628635201205,1,1.99628635201205,"cross_family_failure","abundance"
28,"clip",1,0,"gw_only","301 Endo NN",FALSE,0,1,0,NA,1.96039724138521,1,1.96039724138521,"cross_family_failure","abundance"
28,"clip",1,0,"gw_only","302 Microglia NN",FALSE,0.296912862378435,0.40617427524313,0.60822584069898,0,1.83716907509428,1,1.83716907509428,"cross_family_failure","abundance"
29,"clip",1,0.1,"fugw","001 Car3 Glut",FALSE,0.280958395131237,0.336958598899337,0.88587341837022,0,3.41811829086227,1,3.41811829086227,"cross_family_failure","abundance"
29,"clip",1,0.1,"fugw","003 L5/6 IT TPE-ENT Glut",FALSE,0.000165796029908035,0.999668407940184,0.00160899565112967,0,1.00161029077916,2,0.500805145389579,"cross_family_failure","abundance"
29,"clip",1,0.1,"fugw","004 L6 IT CTX Glut",TRUE,0.981953136067575,0.963906272135151,0.0903372796189614,2.17166941255814,9.23328481466961,11,0.839389528606328,"confident_correct","abundance"
29,"clip",1,0.1,"fugw","005 L5 IT CTX Glut",TRUE,1,1,2.22044604925031e-16,0.980582639255023,2.66600911106659,4,0.666502277766646,"confident_correct","abundance"
29,"clip",1,0.1,"fugw","006 L4/5 IT CTX Glut",TRUE,1,1,0,2.31792805177402,10.1546126625988,13,0.781124050969142,"confident_correct","abundance"
29,"clip",1,0.1,"fugw","007 L2/3 IT CTX Glut",TRUE,1,1,0,1.082637823421,2.95245734947217,4,0.738114337368043,"confident_correct","abundance"
29,"clip",1,0.1,"fugw","022 L5 ET CTX Glut",TRUE,0.600930211691882,0.415870980988496,1.05426569798054,1.66583055784949,8.86264989318044,6,1.47710831553007,"underconfident_correct","abundance"
29,"clip",1,0.1,"fugw","027 L6b CTX Glut",FALSE,0.313476499603679,0.199820005173826,1.00965401911755,0.688779560606332,6.4886772238296,2,3.2443386119148,"cross_family_failure","abundance"
29,"clip",1,0.1,"fugw","028 L6 CT CTX Glut",TRUE,1,1,1.11022302462516e-16,1.72302245290465,5.60143297222473,8,0.700179121528091,"confident_correct","abundance"
29,"clip",1,0.1,"fugw","030 L5 NP CTX Glut",TRUE,1,1,0,0.812835731419745,2.25429149666523,4,0.563572874166307,"confident_correct","abundance"
29,"clip",1,0.1,"fugw","036 Vip Gaba",TRUE,0.663795865202356,0.472843507880784,0.868408786955936,1.95891283989885,11.2947801750453,8,1.41184752188066,"underconfident_correct","abundance"
29,"clip",1,0.1,"fugw","037 Sncg Gaba",FALSE,0,1,0,NA,2.6028269026865,3,0.867608967562166,"cross_family_failure","abundance"
29,"clip",1,0.1,"fugw","039 Lamp5 Gaba",FALSE,0,0.700957453608748,0.421877788254624,NA,4.26808468093994,4,1.06702117023499,"cross_family_failure","abundance"
29,"clip",1,0.1,"fugw","041 Pvalb chandelier Gaba",FALSE,0,1,0,NA,1,1,1,"cross_family_failure","abundance"
29,"clip",1,0.1,"fugw","042 Pvalb Gaba",TRUE,0.625680723188814,0.256366023688524,0.687779021380119,0.991249548592231,3.69871238786735,8,0.462339048483419,"underconfident_correct","abundance"
29,"clip",1,0.1,"fugw","043 Sst Gaba",TRUE,0.688376763700519,0.404521047312365,0.714025072099184,2.53573007378595,17.621604083108,14,1.25868600593628,"underconfident_correct","abundance"
29,"clip",1,0.1,"fugw","046 Sst Chodl Gaba",FALSE,0.327874390661863,0.344251218676273,0.632663082171411,0,1.88261747445041,1,1.88261747445041,"cross_family_failure","abundance"
29,"clip",1,0.1,"fugw","287 Astro-TE NN",FALSE,0,1,0,NA,1,1,1,"cross_family_failure","abundance"
29,"clip",1,0.1,"fugw","294 OPC NN",FALSE,0,1,0,NA,1,1,1,"cross_family_failure","abundance"
29,"clip",1,0.1,"fugw","295 Oligo NN",FALSE,0,1,0,NA,1,4,0.25,"cross_family_failure","abundance"
29,"clip",1,0.1,"fugw","299 Peri NN",FALSE,0,0.999999153904009,6.80275718007361e-06,NA,1.00000680278032,1,1.00000680278032,"cross_family_failure","abundance"
29,"clip",1,0.1,"fugw","301 Endo NN",FALSE,0.257257596243976,0.227146358862907,1.04970283512367,0,2.85680205068481,1,2.85680205068481,"cross_family_failure","abundance"
29,"clip",1,0.1,"fugw","302 Microglia NN",FALSE,0,1,0,NA,1,1,1,"cross_family_failure","abundance"
30,"clip",1,0.25,"fugw","001 Car3 Glut",FALSE,0.282505015447649,0.290561187628251,0.955625098380668,0,3.41626804705384,1,3.41626804705384,"cross_family_failure","abundance"
30,"clip",1,0.25,"fugw","003 L5/6 IT TPE-ENT Glut",FALSE,0.000144639836993503,0.999710720326013,0.00142342832930437,0,1.00142444188426,2,0.50071222094213,"cross_family_failure","abundance"
30,"clip",1,0.25,"fugw","004 L6 IT CTX Glut",TRUE,0.979501000248828,0.959002000497656,0.0999748296935784,2.17203421444523,9.27650180736447,11,0.843318346124043,"confident_correct","abundance"
30,"clip",1,0.25,"fugw","005 L5 IT CTX Glut",TRUE,1,1,0,0.983865346032733,2.67477521765159,4,0.668693804412897,"confident_correct","abundance"
30,"clip",1,0.25,"fugw","006 L4/5 IT CTX Glut",TRUE,1,1,0,2.31729514048686,10.1481877270496,13,0.78062982515766,"confident_correct","abundance"
30,"clip",1,0.25,"fugw","007 L2/3 IT CTX Glut",TRUE,1,1,0,1.0828421218421,2.95306059346582,4,0.738265148366455,"confident_correct","abundance"
30,"clip",1,0.25,"fugw","022 L5 ET CTX Glut",TRUE,0.619493360464195,0.429055456392206,1.02386628310813,1.66582444726095,8.3152254353457,6,1.38587090589095,"underconfident_correct","abundance"
30,"clip",1,0.25,"fugw","027 L6b CTX Glut",FALSE,0.313707033236019,0.203267631756363,1.00546421498873,0.688779541917435,6.46341795312545,2,3.23170897656272,"cross_family_failure","abundance"
30,"clip",1,0.25,"fugw","028 L6 CT CTX Glut",TRUE,1,1,0,1.72319540111544,5.60240181381244,8,0.700300226726555,"confident_correct","abundance"
30,"clip",1,0.25,"fugw","030 L5 NP CTX Glut",TRUE,1,1,-2.22044604925031e-16,0.870484011260762,2.38806642488803,4,0.597016606222008,"confident_correct","abundance"
30,"clip",1,0.25,"fugw","036 Vip Gaba",TRUE,0.678628005714457,0.530151300191171,0.969098906975575,1.95890800952501,12.4879105331929,8,1.56098881664911,"underconfident_correct","abundance"
30,"clip",1,0.25,"fugw","037 Sncg Gaba",FALSE,0,1,0,NA,2.56495161881331,3,0.85498387293777,"cross_family_failure","abundance"
30,"clip",1,0.25,"fugw","039 Lamp5 Gaba",FALSE,0.144845288718463,0.710309422563074,0.41366251912291,0,4.25618831249278,4,1.0640470781232,"cross_family_failure","abundance"
30,"clip",1,0.25,"fugw","041 Pvalb chandelier Gaba",FALSE,0.242072600971918,0.515854798056164,0.553457220413702,0,1.73925562577339,1,1.73925562577339,"cross_family_failure","abundance"
30,"clip",1,0.25,"fugw","042 Pvalb Gaba",TRUE,0.616500987963838,0.257521254122207,0.75689430705707,0.991250390186604,3.92749238371696,8,0.49093654796462,"underconfident_correct","abundance"
30,"clip",1,0.25,"fugw","043 Sst Gaba",TRUE,0.68780903001812,0.405217829542732,0.718725037850102,2.53572985389307,17.6469964927653,14,1.26049974948323,"underconfident_correct","abundance"
30,"clip",1,0.25,"fugw","046 Sst Chodl Gaba",FALSE,0,1,0,NA,1,1,1,"cross_family_failure","abundance"
30,"clip",1,0.25,"fugw","287 Astro-TE NN",FALSE,0,1,0,NA,1,1,1,"cross_family_failure","abundance"
30,"clip",1,0.25,"fugw","294 OPC NN",FALSE,0,1,0,NA,1,1,1,"cross_family_failure","abundance"
30,"clip",1,0.25,"fugw","295 Oligo NN",FALSE,0,1,0,NA,1,4,0.25,"cross_family_failure","abundance"
30,"clip",1,0.25,"fugw","299 Peri NN",FALSE,0,0.756662464237178,0.370236761611165,NA,1.44807742322358,1,1.44807742322358,"cross_family_failure","abundance"
30,"clip",1,0.25,"fugw","301 Endo NN",FALSE,0.241205483396409,0.176564255655745,1.05768984169804,0,2.87971071147465,1,2.87971071147465,"cross_family_failure","abundance"
30,"clip",1,0.25,"fugw","302 Microglia NN",FALSE,0,1,0,NA,1,1,1,"cross_family_failure","abundance"
31,"clip",1,0.5,"fugw","001 Car3 Glut",FALSE,0.263831201310653,0.472337597378693,0.577026208944723,0,1.7807350151736,1,1.7807350151736,"cross_family_failure","abundance"
31,"clip",1,0.5,"fugw","003 L5/6 IT TPE-ENT Glut",FALSE,0.116016728918289,0.767966542163421,0.35891274628356,0,1.43177186870467,2,0.715885934352336,"cross_family_failure","abundance"
31,"clip",1,0.5,"fugw","004 L6 IT CTX Glut",TRUE,0.960721242289206,0.939068624952292,0.192664407751428,2.17617289258455,9.80958464332907,11,0.891780422120825,"confident_correct","abundance"
31,"clip",1,0.5,"fugw","005 L5 IT CTX Glut",TRUE,0.797287267060813,0.594574534121627,0.504140150701253,1.02803422272356,3.75759357770667,4,0.939398394426666,"underconfident_correct","abundance"
31,"clip",1,0.5,"fugw","006 L4/5 IT CTX Glut",TRUE,1,1,0,2.35661507840418,10.5551625176828,13,0.811935578283289,"confident_correct","abundance"
31,"clip",1,0.5,"fugw","007 L2/3 IT CTX Glut",TRUE,0.929341543003323,0.858683086006647,0.255338850231392,1.08445253477998,3.53659939375235,4,0.884149848438087,"confident_correct","abundance"
31,"clip",1,0.5,"fugw","022 L5 ET CTX Glut",TRUE,0.641554063732508,0.430666556245124,0.895350724507295,1.66581640387189,7.79697654311495,6,1.29949609051916,"underconfident_correct","abundance"
31,"clip",1,0.5,"fugw","027 L6b CTX Glut",FALSE,0.313218340769121,0.195975377869,1.01419280854856,0.688779521627107,5.85844908451605,2,2.92922454225803,"cross_family_failure","abundance"
31,"clip",1,0.5,"fugw","028 L6 CT CTX Glut",TRUE,1,1,1.11022302462516e-16,1.72284027015519,5.60041258071663,8,0.700051572589579,"confident_correct","abundance"
31,"clip",1,0.5,"fugw","030 L5 NP CTX Glut",TRUE,1,1,3.33066907387547e-16,1.06199089575999,2.8921231771355,4,0.723030794283875,"confident_correct","abundance"
31,"clip",1,0.5,"fugw","036 Vip Gaba",TRUE,0.674839639933615,0.497328449925693,0.8547090887318,1.95890821255497,10.3683103080197,8,1.29603878850246,"underconfident_correct","abundance"
31,"clip",1,0.5,"fugw","037 Sncg Gaba",FALSE,0,0.127161001228364,0.685040289420348,NA,2.55140218436293,3,0.850467394787644,"cross_family_failure","abundance"
31,"clip",1,0.5,"fugw","039 Lamp5 Gaba",FALSE,0.395456781897316,0.209086436205369,0.671126493868828,0.87357983470408,4.64800361099717,4,1.16200090274929,"cross_family_failure","abundance"
31,"clip",1,0.5,"fugw","041 Pvalb chandelier Gaba",FALSE,0.202838992546725,0.594322014906551,0.504313004477088,0,1.65584756975504,1,1.65584756975504,"cross_family_failure","abundance"
31,"clip",1,0.5,"fugw","042 Pvalb Gaba",TRUE,0.730009974119182,0.49184108069756,0.681158156348298,1.33627593602431,5.24173692592959,8,0.655217115741199,"underconfident_correct","abundance"
31,"clip",1,0.5,"fugw","043 Sst Gaba",TRUE,0.724211136075606,0.479563297044918,0.686166605412055,2.53571374137075,16.6095912845178,14,1.18639937746556,"underconfident_correct","abundance"
31,"clip",1,0.5,"fugw","046 Sst Chodl Gaba",FALSE,0,1,0,NA,1,1,1,"cross_family_failure","abundance"
31,"clip",1,0.5,"fugw","287 Astro-TE NN",FALSE,0,1,0,NA,1,1,1,"cross_family_failure","abundance"
31,"clip",1,0.5,"fugw","294 OPC NN",FALSE,0,0.0542015043419312,0.691677558953065,NA,1.99706291551627,1,1.99706291551627,"cross_family_failure","abundance"
31,"clip",1,0.5,"fugw","295 Oligo NN",FALSE,0,1,0,NA,1,4,0.25,"cross_family_failure","abundance"
31,"clip",1,0.5,"fugw","299 Peri NN",TRUE,0.531991126750978,0.063982470678959,0.691102369381979,0,1.99591455604832,1,1.99591455604832,"underconfident_correct","abundance"
31,"clip",1,0.5,"fugw","301 Endo NN",TRUE,0.950729942477852,0.90146794265144,0.196438645231803,0,1.21706064611357,1,1.21706064611357,"confident_correct","abundance"
31,"clip",1,0.5,"fugw","302 Microglia NN",FALSE,0,1,0,NA,1,1,1,"cross_family_failure","abundance"
32,"clip",1,0.75,"fugw","001 Car3 Glut",FALSE,0.215807081396311,0.568385837207378,0.521549663778626,0,1.68463624772517,1,1.68463624772517,"cross_family_failure","abundance"
32,"clip",1,0.75,"fugw","003 L5/6 IT TPE-ENT Glut",FALSE,0.110569381825937,0.265253439256522,0.924049169104412,0,2.51947152972493,2,1.25973576486247,"cross_family_failure","abundance"
32,"clip",1,0.75,"fugw","004 L6 IT CTX Glut",TRUE,0.906149225560931,0.834766817880255,0.363012565806469,2.0550483099957,9.25526890213688,11,0.841388082012443,"confident_correct","abundance"
32,"clip",1,0.75,"fugw","005 L5 IT CTX Glut",TRUE,0.572477006984614,0.144954013969227,0.682604243892598,0.903782414192978,3.32011325512202,4,0.830028313780506,"underconfident_correct","abundance"
32,"clip",1,0.75,"fugw","006 L4/5 IT CTX Glut",TRUE,0.984616834027085,0.96923366805417,0.0794809751998915,2.3013558466448,10.4378088785439,13,0.802908375272607,"confident_correct","abundance"
32,"clip",1,0.75,"fugw","007 L2/3 IT CTX Glut",TRUE,0.87185170630851,0.743703412617021,0.382851468951203,1.08262731909694,3.76874458396612,4,0.942186145991529,"underconfident_correct","abundance"
32,"clip",1,0.75,"fugw","022 L5 ET CTX Glut",TRUE,0.757728620740839,0.556839204644921,0.664442121054031,1.66578025601984,7.14930119513412,6,1.19155019918902,"underconfident_correct","abundance"
32,"clip",1,0.75,"fugw","027 L6b CTX Glut",FALSE,0.313233807455386,0.195969257457214,1.01417418499849,0.688779462762461,5.86061366566143,2,2.93030683283071,"cross_family_failure","abundance"
32,"clip",1,0.75,"fugw","028 L6 CT CTX Glut",TRUE,1,1,0,1.72286757996934,5.60056552903181,8,0.700070691128976,"confident_correct","abundance"
32,"clip",1,0.75,"fugw","030 L5 NP CTX Glut",TRUE,1,1,0,1.06198441401948,2.89210443120427,4,0.723026107801068,"confident_correct","abundance"
32,"clip",1,0.75,"fugw","036 Vip Gaba",TRUE,0.688411809285808,0.523322925585837,0.835787128559211,1.95890104359848,10.4317466202669,8,1.30396832753336,"underconfident_correct","abundance"
32,"clip",1,0.75,"fugw","037 Sncg Gaba",FALSE,0.0120168527531609,0.178680528298352,0.73364716693439,0.364497100148983,2.80765713055785,3,0.935885710185952,"cross_family_failure","abundance"
32,"clip",1,0.75,"fugw","039 Lamp5 Gaba",FALSE,0.418467493171446,0.163065013657108,0.679792525577737,0.770282236331612,4.48879155382609,4,1.12219788845652,"cross_family_failure","abundance"
32,"clip",1,0.75,"fugw","041 Pvalb chandelier Gaba",TRUE,0.464438728619277,0.0757249714999619,1.00519675887472,0,2.73244485271185,1,2.73244485271185,"diffuse_correct","abundance"
32,"clip",1,0.75,"fugw","042 Pvalb Gaba",TRUE,0.991625851636326,0.983251703272651,0.0483892382209914,1.58780860846575,5.06777214463647,8,0.633471518079558,"confident_correct","abundance"
32,"clip",1,0.75,"fugw","043 Sst Gaba",TRUE,0.829098727945179,0.693777664876609,0.544737101958193,2.53567060498442,15.1137494475585,14,1.07955353196847,"underconfident_correct","abundance"
32,"clip",1,0.75,"fugw","046 Sst Chodl Gaba",FALSE,0,1,0,NA,1,1,1,"cross_family_failure","abundance"
32,"clip",1,0.75,"fugw","287 Astro-TE NN",FALSE,0,1,0,NA,1,1,1,"cross_family_failure","abundance"
32,"clip",1,0.75,"fugw","294 OPC NN",FALSE,0,0.0924855677252616,0.688864272506811,NA,1.99145250103558,1,1.99145250103558,"cross_family_failure","abundance"
32,"clip",1,0.75,"fugw","295 Oligo NN",FALSE,0,0.724261705405778,0.40107643277047,NA,1.49343141123805,4,0.373357852809513,"cross_family_failure","abundance"
32,"clip",1,0.75,"fugw","299 Peri NN",FALSE,0,1,0,NA,1,1,1,"cross_family_failure","abundance"
32,"clip",1,0.75,"fugw","301 Endo NN",TRUE,1,1,0,0,1,1,1,"confident_correct","abundance"
32,"clip",1,0.75,"fugw","302 Microglia NN",FALSE,0,1,0,NA,1,1,1,"cross_family_failure","abundance"
33,"clip",1,0.9,"fugw","001 Car3 Glut",FALSE,0.17684253277272,0.64631493445456,0.466571741376774,0,1.59451839092364,1,1.59451839092364,"cross_family_failure","abundance"
33,"clip",1,0.9,"fugw","003 L5/6 IT TPE-ENT Glut",FALSE,0.0827138551930833,0.269478714873638,0.880988837901837,0,2.41328487450239,2,1.2066424372512,"cross_family_failure","abundance"
33,"clip",1,0.9,"fugw","004 L6 IT CTX Glut",TRUE,0.948722150010689,0.920788419106725,0.23759816916883,2.04345444866171,8.81335925194556,11,0.801214477449596,"confident_correct","abundance"
33,"clip",1,0.9,"fugw","005 L5 IT CTX Glut",TRUE,0.555608982545876,0.111217965091753,0.686949648928673,0.975739291779596,3.41808059524016,4,0.854520148810041,"underconfident_correct","abundance"
33,"clip",1,0.9,"fugw","006 L4/5 IT CTX Glut",TRUE,1,1,0,2.29329760724104,9.90755509733189,13,0.762119622871684,"confident_correct","abundance"
33,"clip",1,0.9,"fugw","007 L2/3 IT CTX Glut",TRUE,0.896224682532057,0.792449365064114,0.333299879441634,1.36073212214131,4.72478280937272,4,1.18119570234318,"underconfident_correct","abundance"
33,"clip",1,0.9,"fugw","022 L5 ET CTX Glut",TRUE,1,1,0,1.66571042788396,5.28942967359901,6,0.881571612266502,"confident_correct","abundance"
33,"clip",1,0.9,"fugw","027 L6b CTX Glut",FALSE,0.313289333120373,0.195749043110598,1.01431610514336,0.688779328975338,5.86643949978669,2,2.93321974989334,"cross_family_failure","abundance"
33,"clip",1,0.9,"fugw","028 L6 CT CTX Glut",TRUE,1,1,0,1.72294118624212,5.60097778095787,8,0.700122222619734,"confident_correct","abundance"
33,"clip",1,0.9,"fugw","030 L5 NP CTX Glut",TRUE,1,1,-2.22044604925031e-16,1.06197911280303,2.89208909957334,4,0.723022274893336,"confident_correct","abundance"
33,"clip",1,0.9,"fugw","036 Vip Gaba",TRUE,0.791255415671497,0.63684436102268,0.631973757715025,1.95886320064716,8.8685185050541,8,1.10856481313176,"underconfident_correct","abundance"
33,"clip",1,0.9,"fugw","037 Sncg Gaba",FALSE,0.347206162900017,0.305587674199966,0.64569996812141,0.69953063391293,3.39094856507495,3,1.13031618835832,"cross_family_failure","abundance"
33,"clip",1,0.9,"fugw","039 Lamp5 Gaba",TRUE,0.537693071139004,0.0753861422780088,0.690302947758404,0.811119373654159,4.11254363949731,4,1.02813590987433,"underconfident_correct","abundance"
33,"clip",1,0.9,"fugw","041 Pvalb chandelier Gaba",FALSE,0.43626196454447,0.12747607091106,0.684999956325825,0,2.84337416595559,1,2.84337416595559,"cross_family_failure","abundance"
33,"clip",1,0.9,"fugw","042 Pvalb Gaba",TRUE,1,1,1.11022302462516e-16,1.67899894789308,5.36018745754154,8,0.670023432192693,"confident_correct","abundance"
33,"clip",1,0.9,"fugw","043 Sst Gaba",TRUE,0.903403511945247,0.845520265795892,0.382580387842444,2.53563580263197,15.0802221254385,14,1.07715872324561,"confident_correct","abundance"
33,"clip",1,0.9,"fugw","046 Sst Chodl Gaba",FALSE,0,1,0,NA,1,1,1,"cross_family_failure","abundance"
33,"clip",1,0.9,"fugw","287 Astro-TE NN",FALSE,0,0.865939674889001,0.245888253318335,NA,1.27875666874293,1,1.27875666874293,"cross_family_failure","abundance"
33,"clip",1,0.9,"fugw","294 OPC NN",FALSE,0,0.576785299801144,0.516078517597617,NA,1.93021388280527,1,1.93021388280527,"cross_family_failure","abundance"
33,"clip",1,0.9,"fugw","295 Oligo NN",FALSE,0.256643941117852,0.486712117764297,0.569517232657694,0.00172870021794265,1.76819790133363,4,0.442049475333408,"cross_family_failure","abundance"
33,"clip",1,0.9,"fugw","299 Peri NN",FALSE,0,1,0,NA,1,1,1,"cross_family_failure","abundance"
33,"clip",1,0.9,"fugw","301 Endo NN",TRUE,1,1,0,0,1,1,1,"confident_correct","abundance"
33,"clip",1,0.9,"fugw","302 Microglia NN",FALSE,0,1,0,NA,1,1,1,"cross_family_failure","abundance"
34,"clip",1,1,"uot_molecular","001 Car3 Glut",FALSE,0.232260853319058,0.535478293361884,0.541993757882329,0,1.71943157728438,1,1.71943157728438,"cross_family_failure","abundance"
34,"clip",1,1,"uot_molecular","003 L5/6 IT TPE-ENT Glut",FALSE,0.122360982554351,0.0429649692057553,0.9801187244775,1.56135263711198e-08,2.66483726114657,2,1.33241863057329,"cross_family_failure","abundance"
34,"clip",1,1,"uot_molecular","004 L6 IT CTX Glut",TRUE,0.864971880891159,0.752275845453086,0.456394230081412,2.05806724263937,9.36111609170483,11,0.851010553791349,"underconfident_correct","abundance"
34,"clip",1,1,"uot_molecular","005 L5 IT CTX Glut",TRUE,0.564645455931098,0.129290911862197,0.684765667728835,0.689780073739251,2.92778701290043,4,0.731946753225108,"underconfident_correct","abundance"
34,"clip",1,1,"uot_molecular","006 L4/5 IT CTX Glut",TRUE,0.971945543850673,0.943891087701345,0.127912820516211,2.30133383152132,10.6406803877196,13,0.818513875978429,"confident_correct","abundance"
34,"clip",1,1,"uot_molecular","007 L2/3 IT CTX Glut",TRUE,0.856389370681267,0.712778741362534,0.411464069899,1.07913695985321,3.80237355633508,4,0.95059338908377,"underconfident_correct","abundance"
34,"clip",1,1,"uot_molecular","022 L5 ET CTX Glut",TRUE,0.708198658882285,0.417629369117578,0.611729419034926,1.66618981537355,7.23790969342383,6,1.20631828223731,"underconfident_correct","abundance"
34,"clip",1,1,"uot_molecular","027 L6b CTX Glut",FALSE,0.293940059085461,0.188978954801425,1.04611457906436,0.692646848914596,5.81602157043688,2,2.90801078521844,"cross_family_failure","abundance"
34,"clip",1,1,"uot_molecular","028 L6 CT CTX Glut",TRUE,0.999999998350903,0.999999996701807,3.4998842426741e-08,1.74912016961457,5.74954201302848,8,0.71869275162856,"confident_correct","abundance"
34,"clip",1,1,"uot_molecular","030 L5 NP CTX Glut",TRUE,0.98924930686595,0.978498613787383,0.0594232784402419,1.06489113584181,3.04333401199368,4,0.760833502998421,"confident_correct","abundance"
34,"clip",1,1,"uot_molecular","036 Vip Gaba",TRUE,0.627702955116504,0.436160678598524,1.0182110940257,1.96300259906402,11.2630676193785,8,1.40788345242231,"underconfident_correct","abundance"
34,"clip",1,1,"uot_molecular","037 Sncg Gaba",FALSE,0.0378527704937279,0.307504805230789,1.0821610396066,1.09762963351521,4.4457409711085,3,1.48191365703617,"cross_family_failure","abundance"
34,"clip",1,1,"uot_molecular","039 Lamp5 Gaba",FALSE,0.401627263624475,0.195969743074773,0.679618930897002,0.838729073993836,4.61772881876784,4,1.15443220469196,"cross_family_failure","abundance"
34,"clip",1,1,"uot_molecular","041 Pvalb chandelier Gaba",FALSE,1.54034612436013e-05,0.99964067718636,0.00184885437817607,0,1.00206190262703,1,1.00206190262703,"cross_family_failure","abundance"
34,"clip",1,1,"uot_molecular","042 Pvalb Gaba",TRUE,0.709995654456826,0.481115816471082,0.75397536574055,1.36076024374941,5.585176422721,8,0.698147052840125,"underconfident_correct","abundance"
34,"clip",1,1,"uot_molecular","043 Sst Gaba",TRUE,0.717681505472336,0.468595464402074,0.697645526670361,2.53623866932203,17.4590498393316,14,1.24707498852368,"underconfident_correct","abundance"
34,"clip",1,1,"uot_molecular","046 Sst Chodl Gaba",FALSE,0,1,0,NA,1,1,1,"cross_family_failure","abundance"
34,"clip",1,1,"uot_molecular","287 Astro-TE NN",FALSE,0.00651091729420348,0.341175546298076,0.668157413545348,0,1.95064092085149,1,1.95064092085149,"cross_family_failure","abundance"
34,"clip",1,1,"uot_molecular","294 OPC NN",FALSE,2.40706253517856e-10,0.0424434906115901,0.692253013465032,0,2.03717657576211,1,2.03717657576211,"cross_family_failure","abundance"
34,"clip",1,1,"uot_molecular","295 Oligo NN",FALSE,0.00335816794613426,0.36420184403691,0.646227121849023,0.0370510446009401,1.90856479901921,4,0.477141199754802,"cross_family_failure","abundance"
34,"clip",1,1,"uot_molecular","299 Peri NN",FALSE,0.13388683555049,0.315561166541022,0.951298336751105,0,2.58906896147506,1,2.58906896147506,"cross_family_failure","abundance"
34,"clip",1,1,"uot_molecular","301 Endo NN",FALSE,0.274553479818938,0.316268759689002,0.938704951802378,0,2.55666826572573,1,2.55666826572573,"cross_family_failure","abundance"
34,"clip",1,1,"uot_molecular","302 Microglia NN",TRUE,0.591080488641355,0.316406913647706,0.935299513593578,0,2.54797656699142,1,2.54797656699142,"underconfident_correct","abundance"
35,"clip",3,0,"gw_only","001 Car3 Glut",FALSE,0,0.559037546735508,0.527517689200284,NA,2.73401419755655,1,2.73401419755655,"cross_family_failure","abundance"
35,"clip",3,0,"gw_only","003 L5/6 IT TPE-ENT Glut",FALSE,0,1,0,NA,1.97814861612326,2,0.989074308061631,"cross_family_failure","abundance"
35,"clip",3,0,"gw_only","004 L6 IT CTX Glut",TRUE,0.983642381565256,0.972980578621312,0.0940753880593394,2.17194452431715,9.30489075117125,11,0.845899159197387,"confident_correct","abundance"
35,"clip",3,0,"gw_only","005 L5 IT CTX Glut",FALSE,0,1,-2.22044604925031e-16,NA,4.41656542741411,4,1.10414135685353,"cross_family_failure","abundance"
35,"clip",3,0,"gw_only","006 L4/5 IT CTX Glut",TRUE,1,1,0,2.29797825711684,9.95403759314848,13,0.76569519947296,"confident_correct","abundance"
35,"clip",3,0,"gw_only","007 L2/3 IT CTX Glut",FALSE,0,1,0,NA,2.94480349125835,4,0.736200872814589,"cross_family_failure","abundance"
35,"clip",3,0,"gw_only","022 L5 ET CTX Glut",FALSE,7.8034267853255e-05,0.931063804952908,0.150679484962405,0.0286569849733869,4.32474819907456,6,0.720791366512427,"cross_family_failure","abundance"
35,"clip",3,0,"gw_only","027 L6b CTX Glut",FALSE,0,0.464948375352184,0.580782397968079,NA,1.78743637039046,2,0.893718185195229,"cross_family_failure","abundance"
35,"clip",3,0,"gw_only","028 L6 CT CTX Glut",FALSE,0,0.292677004730262,0.64968383167474,NA,12.2370242494729,8,1.52962803118411,"cross_family_failure","abundance"
35,"clip",3,0,"gw_only","030 L5 NP CTX Glut",FALSE,0,0.459262386896332,0.764748400050251,NA,8.45771697299217,4,2.11442924324804,"cross_family_failure","abundance"
35,"clip",3,0,"gw_only","036 Vip Gaba",FALSE,0.479959704842014,0.0400805903159727,0.692343738503799,1.61927765638807,8.24095277819953,8,1.03011909727494,"cross_family_failure","abundance"
35,"clip",3,0,"gw_only","037 Sncg Gaba",FALSE,0,0.0751398482722991,0.690321519703256,NA,3.5344902663932,3,1.17816342213107,"cross_family_failure","abundance"
35,"clip",3,0,"gw_only","039 Lamp5 Gaba",FALSE,0,0.466781758468269,0.579856949465017,NA,3.56162990099957,4,0.890407475249892,"cross_family_failure","abundance"
35,"clip",3,0,"gw_only","041 Pvalb chandelier Gaba",FALSE,0,0.0889080377692938,0.689189637492906,NA,2.81129041998123,1,2.81129041998123,"cross_family_failure","abundance"
35,"clip",3,0,"gw_only","042 Pvalb Gaba",FALSE,0,0.96364103745653,0.0908667992829917,NA,3.06489058417931,8,0.383111323022414,"cross_family_failure","abundance"
35,"clip",3,0,"gw_only","043 Sst Gaba",FALSE,0,0.931096901850698,0.149890912388157,NA,7.58480132332675,14,0.541771523094768,"cross_family_failure","abundance"
35,"clip",3,0,"gw_only","046 Sst Chodl Gaba",FALSE,0,0.952124668760038,0.112991445346912,NA,3.26924290506167,1,3.26924290506167,"cross_family_failure","abundance"
35,"clip",3,0,"gw_only","287 Astro-TE NN",TRUE,0.616800682087806,0.233601364320354,0.665608651173372,0,2.01795677629772,1,2.01795677629772,"underconfident_correct","abundance"
35,"clip",3,0,"gw_only","294 OPC NN",FALSE,0,0.563605736922869,0.524616642113564,NA,1.68981092184968,1,1.68981092184968,"cross_family_failure","abundance"
35,"clip",3,0,"gw_only","295 Oligo NN",FALSE,0,1,0,NA,1,4,0.25,"cross_family_failure","abundance"
35,"clip",3,0,"gw_only","299 Peri NN",FALSE,0.17298767988509,0.200463838522076,1.01255679284656,0,2.75263060128658,1,2.75263060128658,"cross_family_failure","abundance"
35,"clip",3,0,"gw_only","301 Endo NN",FALSE,0,0.34859842967895,0.777337165015418,NA,2.17567132125538,1,2.17567132125538,"cross_family_failure","abundance"
35,"clip",3,0,"gw_only","302 Microglia NN",FALSE,0,0.336462194993728,0.635650888669089,NA,1.88825093716313,1,1.88825093716313,"cross_family_failure","abundance"
36,"clip",3,0.1,"fugw","001 Car3 Glut",FALSE,0,0.697126168375953,0.425193487708158,NA,2.73406329398551,1,2.73406329398551,"cross_family_failure","abundance"
36,"clip",3,0.1,"fugw","003 L5/6 IT TPE-ENT Glut",FALSE,0,1,0,NA,1,2,0.5,"cross_family_failure","abundance"
36,"clip",3,0.1,"fugw","004 L6 IT CTX Glut",TRUE,0.979972996246282,0.96489008931212,0.109336719746209,2.17201159881229,9.46987423976284,11,0.860897658160258,"confident_correct","abundance"
36,"clip",3,0.1,"fugw","005 L5 IT CTX Glut",TRUE,1,1,0,0.954242660915455,2.5967032531811,4,0.649175813295276,"confident_correct","abundance"
36,"clip",3,0.1,"fugw","006 L4/5 IT CTX Glut",TRUE,1,1,0,2.3106380213858,10.0808544043338,13,0.775450338794907,"confident_correct","abundance"
36,"clip",3,0.1,"fugw","007 L2/3 IT CTX Glut",TRUE,1,1,0,1.0847199269227,2.95861107538215,4,0.739652768845537,"confident_correct","abundance"
36,"clip",3,0.1,"fugw","022 L5 ET CTX Glut",TRUE,0.602704561353927,0.384235512388028,0.945302931191876,1.66606986782665,8.49953436104009,6,1.41658906017335,"underconfident_correct","abundance"
36,"clip",3,0.1,"fugw","027 L6b CTX Glut",FALSE,0.306662185776954,0.0891864125013812,1.39021274236968,0.688785555613933,6.8991999297249,2,3.44959996486245,"cross_family_failure","abundance"
36,"clip",3,0.1,"fugw","028 L6 CT CTX Glut",TRUE,1,1,0,1.71616162815224,5.5631340535548,8,0.695391756694351,"confident_correct","abundance"
36,"clip",3,0.1,"fugw","030 L5 NP CTX Glut",TRUE,1,1,0,0.847069558378353,2.33280068945016,4,0.583200172362541,"confident_correct","abundance"
36,"clip",3,0.1,"fugw","036 Vip Gaba",TRUE,0.678208662646095,0.35641732529219,0.628212351045986,1.95917942403668,8.78381198360827,8,1.09797649795103,"underconfident_correct","abundance"
36,"clip",3,0.1,"fugw","037 Sncg Gaba",FALSE,0.44539333107202,0.109213337855961,0.687171491506235,1.09765738783881,4.34144487577016,3,1.44714829192339,"cross_family_failure","abundance"
36,"clip",3,0.1,"fugw","039 Lamp5 Gaba",FALSE,0.0552225205211995,0.809899705334376,0.461085559597574,0,4.58559145046247,4,1.14639786261562,"cross_family_failure","abundance"
36,"clip",3,0.1,"fugw","041 Pvalb chandelier Gaba",FALSE,0.411806359506552,0.176387280986896,0.677509257671233,0,2.93106167972915,1,2.93106167972915,"cross_family_failure","abundance"
36,"clip",3,0.1,"fugw","042 Pvalb Gaba",FALSE,0.278352543128437,0.00373364426376666,1.09158885966958,0.837423025351967,3.76101056452246,8,0.470126320565307,"cross_family_failure","abundance"
36,"clip",3,0.1,"fugw","043 Sst Gaba",TRUE,0.625224488222199,0.250448976444398,0.661448456304011,2.53607791931948,15.7498172772022,14,1.12498694837159,"underconfident_correct","abundance"
36,"clip",3,0.1,"fugw","046 Sst Chodl Gaba",FALSE,0.35144642140767,0.218246118503184,0.888361553250973,0,2.43114308780708,1,2.43114308780708,"cross_family_failure","abundance"
36,"clip",3,0.1,"fugw","287 Astro-TE NN",FALSE,0,1,0,NA,1,1,1,"cross_family_failure","abundance"
36,"clip",3,0.1,"fugw","294 OPC NN",FALSE,0,1,0,NA,1,1,1,"cross_family_failure","abundance"
36,"clip",3,0.1,"fugw","295 Oligo NN",FALSE,0,0.480869786661363,0.572601540696914,NA,1.77287325915157,4,0.443218314787891,"cross_family_failure","abundance"
36,"clip",3,0.1,"fugw","299 Peri NN",FALSE,0,1,0,NA,1,1,1,"cross_family_failure","abundance"
36,"clip",3,0.1,"fugw","301 Endo NN",FALSE,0,1,0,NA,1,1,1,"cross_family_failure","abundance"
36,"clip",3,0.1,"fugw","302 Microglia NN",FALSE,0.351985735533445,0.295389138348941,0.653731623228139,0,1.9227023363945,1,1.9227023363945,"cross_family_failure","abundance"
37,"clip",3,0.25,"fugw","001 Car3 Glut",FALSE,0,0.0481236338639356,0.691988791133991,NA,1.99768512268624,1,1.99768512268624,"cross_family_failure","abundance"
37,"clip",3,0.25,"fugw","003 L5/6 IT TPE-ENT Glut",FALSE,0,1,0,NA,1,2,0.5,"cross_family_failure","abundance"
37,"clip",3,0.25,"fugw","004 L6 IT CTX Glut",TRUE,0.974361698780024,0.953409557382647,0.131430139182486,2.17214267232143,9.46766930488125,11,0.860697209534659,"confident_correct","abundance"
37,"clip",3,0.25,"fugw","005 L5 IT CTX Glut",TRUE,0.923534380948527,0.847068761897054,0.270051156655526,1.01469065412004,3.34395039727793,4,0.835987599319482,"confident_correct","abundance"
37,"clip",3,0.25,"fugw","006 L4/5 IT CTX Glut",TRUE,1,1,0,2.32316004770356,10.2078807824965,13,0.785221598653577,"confident_correct","abundance"
37,"clip",3,0.25,"fugw","007 L2/3 IT CTX Glut",TRUE,0.999999999932669,0.999999999865338,1.64431805023088e-09,1.08442590241705,2.95774130374485,4,0.739435325936212,"confident_correct","abundance"
37,"clip",3,0.25,"fugw","022 L5 ET CTX Glut",TRUE,0.601456456511379,0.393086627977336,1.04378738917215,1.66606985659678,8.69172191426602,6,1.44862031904434,"underconfident_correct","abundance"
37,"clip",3,0.25,"fugw","027 L6b CTX Glut",FALSE,0.309354534559865,0.113305837314096,1.26041977421817,0.688785547851239,6.84855513096634,2,3.42427756548317,"cross_family_failure","abundance"
37,"clip",3,0.25,"fugw","028 L6 CT CTX Glut",TRUE,1,1,-2.22044604925031e-16,1.71795850544374,5.5731393092215,8,0.696642413652688,"confident_correct","abundance"
37,"clip",3,0.25,"fugw","030 L5 NP CTX Glut",TRUE,1,1,0,0.870234371252335,2.38747034237172,4,0.59686758559293,"confident_correct","abundance"
37,"clip",3,0.25,"fugw","036 Vip Gaba",TRUE,0.675607372365741,0.526656787470382,0.970165888543356,1.95917955753475,12.5389425506165,8,1.56736781882707,"underconfident_correct","abundance"
37,"clip",3,0.25,"fugw","037 Sncg Gaba",FALSE,0,1,0,NA,2.4722140510401,3,0.824071350346699,"cross_family_failure","abundance"
37,"clip",3,0.25,"fugw","039 Lamp5 Gaba",FALSE,0.135707908690396,0.728584182619208,0.397094926170157,0.00138758635631571,4.23605523429345,4,1.05901380857336,"cross_family_failure","abundance"
37,"clip",3,0.25,"fugw","041 Pvalb chandelier Gaba",FALSE,0,1,0,NA,1,1,1,"cross_family_failure","abundance"
37,"clip",3,0.25,"fugw","042 Pvalb Gaba",TRUE,0.515310040667678,0.14998317827441,1.04591298274906,0.886497126967242,4.49395811402633,8,0.561744764253292,"underconfident_correct","abundance"
37,"clip",3,0.25,"fugw","043 Sst Gaba",TRUE,0.651758392447835,0.336168029495185,0.765198051747944,2.53607439518263,18.8728980533109,14,1.34806414666506,"underconfident_correct","abundance"
37,"clip",3,0.25,"fugw","046 Sst Chodl Gaba",FALSE,0,1,0,NA,1,1,1,"cross_family_failure","abundance"
37,"clip",3,0.25,"fugw","287 Astro-TE NN",FALSE,0,1,0,NA,1,1,1,"cross_family_failure","abundance"
37,"clip",3,0.25,"fugw","294 OPC NN",FALSE,0,1,0,NA,1,1,1,"cross_family_failure","abundance"
37,"clip",3,0.25,"fugw","295 Oligo NN",FALSE,0,0.513698379600008,0.554684669490112,NA,1.74139178422955,4,0.435347946057387,"cross_family_failure","abundance"
37,"clip",3,0.25,"fugw","299 Peri NN",FALSE,0,0.999984333911639,9.99589802423364e-05,NA,1.00009996397631,1,1.00009996397631,"cross_family_failure","abundance"
37,"clip",3,0.25,"fugw","301 Endo NN",FALSE,0,1,0,NA,1,1,1,"cross_family_failure","abundance"
37,"clip",3,0.25,"fugw","302 Microglia NN",FALSE,0.220178753623056,0.559642492753887,0.527134110796557,0,1.69407032713577,1,1.69407032713577,"cross_family_failure","abundance"
38,"clip",3,0.5,"fugw","001 Car3 Glut",FALSE,0.281054191020514,0.437891617958972,0.593946206256856,0,1.81112139060916,1,1.81112139060916,"cross_family_failure","abundance"
38,"clip",3,0.5,"fugw","003 L5/6 IT TPE-ENT Glut",FALSE,0.122113938266846,0.531864848168369,0.806830519572995,0,2.24079456519096,2,1.12039728259548,"cross_family_failure","abundance"
38,"clip",3,0.5,"fugw","004 L6 IT CTX Glut",TRUE,0.922614838258617,0.866103912814035,0.31745202562968,2.18043458779483,10.2692431929818,11,0.933567562998341,"confident_correct","abundance"
38,"clip",3,0.5,"fugw","005 L5 IT CTX Glut",TRUE,0.849784041930558,0.699568083861116,0.423083506079716,1.02745361357595,3.65536953010984,4,0.913842382527461,"underconfident_correct","abundance"
38,"clip",3,0.5,"fugw","006 L4/5 IT CTX Glut",TRUE,1,1,1.11022302462516e-16,2.30744750457227,10.0487425228509,13,0.772980194065453,"confident_correct","abundance"
38,"clip",3,0.5,"fugw","007 L2/3 IT CTX Glut",TRUE,0.853374897866301,0.706749795732602,0.416810040853996,1.06697996617962,3.77101411201986,4,0.942753528004965,"underconfident_correct","abundance"
38,"clip",3,0.5,"fugw","022 L5 ET CTX Glut",TRUE,0.605101691599612,0.300501909239766,0.883208035272979,1.66606942827503,8.15700328689593,6,1.35950054781599,"underconfident_correct","abundance"
38,"clip",3,0.5,"fugw","027 L6b CTX Glut",FALSE,0.314168042825523,0.174808149187396,1.03353269662109,0.688785528163345,5.77990292174331,2,2.88995146087165,"cross_family_failure","abundance"
38,"clip",3,0.5,"fugw","028 L6 CT CTX Glut",TRUE,1,1,-2.22044604925031e-16,1.72191954293789,5.59525850154005,8,0.699407312692506,"confident_correct","abundance"
38,"clip",3,0.5,"fugw","030 L5 NP CTX Glut",TRUE,1,1,0,1.06346321852391,2.89638445214156,4,0.724096113035391,"confident_correct","abundance"
38,"clip",3,0.5,"fugw","036 Vip Gaba",TRUE,0.673957462048136,0.47598665654912,0.849784814531031,1.959179640469,10.0344673591887,8,1.25430841989859,"underconfident_correct","abundance"
38,"clip",3,0.5,"fugw","037 Sncg Gaba",FALSE,0.0610344817156068,0.877931036568786,0.229804498911166,0.113027615422724,3.63459237142466,3,1.21153079047489,"cross_family_failure","abundance"
38,"clip",3,0.5,"fugw","039 Lamp5 Gaba",FALSE,0.141877558241881,0.716244883478025,0.408357213427595,2.21702251325591e-08,4.25036822962921,4,1.0625920574073,"cross_family_failure","abundance"
38,"clip",3,0.5,"fugw","041 Pvalb chandelier Gaba",FALSE,0,1,0,NA,1,1,1,"cross_family_failure","abundance"
38,"clip",3,0.5,"fugw","042 Pvalb Gaba",TRUE,0.580410313081336,0.218904011476632,0.848876818125161,0.973527818276347,4.11205294551311,8,0.514006618189138,"underconfident_correct","abundance"
38,"clip",3,0.5,"fugw","043 Sst Gaba",TRUE,0.664658906846518,0.376312136824725,0.804517729810934,2.53607258581682,18.9274446145267,14,1.35196032960905,"underconfident_correct","abundance"
38,"clip",3,0.5,"fugw","046 Sst Chodl Gaba",FALSE,0,1,0,NA,1,1,1,"cross_family_failure","abundance"
38,"clip",3,0.5,"fugw","287 Astro-TE NN",FALSE,0,1,0,NA,1,1,1,"cross_family_failure","abundance"
38,"clip",3,0.5,"fugw","294 OPC NN",FALSE,0,1,0,NA,1,1,1,"cross_family_failure","abundance"
38,"clip",3,0.5,"fugw","295 Oligo NN",FALSE,0,1,0,NA,1,4,0.25,"cross_family_failure","abundance"
38,"clip",3,0.5,"fugw","299 Peri NN",FALSE,0,1,0,NA,1,1,1,"cross_family_failure","abundance"
38,"clip",3,0.5,"fugw","301 Endo NN",FALSE,0.385400320870436,0.229199272613427,0.666647501741949,0,1.9476967132361,1,1.9476967132361,"cross_family_failure","abundance"
38,"clip",3,0.5,"fugw","302 Microglia NN",FALSE,0,1,0,NA,1,1,1,"cross_family_failure","abundance"
39,"clip",3,0.75,"fugw","001 Car3 Glut",FALSE,0.25733588276976,0.48532823446048,0.570251848466561,0,1.76871244286233,1,1.76871244286233,"cross_family_failure","abundance"
39,"clip",3,0.75,"fugw","003 L5/6 IT TPE-ENT Glut",FALSE,0.122673091310425,0.102798646663193,0.974297546230795,0,2.64930554252702,2,1.32465277126351,"cross_family_failure","abundance"
39,"clip",3,0.75,"fugw","004 L6 IT CTX Glut",TRUE,0.880291052800042,0.782181853624455,0.422853687275038,2.14258555686225,10.0638780540571,11,0.914898004914284,"underconfident_correct","abundance"
39,"clip",3,0.75,"fugw","005 L5 IT CTX Glut",TRUE,0.639091549745205,0.278183099490409,0.653939094179129,0.692884973715537,2.99443637684516,4,0.748609094211289,"underconfident_correct","abundance"
39,"clip",3,0.75,"fugw","006 L4/5 IT CTX Glut",TRUE,0.971454057302024,0.942908114604048,0.129650810636885,2.30085957466292,10.6422313973877,13,0.818633184414439,"confident_correct","abundance"
39,"clip",3,0.75,"fugw","007 L2/3 IT CTX Glut",TRUE,0.849882776728018,0.699765553456036,0.422912369541409,1.06692815174044,3.77981939621846,4,0.944954849054616,"underconfident_correct","abundance"
39,"clip",3,0.75,"fugw","022 L5 ET CTX Glut",TRUE,0.656226548029308,0.337884263086285,0.734196082425236,1.66606390809141,7.72287451067094,6,1.28714575177849,"underconfident_correct","abundance"
39,"clip",3,0.75,"fugw","027 L6b CTX Glut",FALSE,0.314175867806843,0.174757524177525,1.03356797498851,0.688785506461525,5.78061101766699,2,2.89030550883349,"cross_family_failure","abundance"
39,"clip",3,0.75,"fugw","028 L6 CT CTX Glut",TRUE,1,1,0,1.72192719445335,5.59530131391077,8,0.699412664238846,"confident_correct","abundance"
39,"clip",3,0.75,"fugw","030 L5 NP CTX Glut",TRUE,1,1,0,1.06346397232851,2.8963866354503,4,0.724096658862576,"confident_correct","abundance"
39,"clip",3,0.75,"fugw","036 Vip Gaba",TRUE,0.676524944597807,0.483746785465395,0.84768255143684,1.9591790599679,10.1025138873418,8,1.26281423591772,"underconfident_correct","abundance"
39,"clip",3,0.75,"fugw","037 Sncg Gaba",FALSE,0.0549513914064323,0.0980617142696532,0.862804926482145,0.135627343253746,3.06755596773308,3,1.02251865591103,"cross_family_failure","abundance"
39,"clip",3,0.75,"fugw","039 Lamp5 Gaba",FALSE,0.381715274200003,0.236569451599994,0.664897595640554,0.775462782895072,4.45118886116457,4,1.11279721529114,"cross_family_failure","abundance"
39,"clip",3,0.75,"fugw","041 Pvalb chandelier Gaba",FALSE,0,1,0,NA,1,1,1,"cross_family_failure","abundance"
39,"clip",3,0.75,"fugw","042 Pvalb Gaba",TRUE,0.617148473149534,0.29342287282245,0.830194058019984,0.991350709603401,4.22916525697372,8,0.528645657121715,"underconfident_correct","abundance"
39,"clip",3,0.75,"fugw","043 Sst Gaba",TRUE,0.687379411727791,0.405802042503956,0.722327356828679,2.53606908007077,17.6708859364505,14,1.2622061383179,"underconfident_correct","abundance"
39,"clip",3,0.75,"fugw","046 Sst Chodl Gaba",FALSE,0,1,0,NA,1,1,1,"cross_family_failure","abundance"
39,"clip",3,0.75,"fugw","287 Astro-TE NN",FALSE,0,1,0,NA,1,1,1,"cross_family_failure","abundance"
39,"clip",3,0.75,"fugw","294 OPC NN",FALSE,0,0.105061314375405,0.687618042678142,NA,1.98897223933548,1,1.98897223933548,"cross_family_failure","abundance"
39,"clip",3,0.75,"fugw","295 Oligo NN",FALSE,0,1,0,NA,1,4,0.25,"cross_family_failure","abundance"
39,"clip",3,0.75,"fugw","299 Peri NN",FALSE,0,1,0,NA,1,1,1,"cross_family_failure","abundance"
39,"clip",3,0.75,"fugw","301 Endo NN",TRUE,0.555237496443946,0.110474995727376,0.687032401013448,0,1.98780775534066,1,1.98780775534066,"underconfident_correct","abundance"
39,"clip",3,0.75,"fugw","302 Microglia NN",FALSE,0,0.280397977512466,0.653303617861237,NA,1.92187950843286,1,1.92187950843286,"cross_family_failure","abundance"
40,"clip",3,0.9,"fugw","001 Car3 Glut",FALSE,0.225360909415009,0.549278181169983,0.533609826662386,0,1.70507624235999,1,1.70507624235999,"cross_family_failure","abundance"
40,"clip",3,0.9,"fugw","003 L5/6 IT TPE-ENT Glut",FALSE,0.11452851531879,0.0210777227781403,0.969390959968312,0,2.63633833472378,2,1.31816916736189,"cross_family_failure","abundance"
40,"clip",3,0.9,"fugw","004 L6 IT CTX Glut",TRUE,0.878856847901914,0.7800900243078,0.427158691223644,2.05581782639307,9.33647027553521,11,0.848770025048656,"underconfident_correct","abundance"
40,"clip",3,0.9,"fugw","005 L5 IT CTX Glut",TRUE,0.558694663377955,0.117389326755911,0.686241141048664,0.687324804198159,2.9160963083663,4,0.729024077091576,"underconfident_correct","abundance"
40,"clip",3,0.9,"fugw","006 L4/5 IT CTX Glut",TRUE,0.973430152551036,0.946860305102073,0.122608529587942,2.30138488543827,10.6211359110024,13,0.81701045469249,"confident_correct","abundance"
40,"clip",3,0.9,"fugw","007 L2/3 IT CTX Glut",TRUE,0.866559708851993,0.733119417703985,0.392874621609203,1.08470590252296,3.7917856378405,4,0.947946409460124,"underconfident_correct","abundance"
40,"clip",3,0.9,"fugw","022 L5 ET CTX Glut",TRUE,0.762421344050172,0.526701528204853,0.559140724380275,1.666053026904,6.96011278093354,6,1.16001879682226,"underconfident_correct","abundance"
40,"clip",3,0.9,"fugw","027 L6b CTX Glut",FALSE,0.31420033411686,0.174584597604822,1.03369151534217,0.688785487300647,5.78264040886454,2,2.89132020443227,"cross_family_failure","abundance"
40,"clip",3,0.9,"fugw","028 L6 CT CTX Glut",TRUE,1,1,0,1.72194932708837,5.59542515404303,8,0.699428144255379,"confident_correct","abundance"
40,"clip",3,0.9,"fugw","030 L5 NP CTX Glut",TRUE,1,1,1.11022302462516e-16,1.06346774107155,2.89639755120785,4,0.724099387801961,"confident_correct","abundance"
40,"clip",3,0.9,"fugw","036 Vip Gaba",TRUE,0.697176041270866,0.512289911380754,0.815677697762946,1.95917587576595,9.92496403836566,8,1.24062050479571,"underconfident_correct","abundance"
40,"clip",3,0.9,"fugw","037 Sncg Gaba",FALSE,0.106413387362525,0.0770032843658454,0.955015433535262,0.0383120687071176,3.34576119201411,3,1.11525373067137,"cross_family_failure","abundance"
40,"clip",3,0.9,"fugw","039 Lamp5 Gaba",FALSE,0.407067776988807,0.185864446022386,0.675773534370134,0.819550444496262,4.56849655885241,4,1.1421241397131,"cross_family_failure","abundance"
40,"clip",3,0.9,"fugw","041 Pvalb chandelier Gaba",FALSE,0,1,0,NA,1,1,1,"cross_family_failure","abundance"
40,"clip",3,0.9,"fugw","042 Pvalb Gaba",TRUE,0.846960813596506,0.755624094199694,0.53113615323547,1.56242638371117,6.38818425822748,8,0.798523032278435,"underconfident_correct","abundance"
40,"clip",3,0.9,"fugw","043 Sst Gaba",TRUE,0.768241035173772,0.571160079266018,0.639210603879147,2.53605782968126,16.1196622006009,14,1.15140444290007,"underconfident_correct","abundance"
40,"clip",3,0.9,"fugw","046 Sst Chodl Gaba",FALSE,0,1,0,NA,1,1,1,"cross_family_failure","abundance"
40,"clip",3,0.9,"fugw","287 Astro-TE NN",FALSE,0,1,0,NA,1,1,1,"cross_family_failure","abundance"
40,"clip",3,0.9,"fugw","294 OPC NN",FALSE,0,0.0296963401494835,0.69270617941966,NA,1.99911819217285,1,1.99911819217285,"cross_family_failure","abundance"
40,"clip",3,0.9,"fugw","295 Oligo NN",FALSE,0,0.84762368120736,0.269359357205489,NA,1.30912550020932,4,0.327281375052329,"cross_family_failure","abundance"
40,"clip",3,0.9,"fugw","299 Peri NN",TRUE,0.997573199071489,0.995146398142978,0.0170360624241846,0,1.01718200371272,1,1.01718200371272,"confident_correct","abundance"
40,"clip",3,0.9,"fugw","301 Endo NN",FALSE,0,1,0,NA,1,1,1,"cross_family_failure","abundance"
40,"clip",3,0.9,"fugw","302 Microglia NN",FALSE,0,0.799881215612468,0.325213451785892,NA,1.38432610132548,1,1.38432610132548,"cross_family_failure","abundance"
41,"clip",3,1,"uot_molecular","001 Car3 Glut",FALSE,0.167631888068146,0.664733579271945,0.452147447831552,0,1.57168379586686,1,1.57168379586686,"cross_family_failure","abundance"
41,"clip",3,1,"uot_molecular","003 L5/6 IT TPE-ENT Glut",FALSE,0.121075925429399,0.101107001406039,1.15831175844776,0.00443011339677186,4.10690572689806,2,2.05345286344903,"cross_family_failure","abundance"
41,"clip",3,1,"uot_molecular","004 L6 IT CTX Glut",TRUE,0.854933497234667,0.731245284820022,0.47478722563529,2.13830561076125,10.0138240099328,11,0.910347637266616,"underconfident_correct","abundance"
41,"clip",3,1,"uot_molecular","005 L5 IT CTX Glut",TRUE,0.646567247024797,0.29316887347803,0.6498990930437,0.697812245339185,3.00741719439782,4,0.751854298599455,"underconfident_correct","abundance"
41,"clip",3,1,"uot_molecular","006 L4/5 IT CTX Glut",TRUE,0.970289053973207,0.940578535750287,0.13374114534304,2.30396307310906,10.6969342713526,13,0.822841097796352,"confident_correct","abundance"
41,"clip",3,1,"uot_molecular","007 L2/3 IT CTX Glut",TRUE,0.84658807628623,0.69317615257246,0.428582044156818,1.07236563144095,3.80544976307591,4,0.951362440768977,"underconfident_correct","abundance"
41,"clip",3,1,"uot_molecular","022 L5 ET CTX Glut",TRUE,0.63646653304824,0.306411158250291,0.773083209139303,1.66618963417086,7.88587000981704,6,1.31431166830284,"underconfident_correct","abundance"
41,"clip",3,1,"uot_molecular","027 L6b CTX Glut",FALSE,0.225054306875578,0.181587212202475,1.17681935444838,0.68123189873536,6.21533364704146,2,3.10766682352073,"cross_family_failure","abundance"
41,"clip",3,1,"uot_molecular","028 L6 CT CTX Glut",TRUE,0.999668424794572,0.999367794410637,0.00312379041621378,1.81887603639387,6.18112609624199,8,0.772640762030249,"confident_correct","abundance"
41,"clip",3,1,"uot_molecular","030 L5 NP CTX Glut",TRUE,0.953588024132119,0.907306205724176,0.188706677807157,1.06580082755583,3.39515509076104,4,0.84878877269026,"confident_correct","abundance"
41,"clip",3,1,"uot_molecular","036 Vip Gaba",TRUE,0.583299186927362,0.379799709748477,1.11418835966043,1.96189362417055,11.9479515763746,8,1.49349394704683,"underconfident_correct","abundance"
41,"clip",3,1,"uot_molecular","037 Sncg Gaba",FALSE,0.0610552661498093,0.183263959602291,1.2128779465057,1.09347463394811,7.43817379201086,3,2.47939126400362,"cross_family_failure","abundance"
41,"clip",3,1,"uot_molecular","039 Lamp5 Gaba",FALSE,0.391262840893295,0.201826174997668,0.74858305274524,1.07773886648126,5.40362667576661,4,1.35090666894165,"cross_family_failure","abundance"
41,"clip",3,1,"uot_molecular","041 Pvalb chandelier Gaba",FALSE,0.0165942220359745,0.625085089255079,0.648020007191939,0,2.40492926981257,1,2.40492926981257,"cross_family_failure","abundance"
41,"clip",3,1,"uot_molecular","042 Pvalb Gaba",TRUE,0.590378058713517,0.266632900439738,0.970642414316836,1.39093438045886,6.08984353686609,8,0.761230442108261,"underconfident_correct","abundance"
41,"clip",3,1,"uot_molecular","043 Sst Gaba",TRUE,0.660171401415813,0.392463832637221,0.878217681111948,2.53623862983026,20.3457847526527,14,1.4532703394752,"underconfident_correct","abundance"
41,"clip",3,1,"uot_molecular","046 Sst Chodl Gaba",FALSE,1.48814464465963e-08,0.99999602897457,3.5354464166905e-05,0,1.00003633309048,1,1.00003633309048,"cross_family_failure","abundance"
41,"clip",3,1,"uot_molecular","287 Astro-TE NN",FALSE,0.0362861092841718,0.736529605327399,0.592153599395196,0,1.81217958976156,1,1.81217958976156,"cross_family_failure","abundance"
41,"clip",3,1,"uot_molecular","294 OPC NN",FALSE,0.000163443877837483,0.174294636522751,0.70592279629822,0,2.62160153148003,1,2.62160153148003,"cross_family_failure","abundance"
41,"clip",3,1,"uot_molecular","295 Oligo NN",FALSE,0.0171784902493831,0.42050704855424,0.698942692773034,0.440815369595431,2.02691561335115,4,0.506728903337788,"cross_family_failure","abundance"
41,"clip",3,1,"uot_molecular","299 Peri NN",FALSE,0.0334772882531483,0.41020814823247,0.780920114470951,0,2.18348040999235,1,2.18348040999235,"cross_family_failure","abundance"
41,"clip",3,1,"uot_molecular","301 Endo NN",FALSE,0.273719654596048,0.412384892482313,0.760404928099353,0,2.13923238757456,1,2.13923238757456,"cross_family_failure","abundance"
41,"clip",3,1,"uot_molecular","302 Microglia NN",TRUE,0.690256878997054,0.414880607871209,0.729512357454784,0,2.0743938229004,1,2.0743938229004,"underconfident_correct","abundance"
0,"raw",0.3,0,"gw_only","001 Car3 Glut",FALSE,0,0.000160525028125302,0.693147167675803,NA,23.9161950898483,1,23.9161950898483,"cross_family_failure","hierarchy"
0,"raw",0.3,0,"gw_only","003 L5/6 IT TPE-ENT Glut",FALSE,0,1,0,NA,3.99997671058736,2,1.99998835529368,"cross_family_failure","hierarchy"
0,"raw",0.3,0,"gw_only","004 L6 IT CTX Glut",TRUE,0.500080262514063,0.000160525028125302,0.693147167675803,2.39789486977723,23.9161950898483,11,2.17419955362257,"underconfident_correct","hierarchy"
0,"raw",0.3,0,"gw_only","005 L5 IT CTX Glut",FALSE,0,0.999999569937782,3.51629255499959e-06,NA,3.99994334439933,4,0.999985836099834,"cross_family_failure","hierarchy"
0,"raw",0.3,0,"gw_only","006 L4/5 IT CTX Glut",FALSE,0,1,0,NA,1,13,0.0769230769230769,"cross_family_failure","hierarchy"
0,"raw",0.3,0,"gw_only","007 L2/3 IT CTX Glut",FALSE,2.69495112664573e-06,0.999994610097747,3.72553524036935e-05,0.218095229100979,2.00007195151545,4,0.500017987878862,"cross_family_failure","hierarchy"
0,"raw",0.3,0,"gw_only","022 L5 ET CTX Glut",TRUE,1,1,-2.22044604925031e-16,1.79175946922805,6,6,1,"confident_correct","hierarchy"
0,"raw",0.3,0,"gw_only","027 L6b CTX Glut",FALSE,0,0.000572658972308737,0.693147016590787,NA,4.00158616408592,2,2.00079308204296,"cross_family_failure","hierarchy"
0,"raw",0.3,0,"gw_only","028 L6 CT CTX Glut",FALSE,0,1,0,NA,2,8,0.25,"cross_family_failure","hierarchy"
0,"raw",0.3,0,"gw_only","030 L5 NP CTX Glut",FALSE,0,0.000572658972308737,0.693147016590787,NA,4.00158616408592,4,1.00039654102148,"cross_family_failure","hierarchy"
0,"raw",0.3,0,"gw_only","036 Vip Gaba",FALSE,0,1,0,NA,1,8,0.125,"cross_family_failure","hierarchy"
0,"raw",0.3,0,"gw_only","037 Sncg Gaba",FALSE,0,1,0,NA,3.99997756246672,3,1.33332585415557,"cross_family_failure","hierarchy"
0,"raw",0.3,0,"gw_only","039 Lamp5 Gaba",FALSE,0,1,0,NA,1,4,0.25,"cross_family_failure","hierarchy"
0,"raw",0.3,0,"gw_only","041 Pvalb chandelier Gaba",FALSE,0,1,2.22044604925031e-16,NA,13.9999536136138,1,13.9999536136138,"cross_family_failure","hierarchy"
0,"raw",0.3,0,"gw_only","042 Pvalb Gaba",TRUE,1,1,1.11022302462516e-16,2.07943707973576,7.99996430452699,8,0.999995538065873,"confident_correct","hierarchy"
0,"raw",0.3,0,"gw_only","043 Sst Gaba",FALSE,0,1,0,NA,1,14,0.0714285714285714,"cross_family_failure","hierarchy"
0,"raw",0.3,0,"gw_only","046 Sst Chodl Gaba",FALSE,0,1,0,NA,1,1,1,"cross_family_failure","hierarchy"
0,"raw",0.3,0,"gw_only","287 Astro-TE NN",FALSE,0,1,0,NA,1,1,1,"cross_family_failure","hierarchy"
0,"raw",0.3,0,"gw_only","294 OPC NN",FALSE,0,1,0,NA,7.99996555266939,1,7.99996555266939,"cross_family_failure","hierarchy"
0,"raw",0.3,0,"gw_only","295 Oligo NN",FALSE,0,1,1.11022302462516e-16,NA,7.99997988107149,4,1.99999497026787,"cross_family_failure","hierarchy"
0,"raw",0.3,0,"gw_only","299 Peri NN",FALSE,0,1,0,NA,3.99992744498132,1,3.99992744498132,"cross_family_failure","hierarchy"
0,"raw",0.3,0,"gw_only","301 Endo NN",FALSE,0,1,0,NA,3,1,3,"cross_family_failure","hierarchy"
0,"raw",0.3,0,"gw_only","302 Microglia NN",FALSE,0,1,0,NA,1,1,1,"cross_family_failure","hierarchy"
1,"raw",0.3,0.1,"fugw","001 Car3 Glut",TRUE,1,1,0,0,1,1,1,"confident_correct","hierarchy"
1,"raw",0.3,0.1,"fugw","003 L5/6 IT TPE-ENT Glut",TRUE,1,1,0,0.693145240528023,1.99999611993992,2,0.99999805996996,"confident_correct","hierarchy"
1,"raw",0.3,0.1,"fugw","004 L6 IT CTX Glut",TRUE,0.999999984407092,0.999999968814184,2.95898036687586e-07,2.39785070886805,10.9995126511569,11,0.99995569555972,"confident_correct","hierarchy"
1,"raw",0.3,0.1,"fugw","005 L5 IT CTX Glut",TRUE,0.99998867622781,0.999977352455619,0.000140285691478794,1.38614718732294,3.99990966293833,4,0.999977415734581,"confident_correct","hierarchy"
1,"raw",0.3,0.1,"fugw","006 L4/5 IT CTX Glut",TRUE,1,1,1.11022302462516e-16,2.56487740785934,12.9990646888195,13,0.999928052986118,"confident_correct","hierarchy"
1,"raw",0.3,0.1,"fugw","007 L2/3 IT CTX Glut",TRUE,1,1,0,1.38627512815715,3.99992306888884,4,0.999980767222211,"confident_correct","hierarchy"
1,"raw",0.3,0.1,"fugw","022 L5 ET CTX Glut",TRUE,1,1,1.11022302462516e-16,1.79175906445751,5.9999975713772,6,0.999999595229534,"confident_correct","hierarchy"
1,"raw",0.3,0.1,"fugw","027 L6b CTX Glut",TRUE,1,1,0,0.693147163040012,1.99999996496013,2,0.999999982480066,"confident_correct","hierarchy"
1,"raw",0.3,0.1,"fugw","028 L6 CT CTX Glut",TRUE,1,1,0,2.07942611006792,7.9998765480572,8,0.999984568507151,"confident_correct","hierarchy"
1,"raw",0.3,0.1,"fugw","030 L5 NP CTX Glut",TRUE,1,1,0,1.3862855343604,3.99996469311785,4,0.999991173279463,"confident_correct","hierarchy"
1,"raw",0.3,0.1,"fugw","036 Vip Gaba",TRUE,1,1,0,2.07943502652297,7.99994787891484,8,0.999993484864356,"confident_correct","hierarchy"
1,"raw",0.3,0.1,"fugw","037 Sncg Gaba",TRUE,1,1,0,1.09861228128844,2.99999997786098,3,0.999999992620328,"confident_correct","hierarchy"
1,"raw",0.3,0.1,"fugw","039 Lamp5 Gaba",TRUE,1,1,0,1.38625847395864,3.99985645393075,4,0.999964113482687,"confident_correct","hierarchy"
1,"raw",0.3,0.1,"fugw","041 Pvalb chandelier Gaba",TRUE,1,1,0,0,1,1,1,"confident_correct","hierarchy"
1,"raw",0.3,0.1,"fugw","042 Pvalb Gaba",TRUE,1,1,-2.22044604925031e-16,2.07943546453109,7.99995138295774,8,0.999993922869717,"confident_correct","hierarchy"
1,"raw",0.3,0.1,"fugw","043 Sst Gaba",TRUE,1,1,0,2.63904888723743,13.9998818072094,14,0.999991557657813,"confident_correct","hierarchy"
1,"raw",0.3,0.1,"fugw","046 Sst Chodl Gaba",TRUE,1,1,0,0,1,1,1,"confident_correct","hierarchy"
1,"raw",0.3,0.1,"fugw","287 Astro-TE NN",TRUE,1,1,0,0,1,1,1,"confident_correct","hierarchy"
1,"raw",0.3,0.1,"fugw","294 OPC NN",TRUE,1,1,0,0,1,1,1,"confident_correct","hierarchy"
1,"raw",0.3,0.1,"fugw","295 Oligo NN",TRUE,1,1,1.11022302462516e-16,1.38629235544845,3.99999197732229,4,0.999997994330572,"confident_correct","hierarchy"
1,"raw",0.3,0.1,"fugw","299 Peri NN",TRUE,1,1,0,0,1,1,1,"confident_correct","hierarchy"
1,"raw",0.3,0.1,"fugw","301 Endo NN",TRUE,1,1,0,0,1,1,1,"confident_correct","hierarchy"
1,"raw",0.3,0.1,"fugw","302 Microglia NN",TRUE,1,1,0,0,1,1,1,"confident_correct","hierarchy"
2,"raw",0.3,0.25,"fugw","001 Car3 Glut",TRUE,0.999999996467022,0.999999992934045,7.22886971241924e-08,0,1.0000000722887,1,1.0000000722887,"confident_correct","hierarchy"
2,"raw",0.3,0.25,"fugw","003 L5/6 IT TPE-ENT Glut",TRUE,0.705840653138033,0.479632437795647,0.764822642806839,0.651835712284322,3.40387601834266,2,1.70193800917133,"underconfident_correct","hierarchy"
2,"raw",0.3,0.25,"fugw","004 L6 IT CTX Glut",TRUE,0.792460835014982,0.584921670029964,0.51067794400426,2.19713896275042,9.50506221165486,11,0.864096564695896,"underconfident_correct","hierarchy"
2,"raw",0.3,0.25,"fugw","005 L5 IT CTX Glut",TRUE,0.808119138715469,0.616238278998835,0.488938799000708,1.09842611453364,4.52489384484731,4,1.13122346121183,"underconfident_correct","hierarchy"
2,"raw",0.3,0.25,"fugw","006 L4/5 IT CTX Glut",TRUE,1,1,0,2.48463431669342,11.9967324478166,13,0.922825572908967,"confident_correct","hierarchy"
2,"raw",0.3,0.25,"fugw","007 L2/3 IT CTX Glut",TRUE,1,1,0,1.38626539334936,3.99988413059613,4,0.999971032649033,"confident_correct","hierarchy"
2,"raw",0.3,0.25,"fugw","022 L5 ET CTX Glut",TRUE,1,1,0,1.79175580829137,5.99997803442012,6,0.99999633907002,"confident_correct","hierarchy"
2,"raw",0.3,0.25,"fugw","027 L6b CTX Glut",TRUE,0.999999763613854,0.999999527227708,3.84311845721598e-06,0.693147022227962,2.00000704188464,2,1.00000352094232,"confident_correct","hierarchy"
2,"raw",0.3,0.25,"fugw","028 L6 CT CTX Glut",TRUE,1,1,0,2.07935295772307,7.99929135973339,8,0.999911419966674,"confident_correct","hierarchy"
2,"raw",0.3,0.25,"fugw","030 L5 NP CTX Glut",TRUE,1,1,0,1.38627216383344,3.99991121183962,4,0.999977802959905,"confident_correct","hierarchy"
2,"raw",0.3,0.25,"fugw","036 Vip Gaba",TRUE,1,1,-2.22044604925031e-16,2.07942665359185,7.9998808961827,8,0.999985112022837,"confident_correct","hierarchy"
2,"raw",0.3,0.25,"fugw","037 Sncg Gaba",TRUE,0.999999999861501,0.999999999723001,3.28245903880494e-09,1.09861222214726,2.99999980982836,3,0.999999936609453,"confident_correct","hierarchy"
2,"raw",0.3,0.25,"fugw","039 Lamp5 Gaba",TRUE,1,1,2.22044604925031e-16,1.38620255039507,3.99963277395864,4,0.999908193489659,"confident_correct","hierarchy"
2,"raw",0.3,0.25,"fugw","041 Pvalb chandelier Gaba",TRUE,1,1,0,0,1,1,1,"confident_correct","hierarchy"
2,"raw",0.3,0.25,"fugw","042 Pvalb Gaba",TRUE,1,1,0,2.07942344258872,7.99985520858135,8,0.999981901072669,"confident_correct","hierarchy"
2,"raw",0.3,0.25,"fugw","043 Sst Gaba",TRUE,1,1,1.11022302462516e-16,2.6390259342644,13.9995604719876,14,0.999968605141975,"confident_correct","hierarchy"
2,"raw",0.3,0.25,"fugw","046 Sst Chodl Gaba",TRUE,1,1,0,0,1,1,1,"confident_correct","hierarchy"
2,"raw",0.3,0.25,"fugw","287 Astro-TE NN",TRUE,1,1,0,0,1,1,1,"confident_correct","hierarchy"
2,"raw",0.3,0.25,"fugw","294 OPC NN",TRUE,1,1,0,0,1,1,1,"confident_correct","hierarchy"
2,"raw",0.3,0.25,"fugw","295 Oligo NN",TRUE,1,1,0,1.38629219586818,3.99999133900253,4,0.999997834750632,"confident_correct","hierarchy"
2,"raw",0.3,0.25,"fugw","299 Peri NN",TRUE,1,1,0,0,1,1,1,"confident_correct","hierarchy"
2,"raw",0.3,0.25,"fugw","301 Endo NN",TRUE,1,1,0,0,1,1,1,"confident_correct","hierarchy"
2,"raw",0.3,0.25,"fugw","302 Microglia NN",TRUE,1,1,0,0,1,1,1,"confident_correct","hierarchy"
3,"raw",0.3,0.5,"fugw","001 Car3 Glut",TRUE,1,1,0,0,1,1,1,"confident_correct","hierarchy"
3,"raw",0.3,0.5,"fugw","003 L5/6 IT TPE-ENT Glut",TRUE,0.706096293870182,0.478842810931171,0.762951720151679,0.665980464632107,3.43218834094721,2,1.71609417047361,"underconfident_correct","hierarchy"
3,"raw",0.3,0.5,"fugw","004 L6 IT CTX Glut",TRUE,0.813088088079639,0.626176176159277,0.4817140938222,2.19652525679629,9.65699588905995,11,0.877908717187268,"underconfident_correct","hierarchy"
3,"raw",0.3,0.5,"fugw","005 L5 IT CTX Glut",TRUE,0.804397957235156,0.608795914470311,0.49424478008898,1.09725437873921,4.53759202822773,4,1.13439800705693,"underconfident_correct","hierarchy"
3,"raw",0.3,0.5,"fugw","006 L4/5 IT CTX Glut",TRUE,1,1,-2.22044604925031e-16,2.48251057740053,11.9712815508317,13,0.92086781160244,"confident_correct","hierarchy"
3,"raw",0.3,0.5,"fugw","007 L2/3 IT CTX Glut",TRUE,0.999999999771541,0.999999999543082,5.30017510641869e-09,1.38619100582257,3.99958662010651,4,0.999896655026628,"confident_correct","hierarchy"
3,"raw",0.3,0.5,"fugw","022 L5 ET CTX Glut",TRUE,1,1,0,1.79172613090126,5.99979997337355,6,0.999966662228925,"confident_correct","hierarchy"
3,"raw",0.3,0.5,"fugw","027 L6b CTX Glut",TRUE,0.970961767026634,0.941923534053269,0.131382910398119,0.693145741236742,2.23535694917447,2,1.11767847458723,"confident_correct","hierarchy"
3,"raw",0.3,0.5,"fugw","028 L6 CT CTX Glut",TRUE,1,1,1.11022302462516e-16,2.07252893038404,7.94488980675532,8,0.993111225844414,"confident_correct","hierarchy"
3,"raw",0.3,0.5,"fugw","030 L5 NP CTX Glut",TRUE,1,1,0,1.38617145935987,3.99950842316836,4,0.99987710579209,"confident_correct","hierarchy"
3,"raw",0.3,0.5,"fugw","036 Vip Gaba",TRUE,1,1,0,2.07936846419439,7.99941540147718,8,0.999926925184647,"confident_correct","hierarchy"
3,"raw",0.3,0.5,"fugw","037 Sncg Gaba",TRUE,1,1,0,1.09861168464868,2.99999818794226,3,0.999999395980753,"confident_correct","hierarchy"
3,"raw",0.3,0.5,"fugw","039 Lamp5 Gaba",TRUE,1,1,0,1.38587836817024,3.99833637425367,4,0.999584093563418,"confident_correct","hierarchy"
3,"raw",0.3,0.5,"fugw","041 Pvalb chandelier Gaba",TRUE,1,1,0,0,1,1,1,"confident_correct","hierarchy"
3,"raw",0.3,0.5,"fugw","042 Pvalb Gaba",TRUE,1,1,2.22044604925031e-16,2.07931741639565,7.99900705935228,8,0.999875882419035,"confident_correct","hierarchy"
3,"raw",0.3,0.5,"fugw","043 Sst Gaba",TRUE,1,1,1.11022302462516e-16,2.63885530715642,13.9971719712485,14,0.999797997946323,"confident_correct","hierarchy"
3,"raw",0.3,0.5,"fugw","046 Sst Chodl Gaba",TRUE,1,1,0,0,1,1,1,"confident_correct","hierarchy"
3,"raw",0.3,0.5,"fugw","287 Astro-TE NN",TRUE,1,1,0,0,1,1,1,"confident_correct","hierarchy"
3,"raw",0.3,0.5,"fugw","294 OPC NN",TRUE,1,1,0,0,1,1,1,"confident_correct","hierarchy"
3,"raw",0.3,0.5,"fugw","295 Oligo NN",TRUE,1,1,-2.22044604925031e-16,1.3862262694072,3.999727642422,4,0.9999319106055,"confident_correct","hierarchy"
3,"raw",0.3,0.5,"fugw","299 Peri NN",TRUE,1,1,0,0,1,1,1,"confident_correct","hierarchy"
3,"raw",0.3,0.5,"fugw","301 Endo NN",TRUE,1,1,0,0,1,1,1,"confident_correct","hierarchy"
3,"raw",0.3,0.5,"fugw","302 Microglia NN",TRUE,1,1,0,0,1,1,1,"confident_correct","hierarchy"
4,"raw",0.3,0.75,"fugw","001 Car3 Glut",TRUE,1,1,0,0,1,1,1,"confident_correct","hierarchy"
4,"raw",0.3,0.75,"fugw","003 L5/6 IT TPE-ENT Glut",TRUE,0.690151384702385,0.469961401730243,0.862263955473191,0.691445330189558,3.81700432766522,2,1.90850216383261,"underconfident_correct","hierarchy"
4,"raw",0.3,0.75,"fugw","004 L6 IT CTX Glut",TRUE,0.90426522705062,0.80853045410124,0.315608938516041,2.27463924524948,10.7240202866754,11,0.974910935152306,"confident_correct","hierarchy"
4,"raw",0.3,0.75,"fugw","005 L5 IT CTX Glut",TRUE,0.870905520347861,0.749955115896052,0.415047471191388,1.08706246885318,3.90312002700736,4,0.975780006751839,"underconfident_correct","hierarchy"
4,"raw",0.3,0.75,"fugw","006 L4/5 IT CTX Glut",TRUE,1,1,1.11022302462516e-16,2.37396549692289,10.7398969807191,13,0.826145921593773,"confident_correct","hierarchy"
4,"raw",0.3,0.75,"fugw","007 L2/3 IT CTX Glut",TRUE,0.942721043852932,0.885442087705863,0.219413884574869,1.38553520082595,4.59784205705158,4,1.1494605142629,"confident_correct","hierarchy"
4,"raw",0.3,0.75,"fugw","022 L5 ET CTX Glut",TRUE,1,1,1.11022302462516e-16,1.79144855907264,5.99813482903283,6,0.999689138172139,"confident_correct","hierarchy"
4,"raw",0.3,0.75,"fugw","027 L6b CTX Glut",TRUE,0.898676457082753,0.797352914165505,0.327981400297023,0.693133833482727,2.5879976227078,2,1.2939988113539,"underconfident_correct","hierarchy"
4,"raw",0.3,0.75,"fugw","028 L6 CT CTX Glut",TRUE,1,1,0,1.94275955398421,6.97798053991766,8,0.872247567489708,"confident_correct","hierarchy"
4,"raw",0.3,0.75,"fugw","030 L5 NP CTX Glut",TRUE,1,1,0,1.3853120540934,3.99607270111649,4,0.999018175279122,"confident_correct","hierarchy"
4,"raw",0.3,0.75,"fugw","036 Vip Gaba",TRUE,1,1,1.11022302462516e-16,2.07888227068609,7.99552708295297,8,0.999440885369121,"confident_correct","hierarchy"
4,"raw",0.3,0.75,"fugw","037 Sncg Gaba",TRUE,1,1,0,1.0986066845872,2.99998318780439,3,0.999994395934795,"confident_correct","hierarchy"
4,"raw",0.3,0.75,"fugw","039 Lamp5 Gaba",TRUE,1,1,2.22044604925031e-16,1.38350521735589,3.98885896913483,4,0.997214742283708,"confident_correct","hierarchy"
4,"raw",0.3,0.75,"fugw","041 Pvalb chandelier Gaba",TRUE,1,1,0,0,1,1,1,"confident_correct","hierarchy"
4,"raw",0.3,0.75,"fugw","042 Pvalb Gaba",TRUE,1,1,0,2.07833771859502,7.99117428723033,8,0.998896785903792,"confident_correct","hierarchy"
4,"raw",0.3,0.75,"fugw","043 Sst Gaba",TRUE,1,1,1.11022302462516e-16,2.63738806879851,13.9766498427388,14,0.998332131624199,"confident_correct","hierarchy"
4,"raw",0.3,0.75,"fugw","046 Sst Chodl Gaba",TRUE,1,1,0,0,1,1,1,"confident_correct","hierarchy"
4,"raw",0.3,0.75,"fugw","287 Astro-TE NN",TRUE,1,1,0,0,1,1,1,"confident_correct","hierarchy"
4,"raw",0.3,0.75,"fugw","294 OPC NN",TRUE,1,1,0,0,1,1,1,"confident_correct","hierarchy"
4,"raw",0.3,0.75,"fugw","295 Oligo NN",TRUE,1,1,0,1.38541839808723,3.99649768204383,4,0.999124420510958,"confident_correct","hierarchy"
4,"raw",0.3,0.75,"fugw","299 Peri NN",TRUE,1,1,0,0,1,1,1,"confident_correct","hierarchy"
4,"raw",0.3,0.75,"fugw","301 Endo NN",TRUE,1,1,0,0,1,1,1,"confident_correct","hierarchy"
4,"raw",0.3,0.75,"fugw","302 Microglia NN",TRUE,1,1,0,0,1,1,1,"confident_correct","hierarchy"
5,"raw",0.3,0.9,"fugw","001 Car3 Glut",TRUE,0.936621723329066,0.873243446658132,0.236163522240954,0,1.26638137475689,1,1.26638137475689,"confident_correct","hierarchy"
5,"raw",0.3,0.9,"fugw","003 L5/6 IT TPE-ENT Glut",TRUE,0.649063767972181,0.391950978175306,0.915250682847734,0.67897268443219,3.88043496508567,2,1.94021748254284,"underconfident_correct","hierarchy"
5,"raw",0.3,0.9,"fugw","004 L6 IT CTX Glut",TRUE,1,1,0,2.16428316102787,8.70835718907017,11,0.791668835370015,"confident_correct","hierarchy"
5,"raw",0.3,0.9,"fugw","005 L5 IT CTX Glut",TRUE,0.797376631285825,0.621256054429464,0.582615642101498,0.92040565048657,3.73043779880875,4,0.932609449702188,"underconfident_correct","hierarchy"
5,"raw",0.3,0.9,"fugw","006 L4/5 IT CTX Glut",TRUE,1,1,-2.22044604925031e-16,2.19473696052373,8.97763927267935,13,0.69058763635995,"confident_correct","hierarchy"
5,"raw",0.3,0.9,"fugw","007 L2/3 IT CTX Glut",TRUE,0.961017884617033,0.922035769234067,0.16469565379974,1.37884539442921,4.43616710052411,4,1.10904177513103,"confident_correct","hierarchy"
5,"raw",0.3,0.9,"fugw","022 L5 ET CTX Glut",TRUE,1,1,0,1.78865019659834,5.98137333691479,6,0.996895556152465,"confident_correct","hierarchy"
5,"raw",0.3,0.9,"fugw","027 L6b CTX Glut",TRUE,0.90969308874553,0.81938617749106,0.303247329225901,0.693015326599705,2.54384974753052,2,1.27192487376526,"confident_correct","hierarchy"
5,"raw",0.3,0.9,"fugw","028 L6 CT CTX Glut",TRUE,1,1,1.11022302462516e-16,1.91907188048538,6.81463074152503,8,0.851828842690629,"confident_correct","hierarchy"
5,"raw",0.3,0.9,"fugw","030 L5 NP CTX Glut",TRUE,1,1,0,1.37745927950823,3.96481533213145,4,0.991203833032862,"confident_correct","hierarchy"
5,"raw",0.3,0.9,"fugw","036 Vip Gaba",TRUE,1,1,0,2.07423400268508,7.95844797384239,8,0.994805996730299,"confident_correct","hierarchy"
5,"raw",0.3,0.9,"fugw","037 Sncg Gaba",TRUE,0.999999999782647,0.999999999565295,5.0533379628605e-09,1.09855711477909,2.99983449734198,3,0.999944832447327,"confident_correct","hierarchy"
5,"raw",0.3,0.9,"fugw","039 Lamp5 Gaba",TRUE,1,1,1.11022302462516e-16,1.36436039792234,3.91321934816557,4,0.978304837041392,"confident_correct","hierarchy"
5,"raw",0.3,0.9,"fugw","041 Pvalb chandelier Gaba",TRUE,1,1,0,0,1,1,1,"confident_correct","hierarchy"
5,"raw",0.3,0.9,"fugw","042 Pvalb Gaba",TRUE,1,1,0,2.06855198948084,7.91335619472858,8,0.989169524341072,"confident_correct","hierarchy"
5,"raw",0.3,0.9,"fugw","043 Sst Gaba",TRUE,1,1,3.33066907387547e-16,2.62336678549356,13.7820467563212,14,0.984431911165799,"confident_correct","hierarchy"
5,"raw",0.3,0.9,"fugw","046 Sst Chodl Gaba",TRUE,1,1,0,0,1,1,1,"confident_correct","hierarchy"
5,"raw",0.3,0.9,"fugw","287 Astro-TE NN",TRUE,1,1,0,0,1,1,1,"confident_correct","hierarchy"
5,"raw",0.3,0.9,"fugw","294 OPC NN",TRUE,0.999990094327301,0.999980188654602,0.000124042776115553,0,1.00012405046974,1,1.00012405046974,"confident_correct","hierarchy"
5,"raw",0.3,0.9,"fugw","295 Oligo NN",TRUE,1,1,0,1.37697876548887,3.9629106404324,4,0.9907276601081,"confident_correct","hierarchy"
5,"raw",0.3,0.9,"fugw","299 Peri NN",TRUE,1,1,0,0,1,1,1,"confident_correct","hierarchy"
5,"raw",0.3,0.9,"fugw","301 Endo NN",TRUE,1,1,0,0,1,1,1,"confident_correct","hierarchy"
5,"raw",0.3,0.9,"fugw","302 Microglia NN",TRUE,1,1,0,0,1,1,1,"confident_correct","hierarchy"
6,"raw",0.3,1,"uot_molecular","001 Car3 Glut",TRUE,0.992880436557312,0.985760875217193,0.0422997851205872,0,1.04320716986557,1,1.04320716986557,"confident_correct","hierarchy"
6,"raw",0.3,1,"uot_molecular","003 L5/6 IT TPE-ENT Glut",TRUE,0.622019890574448,0.384398442400157,1.00963804775636,0.635886109075911,4.07622721191006,2,2.03811360595503,"underconfident_correct","hierarchy"
6,"raw",0.3,1,"uot_molecular","004 L6 IT CTX Glut",TRUE,0.736778939503476,0.473557879006953,0.576399154161672,2.0788478844077,8.23217695115272,11,0.748379722832065,"underconfident_correct","hierarchy"
6,"raw",0.3,1,"uot_molecular","005 L5 IT CTX Glut",TRUE,0.792844639299052,0.585690917441801,0.510184156874856,1.09381164841482,4.57574469529195,4,1.14393617382299,"underconfident_correct","hierarchy"
6,"raw",0.3,1,"uot_molecular","006 L4/5 IT CTX Glut",TRUE,1,1,0,2.38962445800856,10.9093962372714,13,0.839184325943957,"confident_correct","hierarchy"
6,"raw",0.3,1,"uot_molecular","007 L2/3 IT CTX Glut",TRUE,0.936109148150769,0.872218296301538,0.237541760894912,1.38600400155053,4.64129204810903,4,1.16032301202726,"confident_correct","hierarchy"
6,"raw",0.3,1,"uot_molecular","022 L5 ET CTX Glut",TRUE,1,1,0,1.79163172022385,5.99923355493212,6,0.999872259155353,"confident_correct","hierarchy"
6,"raw",0.3,1,"uot_molecular","027 L6b CTX Glut",TRUE,0.892459906742473,0.784919813484946,0.341341199865893,0.693141830471108,2.61154628755867,2,1.30577314377933,"underconfident_correct","hierarchy"
6,"raw",0.3,1,"uot_molecular","028 L6 CT CTX Glut",TRUE,1,1,0,1.94465322679389,6.99120707134157,8,0.873900883917696,"confident_correct","hierarchy"
6,"raw",0.3,1,"uot_molecular","030 L5 NP CTX Glut",TRUE,1,1,1.11022302462516e-16,1.38590948339135,3.99846078530955,4,0.999615196327387,"confident_correct","hierarchy"
6,"raw",0.3,1,"uot_molecular","036 Vip Gaba",TRUE,0.999985745802005,0.99997149160401,0.000173308981709574,2.0788861287489,7.996706783586,8,0.999588347948251,"confident_correct","hierarchy"
6,"raw",0.3,1,"uot_molecular","037 Sncg Gaba",TRUE,0.993769948318316,0.987549144769976,0.0379185878458864,1.09861001688736,3.09467906951499,3,1.03155968983833,"confident_correct","hierarchy"
6,"raw",0.3,1,"uot_molecular","039 Lamp5 Gaba",TRUE,1,1,0,1.38530443131905,3.99604224007209,4,0.999010560018023,"confident_correct","hierarchy"
6,"raw",0.3,1,"uot_molecular","041 Pvalb chandelier Gaba",TRUE,0.999445385602523,0.998890771205046,0.00471253640986858,0,1.00472432635575,1,1.00472432635575,"confident_correct","hierarchy"
6,"raw",0.3,1,"uot_molecular","042 Pvalb Gaba",TRUE,1,1,-2.22044604925031e-16,2.078987244994,7.99636645193023,8,0.999545806491278,"confident_correct","hierarchy"
6,"raw",0.3,1,"uot_molecular","043 Sst Gaba",TRUE,1,1,-2.22044604925031e-16,2.63837603322705,13.9904650989807,14,0.99931893564148,"confident_correct","hierarchy"
6,"raw",0.3,1,"uot_molecular","046 Sst Chodl Gaba",TRUE,0.998560074155853,0.997120148311706,0.0108605591150309,0,1.01092555803334,1,1.01092555803334,"confident_correct","hierarchy"
6,"raw",0.3,1,"uot_molecular","287 Astro-TE NN",TRUE,1,1,0,0,1,1,1,"confident_correct","hierarchy"
6,"raw",0.3,1,"uot_molecular","294 OPC NN",TRUE,0.9862387812154,0.9724775624308,0.0726453155132847,0,1.07534905963741,1,1.07534905963741,"confident_correct","hierarchy"
6,"raw",0.3,1,"uot_molecular","295 Oligo NN",TRUE,1,1,1.11022302462516e-16,1.38496440266551,3.99468370219372,4,0.998670925548429,"confident_correct","hierarchy"
6,"raw",0.3,1,"uot_molecular","299 Peri NN",TRUE,1,1,0,0,1,1,1,"confident_correct","hierarchy"
6,"raw",0.3,1,"uot_molecular","301 Endo NN",TRUE,1,1,0,0,1,1,1,"confident_correct","hierarchy"
6,"raw",0.3,1,"uot_molecular","302 Microglia NN",TRUE,1,1,0,0,1,1,1,"confident_correct","hierarchy"
7,"raw",1,0,"gw_only","001 Car3 Glut",FALSE,0,5.66207393483675e-05,0.693147180981416,NA,9.79807116560321,1,9.79807116560321,"cross_family_failure","hierarchy"
7,"raw",1,0,"gw_only","003 L5/6 IT TPE-ENT Glut",FALSE,0,1,0,NA,1,2,0.5,"cross_family_failure","hierarchy"
7,"raw",1,0,"gw_only","004 L6 IT CTX Glut",FALSE,8.62153343868839e-11,5.66207393483675e-05,0.693147180981416,0.693147180559945,9.79807116560321,11,0.890733742327564,"cross_family_failure","hierarchy"
7,"raw",1,0,"gw_only","005 L5 IT CTX Glut",FALSE,0,0.999916510282156,0.000462696400399172,NA,13.0057329157339,4,3.25143322893349,"cross_family_failure","hierarchy"
7,"raw",1,0,"gw_only","006 L4/5 IT CTX Glut",FALSE,0,1,0,NA,2,13,0.153846153846154,"cross_family_failure","hierarchy"
7,"raw",1,0,"gw_only","007 L2/3 IT CTX Glut",FALSE,0,0.999927294709468,0.000407957579353941,NA,11.0045312254017,4,2.75113280635042,"cross_family_failure","hierarchy"
7,"raw",1,0,"gw_only","022 L5 ET CTX Glut",FALSE,0,1,0,NA,3.99999374866877,6,0.666665624778128,"cross_family_failure","hierarchy"
7,"raw",1,0,"gw_only","027 L6b CTX Glut",FALSE,0,7.34676720376415e-05,0.693147177861196,NA,21.1655745316201,2,10.5827872658101,"cross_family_failure","hierarchy"
7,"raw",1,0,"gw_only","028 L6 CT CTX Glut",FALSE,0,1,0,NA,1,8,0.125,"cross_family_failure","hierarchy"
7,"raw",1,0,"gw_only","030 L5 NP CTX Glut",FALSE,0,7.34676720376415e-05,0.693147177861196,NA,21.1655745316201,4,5.29139363290503,"cross_family_failure","hierarchy"
7,"raw",1,0,"gw_only","036 Vip Gaba",FALSE,0,1,-2.22044604925031e-16,NA,3.99999381444975,8,0.499999226806219,"cross_family_failure","hierarchy"
7,"raw",1,0,"gw_only","037 Sncg Gaba",FALSE,0,1,0,NA,3.99999791728566,3,1.33333263909522,"cross_family_failure","hierarchy"
7,"raw",1,0,"gw_only","039 Lamp5 Gaba",FALSE,0,1,2.22044604925031e-16,NA,7.99999818446639,4,1.9999995461166,"cross_family_failure","hierarchy"
7,"raw",1,0,"gw_only","041 Pvalb chandelier Gaba",FALSE,0,0,0.693147180559945,NA,2,1,2,"cross_family_failure","hierarchy"
7,"raw",1,0,"gw_only","042 Pvalb Gaba",FALSE,0,1,0,NA,2,8,0.25,"cross_family_failure","hierarchy"
7,"raw",1,0,"gw_only","043 Sst Gaba",FALSE,0,0,0.693147180559945,NA,2,14,0.142857142857143,"cross_family_failure","hierarchy"
7,"raw",1,0,"gw_only","046 Sst Chodl Gaba",FALSE,0,1,0,NA,1,1,1,"cross_family_failure","hierarchy"
7,"raw",1,0,"gw_only","287 Astro-TE NN",FALSE,0,1,0,NA,1,1,1,"cross_family_failure","hierarchy"
7,"raw",1,0,"gw_only","294 OPC NN",TRUE,1,1,0,0,1,1,1,"confident_correct","hierarchy"
7,"raw",1,0,"gw_only","295 Oligo NN",TRUE,1,1,0,1.38629383329364,3.99999788869557,4,0.999999472173893,"confident_correct","hierarchy"
7,"raw",1,0,"gw_only","299 Peri NN",FALSE,0,1,0,NA,3,1,3,"cross_family_failure","hierarchy"
7,"raw",1,0,"gw_only","301 Endo NN",FALSE,0,1,0,NA,7.9999968543261,1,7.9999968543261,"cross_family_failure","hierarchy"
7,"raw",1,0,"gw_only","302 Microglia NN",FALSE,0,1,0,NA,1,1,1,"cross_family_failure","hierarchy"
8,"raw",1,0.1,"fugw","001 Car3 Glut",TRUE,1,1,0,0,1,1,1,"confident_correct","hierarchy"
8,"raw",1,0.1,"fugw","003 L5/6 IT TPE-ENT Glut",TRUE,0.999999989697517,0.999999979395034,1.99774224707705e-07,0.693147012885544,2.00000004991738,2,1.00000002495869,"confident_correct","hierarchy"
8,"raw",1,0.1,"fugw","004 L6 IT CTX Glut",TRUE,0.999998983944736,0.999997967889473,1.50371935050474e-05,2.39789104391663,11.000092091527,11,1.000008371957,"confident_correct","hierarchy"
8,"raw",1,0.1,"fugw","005 L5 IT CTX Glut",TRUE,0.9999665945023,0.999933189004601,0.000377708391696335,1.38628132739054,4.00127366371298,4,1.00031841592825,"confident_correct","hierarchy"
8,"raw",1,0.1,"fugw","006 L4/5 IT CTX Glut",TRUE,1,1,1.11022302462516e-16,2.56494295677498,12.999916791341,13,0.999993599333927,"confident_correct","hierarchy"
8,"raw",1,0.1,"fugw","007 L2/3 IT CTX Glut",TRUE,1,1,0,1.38629262307268,3.9999930478172,4,0.999998261954299,"confident_correct","hierarchy"
8,"raw",1,0.1,"fugw","022 L5 ET CTX Glut",TRUE,1,1,0,1.7917594335789,5.9999997861051,6,0.999999964350851,"confident_correct","hierarchy"
8,"raw",1,0.1,"fugw","027 L6b CTX Glut",TRUE,1,1,0,0.69314717904268,1.99999999696547,2,0.999999998482735,"confident_correct","hierarchy"
8,"raw",1,0.1,"fugw","028 L6 CT CTX Glut",TRUE,1,1,0,2.07944017537418,7.99998906956218,8,0.999998633695273,"confident_correct","hierarchy"
8,"raw",1,0.1,"fugw","030 L5 NP CTX Glut",TRUE,1,1,0,1.38629358263228,3.99999688605075,4,0.999999221512688,"confident_correct","hierarchy"
8,"raw",1,0.1,"fugw","036 Vip Gaba",TRUE,1,1,0,2.07944096130799,7.9999953570266,8,0.999999419628326,"confident_correct","hierarchy"
8,"raw",1,0.1,"fugw","037 Sncg Gaba",TRUE,1,1,2.22044604925031e-16,1.09861228803228,2.9999999980925,3,0.999999999364167,"confident_correct","hierarchy"
8,"raw",1,0.1,"fugw","039 Lamp5 Gaba",TRUE,1,1,0,1.38629119767518,3.99998734624118,4,0.999996836560295,"confident_correct","hierarchy"
8,"raw",1,0.1,"fugw","041 Pvalb chandelier Gaba",TRUE,1,1,0,0,1,1,1,"confident_correct","hierarchy"
8,"raw",1,0.1,"fugw","042 Pvalb Gaba",TRUE,1,1,0,2.07944100137897,7.99999567759428,8,0.999999459699284,"confident_correct","hierarchy"
8,"raw",1,0.1,"fugw","043 Sst Gaba",TRUE,1,1,1.11022302462516e-16,2.63905657978323,13.9999895023556,14,0.999999250168254,"confident_correct","hierarchy"
8,"raw",1,0.1,"fugw","046 Sst Chodl Gaba",TRUE,1,1,0,0,1,1,1,"confident_correct","hierarchy"
8,"raw",1,0.1,"fugw","287 Astro-TE NN",TRUE,1,1,0,0,1,1,1,"confident_correct","hierarchy"
8,"raw",1,0.1,"fugw","294 OPC NN",TRUE,1,1,0,0,1,1,1,"confident_correct","hierarchy"
8,"raw",1,0.1,"fugw","295 Oligo NN",TRUE,1,1,0,1.38629418363937,3.99999929007796,4,0.999999822519491,"confident_correct","hierarchy"
8,"raw",1,0.1,"fugw","299 Peri NN",TRUE,1,1,0,0,1,1,1,"confident_correct","hierarchy"
8,"raw",1,0.1,"fugw","301 Endo NN",TRUE,1,1,0,0,1,1,1,"confident_correct","hierarchy"
8,"raw",1,0.1,"fugw","302 Microglia NN",TRUE,1,1,0,0,1,1,1,"confident_correct","hierarchy"
9,"raw",1,0.25,"fugw","001 Car3 Glut",TRUE,1,1,0,0,1,1,1,"confident_correct","hierarchy"
9,"raw",1,0.25,"fugw","003 L5/6 IT TPE-ENT Glut",TRUE,0.745770493444468,0.503509316292989,0.615191189922232,0.647101603905424,2.99750558871193,2,1.49875279435597,"underconfident_correct","hierarchy"
9,"raw",1,0.25,"fugw","004 L6 IT CTX Glut",TRUE,0.773594698085898,0.547189396171797,0.534896211242424,2.18766528580846,9.27444230208504,11,0.843131118371367,"underconfident_correct","hierarchy"
9,"raw",1,0.25,"fugw","005 L5 IT CTX Glut",TRUE,0.776595901296168,0.553191814647558,0.531182988212748,1.0985959543631,5.02015965969874,4,1.25503991492469,"underconfident_correct","hierarchy"
9,"raw",1,0.25,"fugw","006 L4/5 IT CTX Glut",TRUE,1,1,0,2.56356053844154,12.9819578842568,13,0.99861214494283,"confident_correct","hierarchy"
9,"raw",1,0.25,"fugw","007 L2/3 IT CTX Glut",TRUE,1,1,0,1.38629177094518,3.99998963931458,4,0.999997409828646,"confident_correct","hierarchy"
9,"raw",1,0.25,"fugw","022 L5 ET CTX Glut",TRUE,1,1,1.11022302462516e-16,1.79175914789064,5.99999807197583,6,0.999999678662639,"confident_correct","hierarchy"
9,"raw",1,0.25,"fugw","027 L6b CTX Glut",TRUE,1,1,0,0.6931471669196,1.99999997271931,2,0.999999986359655,"confident_correct","hierarchy"
9,"raw",1,0.25,"fugw","028 L6 CT CTX Glut",TRUE,1,1,1.11022302462516e-16,2.0794337201081,7.99993742767086,8,0.999992178458857,"confident_correct","hierarchy"
9,"raw",1,0.25,"fugw","030 L5 NP CTX Glut",TRUE,1,1,0,1.38629241154135,3.99999220169345,4,0.999998050423363,"confident_correct","hierarchy"
9,"raw",1,0.25,"fugw","036 Vip Gaba",TRUE,1,1,0,2.07944022456951,7.9999894631243,8,0.999998682890538,"confident_correct","hierarchy"
9,"raw",1,0.25,"fugw","037 Sncg Gaba",TRUE,1,1,0,1.09861228290218,2.9999999827022,3,0.999999994234068,"confident_correct","hierarchy"
9,"raw",1,0.25,"fugw","039 Lamp5 Gaba",TRUE,1,1,0,1.38628629075692,3.9999677186784,4,0.999991929669599,"confident_correct","hierarchy"
9,"raw",1,0.25,"fugw","041 Pvalb chandelier Gaba",TRUE,1,1,0,0,1,1,1,"confident_correct","hierarchy"
9,"raw",1,0.25,"fugw","042 Pvalb Gaba",TRUE,1,1,2.22044604925031e-16,2.07943994733277,7.99998724523362,8,0.999998405654203,"confident_correct","hierarchy"
9,"raw",1,0.25,"fugw","043 Sst Gaba",TRUE,1,1,-2.22044604925031e-16,2.63905456437106,13.9999612866347,14,0.99999723475962,"confident_correct","hierarchy"
9,"raw",1,0.25,"fugw","046 Sst Chodl Gaba",TRUE,1,1,0,0,1,1,1,"confident_correct","hierarchy"
9,"raw",1,0.25,"fugw","287 Astro-TE NN",TRUE,1,1,0,0,1,1,1,"confident_correct","hierarchy"
9,"raw",1,0.25,"fugw","294 OPC NN",TRUE,1,1,0,0,1,1,1,"confident_correct","hierarchy"
9,"raw",1,0.25,"fugw","295 Oligo NN",TRUE,1,1,0,1.38629417279324,3.99999924669348,4,0.999999811673371,"confident_correct","hierarchy"
9,"raw",1,0.25,"fugw","299 Peri NN",TRUE,1,1,0,0,1,1,1,"confident_correct","hierarchy"
9,"raw",1,0.25,"fugw","301 Endo NN",TRUE,1,1,0,0,1,1,1,"confident_correct","hierarchy"
9,"raw",1,0.25,"fugw","302 Microglia NN",TRUE,1,1,0,0,1,1,1,"confident_correct","hierarchy"
10,"raw",1,0.5,"fugw","001 Car3 Glut",TRUE,0.994616127809807,0.989232255619615,0.0334965718878662,0,1.0340638988332,1,1.0340638988332,"confident_correct","hierarchy"
10,"raw",1,0.5,"fugw","003 L5/6 IT TPE-ENT Glut",TRUE,0.696329405541407,0.463329745251429,0.778697336133805,0.640558059298072,3.4032700498611,2,1.70163502493055,"underconfident_correct","hierarchy"
10,"raw",1,0.5,"fugw","004 L6 IT CTX Glut",TRUE,0.769088233418014,0.538176466836028,0.540375694414615,2.19660011316852,9.2975878446836,11,0.8452352586076,"underconfident_correct","hierarchy"
10,"raw",1,0.5,"fugw","005 L5 IT CTX Glut",TRUE,0.800282497413042,0.600564994826084,0.500010549489361,1.09849335390829,4.67875439335688,4,1.16968859833922,"underconfident_correct","hierarchy"
10,"raw",1,0.5,"fugw","006 L4/5 IT CTX Glut",TRUE,1,1,0,2.48469389819162,11.9974472524037,13,0.922880557877204,"confident_correct","hierarchy"
10,"raw",1,0.5,"fugw","007 L2/3 IT CTX Glut",TRUE,1,1,0,1.38628532214085,3.99996384424725,4,0.999990961061812,"confident_correct","hierarchy"
10,"raw",1,0.5,"fugw","022 L5 ET CTX Glut",TRUE,1,1,0,1.79175656667272,5.99998258469325,6,0.999997097448875,"confident_correct","hierarchy"
10,"raw",1,0.5,"fugw","027 L6b CTX Glut",TRUE,0.992429260839565,0.98485852167913,0.0445134449995938,0.693147057483221,2.08009354635445,2,1.04004677317722,"confident_correct","hierarchy"
10,"raw",1,0.5,"fugw","028 L6 CT CTX Glut",TRUE,1,1,-2.22044604925031e-16,2.07900029797314,7.99647082901592,8,0.99955885362699,"confident_correct","hierarchy"
10,"raw",1,0.5,"fugw","030 L5 NP CTX Glut",TRUE,1,1,0,1.38628362098467,3.99995703968983,4,0.999989259922458,"confident_correct","hierarchy"
10,"raw",1,0.5,"fugw","036 Vip Gaba",TRUE,1,1,0,2.07943514685071,7.9999488415306,8,0.999993605191324,"confident_correct","hierarchy"
10,"raw",1,0.5,"fugw","037 Sncg Gaba",TRUE,1,1,0,1.09861223649258,2.99999984347343,3,0.999999947824477,"confident_correct","hierarchy"
10,"raw",1,0.5,"fugw","039 Lamp5 Gaba",TRUE,1,1,0,1.38625783123717,3.99985388313795,4,0.999963470784487,"confident_correct","hierarchy"
10,"raw",1,0.5,"fugw","041 Pvalb chandelier Gaba",TRUE,1,1,0,0,1,1,1,"confident_correct","hierarchy"
10,"raw",1,0.5,"fugw","042 Pvalb Gaba",TRUE,1,1,0,2.07943071854177,7.99991341536406,8,0.999989176920508,"confident_correct","hierarchy"
10,"raw",1,0.5,"fugw","043 Sst Gaba",TRUE,1,1,2.22044604925031e-16,2.63903969924618,13.9997531770086,14,0.99998236978633,"confident_correct","hierarchy"
10,"raw",1,0.5,"fugw","046 Sst Chodl Gaba",TRUE,1,1,0,0,1,1,1,"confident_correct","hierarchy"
10,"raw",1,0.5,"fugw","287 Astro-TE NN",TRUE,1,1,0,0,1,1,1,"confident_correct","hierarchy"
10,"raw",1,0.5,"fugw","294 OPC NN",TRUE,1,1,0,0,1,1,1,"confident_correct","hierarchy"
10,"raw",1,0.5,"fugw","295 Oligo NN",TRUE,1,1,0,1.38628847757657,3.99997646589595,4,0.999994116473987,"confident_correct","hierarchy"
10,"raw",1,0.5,"fugw","299 Peri NN",TRUE,1,1,0,0,1,1,1,"confident_correct","hierarchy"
10,"raw",1,0.5,"fugw","301 Endo NN",TRUE,1,1,0,0,1,1,1,"confident_correct","hierarchy"
10,"raw",1,0.5,"fugw","302 Microglia NN",TRUE,1,1,0,0,1,1,1,"confident_correct","hierarchy"
11,"raw",1,0.75,"fugw","001 Car3 Glut",TRUE,0.999999930701847,0.999999861403694,1.21166763728212e-06,0,1.00000121166837,1,1.00000121166837,"confident_correct","hierarchy"
11,"raw",1,0.75,"fugw","003 L5/6 IT TPE-ENT Glut",TRUE,0.617806990417062,0.383440125156349,1.0223721067983,0.594659864207607,4.01387507603663,2,2.00693753801832,"underconfident_correct","hierarchy"
11,"raw",1,0.75,"fugw","004 L6 IT CTX Glut",TRUE,0.705865319726955,0.411730639453909,0.605812410720129,2.07922247084099,7.95231789176451,11,0.72293799016041,"underconfident_correct","hierarchy"
11,"raw",1,0.75,"fugw","005 L5 IT CTX Glut",TRUE,0.801577631713044,0.603155263907602,0.498207578338813,1.09761418545232,4.55179383169594,4,1.13794845792398,"underconfident_correct","hierarchy"
11,"raw",1,0.75,"fugw","006 L4/5 IT CTX Glut",TRUE,1,1,0,2.48201642453011,11.965367369066,13,0.920412874543535,"confident_correct","hierarchy"
11,"raw",1,0.75,"fugw","007 L2/3 IT CTX Glut",TRUE,0.99281735553675,0.9856347110735,0.0426109499492615,1.3862302750092,4.13250774859284,4,1.03312693714821,"confident_correct","hierarchy"
11,"raw",1,0.75,"fugw","022 L5 ET CTX Glut",TRUE,1,1,1.11022302462516e-16,1.79173306851058,5.99984159778613,6,0.999973599631021,"confident_correct","hierarchy"
11,"raw",1,0.75,"fugw","027 L6b CTX Glut",TRUE,0.94450681344131,0.889013626882619,0.214382413420788,0.693146062757203,2.38467677823819,2,1.19233838911909,"confident_correct","hierarchy"
11,"raw",1,0.75,"fugw","028 L6 CT CTX Glut",TRUE,1,1,-2.22044604925031e-16,2.05890118511996,7.83735327679712,8,0.97966915959964,"confident_correct","hierarchy"
11,"raw",1,0.75,"fugw","030 L5 NP CTX Glut",TRUE,1,1,1.11022302462516e-16,1.38620938327197,3.99966010305038,4,0.999915025762595,"confident_correct","hierarchy"
11,"raw",1,0.75,"fugw","036 Vip Gaba",TRUE,1,1,1.11022302462516e-16,2.07939374508079,7.99961763634558,8,0.999952204543197,"confident_correct","hierarchy"
11,"raw",1,0.75,"fugw","037 Sncg Gaba",TRUE,0.999999961466526,0.999999922933053,6.96366857923872e-07,1.09861181565791,3.00000054307005,3,1.00000018102335,"confident_correct","hierarchy"
11,"raw",1,0.75,"fugw","039 Lamp5 Gaba",TRUE,1,1,-2.22044604925031e-16,1.38604879957424,3.99901787440846,4,0.999754468602116,"confident_correct","hierarchy"
11,"raw",1,0.75,"fugw","041 Pvalb chandelier Gaba",TRUE,1,1,0,0,1,1,1,"confident_correct","hierarchy"
11,"raw",1,0.75,"fugw","042 Pvalb Gaba",TRUE,1,1,0,2.07934761162357,7.99924859484015,8,0.999906074355019,"confident_correct","hierarchy"
11,"raw",1,0.75,"fugw","043 Sst Gaba",TRUE,1,1,2.22044604925031e-16,2.63891470188606,13.9980033541832,14,0.999857382441656,"confident_correct","hierarchy"
11,"raw",1,0.75,"fugw","046 Sst Chodl Gaba",TRUE,1,1,0,0,1,1,1,"confident_correct","hierarchy"
11,"raw",1,0.75,"fugw","287 Astro-TE NN",TRUE,1,1,0,0,1,1,1,"confident_correct","hierarchy"
11,"raw",1,0.75,"fugw","294 OPC NN",TRUE,0.999999999187752,0.999999998375504,1.78135811718888e-08,0,1.00000001781358,1,1.00000001781358,"confident_correct","hierarchy"
11,"raw",1,0.75,"fugw","295 Oligo NN",TRUE,1,1,0,1.38621988516648,3.99970210727941,4,0.999925526819853,"confident_correct","hierarchy"
11,"raw",1,0.75,"fugw","299 Peri NN",TRUE,1,1,0,0,1,1,1,"confident_correct","hierarchy"
11,"raw",1,0.75,"fugw","301 Endo NN",TRUE,1,1,0,0,1,1,1,"confident_correct","hierarchy"
11,"raw",1,0.75,"fugw","302 Microglia NN",TRUE,1,1,0,0,1,1,1,"confident_correct","hierarchy"
12,"raw",1,0.9,"fugw","001 Car3 Glut",TRUE,1,1,0,0,1,1,1,"confident_correct","hierarchy"
12,"raw",1,0.9,"fugw","003 L5/6 IT TPE-ENT Glut",TRUE,0.635553251786877,0.402042486777963,0.984671263864718,0.667176277864665,4.09062314555871,2,2.04531157277935,"underconfident_correct","hierarchy"
12,"raw",1,0.9,"fugw","004 L6 IT CTX Glut",TRUE,0.790606612682392,0.581213225364783,0.513151844233755,2.16899428240388,9.28103496307139,11,0.843730451188308,"underconfident_correct","hierarchy"
12,"raw",1,0.9,"fugw","005 L5 IT CTX Glut",TRUE,0.824959515271671,0.649919644956323,0.463797541011769,1.08969879424107,4.37205547171094,4,1.09301386792774,"underconfident_correct","hierarchy"
12,"raw",1,0.9,"fugw","006 L4/5 IT CTX Glut",TRUE,1,1,0,2.38240404799571,10.8309096172213,13,0.833146893632411,"confident_correct","hierarchy"
12,"raw",1,0.9,"fugw","007 L2/3 IT CTX Glut",TRUE,0.939659767083849,0.879319534167699,0.227902660967561,1.38572469794775,4.61823412445517,4,1.15455853111379,"confident_correct","hierarchy"
12,"raw",1,0.9,"fugw","022 L5 ET CTX Glut",TRUE,1,1,0,1.79151421386993,5.99852864828706,6,0.99975477471451,"confident_correct","hierarchy"
12,"raw",1,0.9,"fugw","027 L6b CTX Glut",TRUE,0.895092108907574,0.790184217815147,0.335734792404094,0.693136844739084,2.60167667587999,2,1.30083833793999,"underconfident_correct","hierarchy"
12,"raw",1,0.9,"fugw","028 L6 CT CTX Glut",TRUE,1,1,2.22044604925031e-16,1.94349004325346,6.9830797420526,8,0.872884967756575,"confident_correct","hierarchy"
12,"raw",1,0.9,"fugw","030 L5 NP CTX Glut",TRUE,1,1,-2.22044604925031e-16,1.3855474419112,3.99701343866412,4,0.999253359666029,"confident_correct","hierarchy"
12,"raw",1,0.9,"fugw","036 Vip Gaba",TRUE,1,1,0,2.07902427315628,7.99666254816679,8,0.999582818520848,"confident_correct","hierarchy"
12,"raw",1,0.9,"fugw","037 Sncg Gaba",TRUE,0.999998932901525,0.99999786580305,1.57403073024091e-05,1.09860791485553,3.00003058267155,3,1.00001019422385,"confident_correct","hierarchy"
12,"raw",1,0.9,"fugw","039 Lamp5 Gaba",TRUE,1,1,0,1.38431271085552,3.99208124763274,4,0.998020311908186,"confident_correct","hierarchy"
12,"raw",1,0.9,"fugw","041 Pvalb chandelier Gaba",TRUE,1,1,0,0,1,1,1,"confident_correct","hierarchy"
12,"raw",1,0.9,"fugw","042 Pvalb Gaba",TRUE,1,1,0,2.07857705910954,7.99308712789689,8,0.999135890987112,"confident_correct","hierarchy"
12,"raw",1,0.9,"fugw","043 Sst Gaba",TRUE,1,1,-2.22044604925031e-16,2.63778832734069,13.9822452359566,14,0.998731802568328,"confident_correct","hierarchy"
12,"raw",1,0.9,"fugw","046 Sst Chodl Gaba",TRUE,1,1,0,0,1,1,1,"confident_correct","hierarchy"
12,"raw",1,0.9,"fugw","287 Astro-TE NN",TRUE,1,1,0,0,1,1,1,"confident_correct","hierarchy"
12,"raw",1,0.9,"fugw","294 OPC NN",TRUE,0.999964672198763,0.999929344397526,0.000397466827020748,0,1.00039754582743,1,1.00039754582743,"confident_correct","hierarchy"
12,"raw",1,0.9,"fugw","295 Oligo NN",TRUE,1,1,0,1.38553402759347,3.99695982181549,4,0.999239955453872,"confident_correct","hierarchy"
12,"raw",1,0.9,"fugw","299 Peri NN",TRUE,1,1,0,0,1,1,1,"confident_correct","hierarchy"
12,"raw",1,0.9,"fugw","301 Endo NN",TRUE,1,1,0,0,1,1,1,"confident_correct","hierarchy"
12,"raw",1,0.9,"fugw","302 Microglia NN",TRUE,1,1,0,0,1,1,1,"confident_correct","hierarchy"
13,"raw",1,1,"uot_molecular","001 Car3 Glut",TRUE,0.978971503087582,0.957943021702788,0.102015530169833,0,1.10740066971486,1,1.10740066971486,"confident_correct","hierarchy"
13,"raw",1,1,"uot_molecular","003 L5/6 IT TPE-ENT Glut",TRUE,0.611260024904006,0.374344942292436,1.03321299672742,0.568392709761663,3.98034599057835,2,1.99017299528917,"underconfident_correct","hierarchy"
13,"raw",1,1,"uot_molecular","004 L6 IT CTX Glut",TRUE,0.682199625277998,0.364399250555995,0.625200310974914,2.08507868262111,7.74959207839502,11,0.704508370763183,"underconfident_correct","hierarchy"
13,"raw",1,1,"uot_molecular","005 L5 IT CTX Glut",TRUE,0.799818895804524,0.601967100693576,0.513343018304435,1.09819166112554,4.61272494970604,4,1.15318123742651,"underconfident_correct","hierarchy"
13,"raw",1,1,"uot_molecular","006 L4/5 IT CTX Glut",TRUE,0.999926312798389,0.999852625596777,0.000774868422574015,2.48371448015896,11.9927983317528,13,0.922522948596366,"confident_correct","hierarchy"
13,"raw",1,1,"uot_molecular","007 L2/3 IT CTX Glut",TRUE,0.997971507114114,0.995943014228227,0.0146040275278602,1.38626849537742,4.04734247661102,4,1.01183561915275,"confident_correct","hierarchy"
13,"raw",1,1,"uot_molecular","022 L5 ET CTX Glut",TRUE,1,1,-2.22044604925031e-16,1.79174800971781,5.9999312433325,6,0.999988540555417,"confident_correct","hierarchy"
13,"raw",1,1,"uot_molecular","027 L6b CTX Glut",TRUE,0.95422790395,0.9084558079,0.185873029606664,0.693146662026738,2.33332179655726,2,1.16666089827863,"confident_correct","hierarchy"
13,"raw",1,1,"uot_molecular","028 L6 CT CTX Glut",TRUE,0.999962735142302,0.999925475507731,0.000417322618788757,2.06733658794482,7.90643889269558,8,0.988304861586948,"confident_correct","hierarchy"
13,"raw",1,1,"uot_molecular","030 L5 NP CTX Glut",TRUE,0.99999967029753,0.99999934059506,5.25053657053787e-06,1.38625936921981,3.99987924334858,4,0.999969810837146,"confident_correct","hierarchy"
13,"raw",1,1,"uot_molecular","036 Vip Gaba",TRUE,0.998039859586963,0.996179627530212,0.0145738791132926,2.0792450792993,8.08301858245394,8,1.01037732280674,"confident_correct","hierarchy"
13,"raw",1,1,"uot_molecular","037 Sncg Gaba",TRUE,0.994008849171363,0.988209860162566,0.037482738918587,1.09861199323944,3.09416494029672,3,1.03138831343224,"confident_correct","hierarchy"
13,"raw",1,1,"uot_molecular","039 Lamp5 Gaba",TRUE,0.999999894480151,0.999999789255194,1.80265784791022e-06,1.38614936762591,3.99942673565398,4,0.999856683913496,"confident_correct","hierarchy"
13,"raw",1,1,"uot_molecular","041 Pvalb chandelier Gaba",TRUE,0.998054557176595,0.99610911435319,0.0140875201416993,0,1.01465307340898,1,1.01465307340898,"confident_correct","hierarchy"
13,"raw",1,1,"uot_molecular","042 Pvalb Gaba",TRUE,0.999999829387879,0.999999658843191,2.8300055871244e-06,2.07938591096405,7.99957476747272,8,0.99994684593409,"confident_correct","hierarchy"
13,"raw",1,1,"uot_molecular","043 Sst Gaba",TRUE,0.999997732494473,0.999995468296046,3.17627885521826e-05,2.63895460126944,13.9989227498276,14,0.999923053559116,"confident_correct","hierarchy"
13,"raw",1,1,"uot_molecular","046 Sst Chodl Gaba",TRUE,0.997450064712021,0.994900129424041,0.0177740976045219,0,1.01873902401352,1,1.01873902401352,"confident_correct","hierarchy"
13,"raw",1,1,"uot_molecular","287 Astro-TE NN",TRUE,0.999999072619108,0.999998213833532,1.40796642968545e-05,0,1.00001407976342,1,1.00001407976342,"confident_correct","hierarchy"
13,"raw",1,1,"uot_molecular","294 OPC NN",TRUE,0.994656745619729,0.989313655194036,0.0332863029034977,0,1.03384740384665,1,1.03384740384665,"confident_correct","hierarchy"
13,"raw",1,1,"uot_molecular","295 Oligo NN",TRUE,0.999999988684855,0.999999983235005,2.30556173179107e-07,1.3861452712762,3.99940454443751,4,0.999851136109377,"confident_correct","hierarchy"
13,"raw",1,1,"uot_molecular","299 Peri NN",TRUE,0.999995780616441,0.999991565716069,5.64757492757082e-05,0,1.00005647734406,1,1.00005647734406,"confident_correct","hierarchy"
13,"raw",1,1,"uot_molecular","301 Endo NN",TRUE,0.999986111102404,0.999972228886535,0.00016928580086472,0,1.00016930013051,1,1.00016930013051,"confident_correct","hierarchy"
13,"raw",1,1,"uot_molecular","302 Microglia NN",TRUE,0.999999818711431,0.999999642819748,3.01974472594865e-06,0,1.00000301974929,1,1.00000301974929,"confident_correct","hierarchy"
14,"raw",3,0,"gw_only","001 Car3 Glut",FALSE,0.142619067805989,7.13797936963134e-06,1.94590986449213,0,30.1610500946575,1,30.1610500946575,"cross_family_failure","hierarchy"
14,"raw",3,0,"gw_only","003 L5/6 IT TPE-ENT Glut",FALSE,0.142803186568572,7.13797936963134e-06,1.94590986449213,0.693147180559945,30.1610500946575,2,15.0805250473288,"cross_family_failure","hierarchy"
14,"raw",3,0,"gw_only","004 L6 IT CTX Glut",FALSE,0.142945154073493,7.13797936963134e-06,1.94590986449213,2.39789527202893,30.1610500946575,11,2.74191364496886,"cross_family_failure","hierarchy"
14,"raw",3,0,"gw_only","005 L5 IT CTX Glut",FALSE,0.142888537496266,7.13797936963134e-06,1.94590986449213,1.38629435994453,30.1610500946575,4,7.54026252366438,"cross_family_failure","hierarchy"
14,"raw",3,0,"gw_only","006 L4/5 IT CTX Glut",TRUE,0.142952292052862,7.13797936963134e-06,1.94590986449213,2.56494935736682,30.1610500946575,13,2.32008077651212,"diffuse_correct","hierarchy"
14,"raw",3,0,"gw_only","007 L2/3 IT CTX Glut",FALSE,0.142874681826186,7.13797936963134e-06,1.94590986449213,1.38629435759325,30.1610500946575,4,7.54026252366438,"cross_family_failure","hierarchy"
14,"raw",3,0,"gw_only","022 L5 ET CTX Glut",FALSE,0.142917080176632,7.13797936963134e-06,1.94590986449213,1.79175946922805,30.1610500946575,6,5.02684168244292,"cross_family_failure","hierarchy"
14,"raw",3,0,"gw_only","027 L6b CTX Glut",FALSE,1.19826053307748e-06,5.36146254225822e-05,1.09862556440626,0.693147180559945,15.1255079103479,2,7.56275395517394,"cross_family_failure","hierarchy"
14,"raw",3,0,"gw_only","028 L6 CT CTX Glut",TRUE,0.333931276172717,5.36146217055e-05,1.09862556464358,2.07944154136979,15.1255076708875,8,1.89068845886094,"diffuse_correct","hierarchy"
14,"raw",3,0,"gw_only","030 L5 NP CTX Glut",FALSE,0.333877684698502,5.36146254225822e-05,1.09862556440626,1.38629436041099,15.1255079103479,4,3.78137697758697,"cross_family_failure","hierarchy"
14,"raw",3,0,"gw_only","036 Vip Gaba",FALSE,0,1.61727578600335e-05,1.09861214876751,NA,14.4694202327526,8,1.80867752909408,"cross_family_failure","hierarchy"
14,"raw",3,0,"gw_only","037 Sncg Gaba",FALSE,0,1.62418695906497e-05,1.09861214896388,NA,14.4694144845347,3,4.82313816151157,"cross_family_failure","hierarchy"
14,"raw",3,0,"gw_only","039 Lamp5 Gaba",FALSE,0,1.61727578600335e-05,1.09861214876751,NA,14.4694202327526,4,3.61735505818816,"cross_family_failure","hierarchy"
14,"raw",3,0,"gw_only","041 Pvalb chandelier Gaba",FALSE,0,0,1.09860935165594,NA,3.77676078833634,1,3.77676078833634,"cross_family_failure","hierarchy"
14,"raw",3,0,"gw_only","042 Pvalb Gaba",FALSE,0,0,1.09860929415096,NA,3.77673144962835,8,0.472091431203543,"cross_family_failure","hierarchy"
14,"raw",3,0,"gw_only","043 Sst Gaba",FALSE,0,0,1.09860934927766,NA,3.77675956931971,14,0.269768540665694,"cross_family_failure","hierarchy"
14,"raw",3,0,"gw_only","046 Sst Chodl Gaba",FALSE,0,1,0,NA,1,1,1,"cross_family_failure","hierarchy"
14,"raw",3,0,"gw_only","287 Astro-TE NN",FALSE,0,1,0,NA,1,1,1,"cross_family_failure","hierarchy"
14,"raw",3,0,"gw_only","294 OPC NN",FALSE,0,5.67301296754974e-05,0.694404792975029,NA,9.80843335928707,1,9.80843335928707,"cross_family_failure","hierarchy"
14,"raw",3,0,"gw_only","295 Oligo NN",FALSE,0,5.69833904935924e-05,0.694404793175319,NA,9.8084345791557,4,2.45210864478892,"cross_family_failure","hierarchy"
14,"raw",3,0,"gw_only","299 Peri NN",FALSE,0,5.68005702518137e-05,0.693147178946793,NA,4.00015746840465,1,4.00015746840465,"cross_family_failure","hierarchy"
14,"raw",3,0,"gw_only","301 Endo NN",FALSE,0,5.68005702518137e-05,0.693147178946793,NA,4.00015746840465,1,4.00015746840465,"cross_family_failure","hierarchy"
14,"raw",3,0,"gw_only","302 Microglia NN",FALSE,0,1,0,NA,1,1,1,"cross_family_failure","hierarchy"
15,"raw",3,0.1,"fugw","001 Car3 Glut",TRUE,1,1,0,0,1,1,1,"confident_correct","hierarchy"
15,"raw",3,0.1,"fugw","003 L5/6 IT TPE-ENT Glut",TRUE,0.999999758311948,0.999999520100081,3.94215090813248e-06,0.693147162188117,2.00000751252149,2,1.00000375626075,"confident_correct","hierarchy"
15,"raw",3,0.1,"fugw","004 L6 IT CTX Glut",TRUE,0.999975876080737,0.999951752161475,0.000280616536904182,2.39789447415133,11.0024419550608,11,1.00022199591462,"confident_correct","hierarchy"
15,"raw",3,0.1,"fugw","005 L5 IT CTX Glut",TRUE,0.999883983971066,0.999767967942133,0.00116732128424731,1.38629285489517,4.00402195212825,4,1.00100548803206,"confident_correct","hierarchy"
15,"raw",3,0.1,"fugw","006 L4/5 IT CTX Glut",TRUE,1,1,2.22044604925031e-16,2.56494864868475,12.999990785905,13,0.999999291223465,"confident_correct","hierarchy"
15,"raw",3,0.1,"fugw","007 L2/3 IT CTX Glut",TRUE,1,1,0,1.38629416787568,3.99999922702322,4,0.999999806755806,"confident_correct","hierarchy"
15,"raw",3,0.1,"fugw","022 L5 ET CTX Glut",TRUE,1,1,0,1.79175946528954,5.9999999763689,6,0.999999996061484,"confident_correct","hierarchy"
15,"raw",3,0.1,"fugw","027 L6b CTX Glut",TRUE,1,1,0,0.693147180394639,1.99999999966939,2,0.999999999834694,"confident_correct","hierarchy"
15,"raw",3,0.1,"fugw","028 L6 CT CTX Glut",TRUE,1,1,0,2.0794413905894,7.99999879127657,8,0.999999848909571,"confident_correct","hierarchy"
15,"raw",3,0.1,"fugw","030 L5 NP CTX Glut",TRUE,1,1,0,1.38629427518494,3.99999965626021,4,0.999999914065053,"confident_correct","hierarchy"
15,"raw",3,0.1,"fugw","036 Vip Gaba",TRUE,1,1,0,2.0794414773947,7.99999948571892,8,0.999999935714866,"confident_correct","hierarchy"
15,"raw",3,0.1,"fugw","037 Sncg Gaba",TRUE,1,1,0,1.09861228860021,2.9999999997963,3,0.999999999932099,"confident_correct","hierarchy"
15,"raw",3,0.1,"fugw","039 Lamp5 Gaba",TRUE,1,1,2.22044604925031e-16,1.38629401185078,3.99999860292382,4,0.999999650730954,"confident_correct","hierarchy"
15,"raw",3,0.1,"fugw","041 Pvalb chandelier Gaba",TRUE,1,1,0,0,1,1,1,"confident_correct","hierarchy"
15,"raw",3,0.1,"fugw","042 Pvalb Gaba",TRUE,1,1,0,2.07944148186321,7.99999952146704,8,0.99999994018338,"confident_correct","hierarchy"
15,"raw",3,0.1,"fugw","043 Sst Gaba",TRUE,1,1,-2.22044604925031e-16,2.63905724662908,13.9999988381935,14,0.999999917013825,"confident_correct","hierarchy"
15,"raw",3,0.1,"fugw","046 Sst Chodl Gaba",TRUE,1,1,0,0,1,1,1,"confident_correct","hierarchy"
15,"raw",3,0.1,"fugw","287 Astro-TE NN",TRUE,1,1,0,0,1,1,1,"confident_correct","hierarchy"
15,"raw",3,0.1,"fugw","294 OPC NN",TRUE,1,1,0,0,1,1,1,"confident_correct","hierarchy"
15,"raw",3,0.1,"fugw","295 Oligo NN",TRUE,1,1,0,1.38629434148045,3.99999992144222,4,0.999999980360556,"confident_correct","hierarchy"
15,"raw",3,0.1,"fugw","299 Peri NN",TRUE,1,1,0,0,1,1,1,"confident_correct","hierarchy"
15,"raw",3,0.1,"fugw","301 Endo NN",TRUE,1,1,0,0,1,1,1,"confident_correct","hierarchy"
15,"raw",3,0.1,"fugw","302 Microglia NN",TRUE,1,1,0,0,1,1,1,"confident_correct","hierarchy"
16,"raw",3,0.25,"fugw","001 Car3 Glut",TRUE,1,1,0,0,1,1,1,"confident_correct","hierarchy"
16,"raw",3,0.25,"fugw","003 L5/6 IT TPE-ENT Glut",TRUE,0.748257644152744,0.500736705912996,0.585685207138242,0.639770028976155,2.89909326778028,2,1.44954663389014,"underconfident_correct","hierarchy"
16,"raw",3,0.25,"fugw","004 L6 IT CTX Glut",TRUE,0.757156785524608,0.514313571049216,0.554335142897172,2.16762706446413,8.9851092852866,11,0.816828116844237,"underconfident_correct","hierarchy"
16,"raw",3,0.25,"fugw","005 L5 IT CTX Glut",TRUE,0.75816775391692,0.516335560448256,0.553183593670274,1.0986105085625,5.19672425897169,4,1.29918106474292,"underconfident_correct","hierarchy"
16,"raw",3,0.25,"fugw","006 L4/5 IT CTX Glut",TRUE,1,1,0,2.56479101049778,12.9979416524419,13,0.999841665572457,"confident_correct","hierarchy"
16,"raw",3,0.25,"fugw","007 L2/3 IT CTX Glut",TRUE,1,1,1.11022302462516e-16,1.38629407368443,3.99999885025833,4,0.999999712564582,"confident_correct","hierarchy"
16,"raw",3,0.25,"fugw","022 L5 ET CTX Glut",TRUE,1,1,2.22044604925031e-16,1.79175943378961,5.99999978736931,6,0.999999964561551,"confident_correct","hierarchy"
16,"raw",3,0.25,"fugw","027 L6b CTX Glut",TRUE,1,1,1.11022302462516e-16,0.693147179072759,1.99999999702563,2,0.999999998512814,"confident_correct","hierarchy"
16,"raw",3,0.25,"fugw","028 L6 CT CTX Glut",TRUE,1,1,1.11022302462516e-16,2.07944067742345,7.99999308595191,8,0.999999135743989,"confident_correct","hierarchy"
16,"raw",3,0.25,"fugw","030 L5 NP CTX Glut",TRUE,1,1,0,1.38629414619229,3.99999914028968,4,0.99999978507242,"confident_correct","hierarchy"
16,"raw",3,0.25,"fugw","036 Vip Gaba",TRUE,1,1,0,2.07944139609481,7.99999883531988,8,0.999999854414985,"confident_correct","hierarchy"
16,"raw",3,0.25,"fugw","037 Sncg Gaba",TRUE,1,1,0,1.09861228803508,2.99999999810092,3,0.999999999366973,"confident_correct","hierarchy"
16,"raw",3,0.25,"fugw","039 Lamp5 Gaba",TRUE,1,1,2.22044604925031e-16,1.38629347089593,3.99999643910574,4,0.999999109776436,"confident_correct","hierarchy"
16,"raw",3,0.25,"fugw","041 Pvalb chandelier Gaba",TRUE,1,1,0,0,1,1,1,"confident_correct","hierarchy"
16,"raw",3,0.25,"fugw","042 Pvalb Gaba",TRUE,1,1,-2.22044604925031e-16,2.07944136562956,7.99999859159794,8,0.999999823949743,"confident_correct","hierarchy"
16,"raw",3,0.25,"fugw","043 Sst Gaba",TRUE,1,1,0,2.63905702427564,13.999995725246,14,0.999999694660427,"confident_correct","hierarchy"
16,"raw",3,0.25,"fugw","046 Sst Chodl Gaba",TRUE,1,1,0,0,1,1,1,"confident_correct","hierarchy"
16,"raw",3,0.25,"fugw","287 Astro-TE NN",TRUE,1,1,0,0,1,1,1,"confident_correct","hierarchy"
16,"raw",3,0.25,"fugw","294 OPC NN",TRUE,1,1,0,0,1,1,1,"confident_correct","hierarchy"
16,"raw",3,0.25,"fugw","295 Oligo NN",TRUE,1,1,0,1.38629434044433,3.99999991729777,4,0.999999979324443,"confident_correct","hierarchy"
16,"raw",3,0.25,"fugw","299 Peri NN",TRUE,1,1,0,0,1,1,1,"confident_correct","hierarchy"
16,"raw",3,0.25,"fugw","301 Endo NN",TRUE,1,1,0,0,1,1,1,"confident_correct","hierarchy"
16,"raw",3,0.25,"fugw","302 Microglia NN",TRUE,1,1,0,0,1,1,1,"confident_correct","hierarchy"
17,"raw",3,0.5,"fugw","001 Car3 Glut",TRUE,0.996524813383678,0.993049626767357,0.0231460199583741,0,1.02341596779422,1,1.02341596779422,"confident_correct","hierarchy"
17,"raw",3,0.5,"fugw","003 L5/6 IT TPE-ENT Glut",TRUE,0.681096598079079,0.43695374338651,0.799706636319044,0.598677335407319,3.34499009624512,2,1.67249504812256,"underconfident_correct","hierarchy"
17,"raw",3,0.5,"fugw","004 L6 IT CTX Glut",TRUE,0.706397888522993,0.412795777045986,0.605345523789571,2.08001529404704,7.96187030821192,11,0.723806391655629,"underconfident_correct","hierarchy"
17,"raw",3,0.5,"fugw","005 L5 IT CTX Glut",TRUE,0.71961322173508,0.439226443470161,0.593318243748774,1.09433980586378,5.56068084307654,4,1.39017021076914,"underconfident_correct","hierarchy"
17,"raw",3,0.5,"fugw","006 L4/5 IT CTX Glut",TRUE,0.955744415394976,0.911488830789952,0.181240429822955,2.48488311628989,12.8861564422708,13,0.9912428032516,"confident_correct","hierarchy"
17,"raw",3,0.5,"fugw","007 L2/3 IT CTX Glut",TRUE,1,1,-2.22044604925031e-16,1.38629336510114,3.99999601592698,4,0.999999003981746,"confident_correct","hierarchy"
17,"raw",3,0.5,"fugw","022 L5 ET CTX Glut",TRUE,1,1,1.11022302462516e-16,1.79175914980321,5.99999808345121,6,0.999999680575201,"confident_correct","hierarchy"
17,"raw",3,0.5,"fugw","027 L6b CTX Glut",TRUE,0.997567656039998,0.995135312079995,0.0170694182130247,0.6931471670786,2.03100473298321,2,1.0155023664916,"confident_correct","hierarchy"
17,"raw",3,0.5,"fugw","028 L6 CT CTX Glut",TRUE,1,1,0,2.07939647976739,7.99963951282264,8,0.99995493910283,"confident_correct","hierarchy"
17,"raw",3,0.5,"fugw","030 L5 NP CTX Glut",TRUE,1,1,1.11022302462516e-16,1.3862931782839,3.99999526865884,4,0.99999881716471,"confident_correct","hierarchy"
17,"raw",3,0.5,"fugw","036 Vip Gaba",TRUE,1,1,0,2.07944083701485,7.99999436268209,8,0.999999295335261,"confident_correct","hierarchy"
17,"raw",3,0.5,"fugw","037 Sncg Gaba",TRUE,1,1,2.22044604925031e-16,1.0986122829599,2.99999998287538,3,0.999999994291793,"confident_correct","hierarchy"
17,"raw",3,0.5,"fugw","039 Lamp5 Gaba",TRUE,1,1,0,1.38629033257026,3.99998388583393,4,0.999995971458481,"confident_correct","hierarchy"
17,"raw",3,0.5,"fugw","041 Pvalb chandelier Gaba",TRUE,1,1,0,0,1,1,1,"confident_correct","hierarchy"
17,"raw",3,0.5,"fugw","042 Pvalb Gaba",TRUE,1,1,2.22044604925031e-16,2.07944035016141,7.99999046785826,8,0.999998808482283,"confident_correct","hierarchy"
17,"raw",3,0.5,"fugw","043 Sst Gaba",TRUE,1,1,1.11022302462516e-16,2.6390553881501,13.9999728195142,14,0.999998058536727,"confident_correct","hierarchy"
17,"raw",3,0.5,"fugw","046 Sst Chodl Gaba",TRUE,1,1,0,0,1,1,1,"confident_correct","hierarchy"
17,"raw",3,0.5,"fugw","287 Astro-TE NN",TRUE,1,1,0,0,1,1,1,"confident_correct","hierarchy"
17,"raw",3,0.5,"fugw","294 OPC NN",TRUE,1,1,0,0,1,1,1,"confident_correct","hierarchy"
17,"raw",3,0.5,"fugw","295 Oligo NN",TRUE,1,1,0,1.38629371480162,3.99999741472777,4,0.999999353681942,"confident_correct","hierarchy"
17,"raw",3,0.5,"fugw","299 Peri NN",TRUE,1,1,0,0,1,1,1,"confident_correct","hierarchy"
17,"raw",3,0.5,"fugw","301 Endo NN",TRUE,1,1,0,0,1,1,1,"confident_correct","hierarchy"
17,"raw",3,0.5,"fugw","302 Microglia NN",TRUE,1,1,0,0,1,1,1,"confident_correct","hierarchy"
18,"raw",3,0.75,"fugw","001 Car3 Glut",TRUE,0.976414373778994,0.952828747557988,0.111683392566475,0,1.11815878721297,1,1.11815878721297,"confident_correct","hierarchy"
18,"raw",3,0.75,"fugw","003 L5/6 IT TPE-ENT Glut",TRUE,0.605954871783163,0.368213153805855,1.04307934879058,0.53857396503382,3.93311159364902,2,1.96655579682451,"underconfident_correct","hierarchy"
18,"raw",3,0.75,"fugw","004 L6 IT CTX Glut",TRUE,0.663490226328963,0.326980452657927,0.638693242768653,2.06814157616342,7.46992504694087,11,0.679084095176443,"underconfident_correct","hierarchy"
18,"raw",3,0.75,"fugw","005 L5 IT CTX Glut",TRUE,0.79426643921478,0.588532878429561,0.508248821170932,1.09850287311878,4.76156381909737,4,1.19039095477434,"underconfident_correct","hierarchy"
18,"raw",3,0.75,"fugw","006 L4/5 IT CTX Glut",TRUE,1,1,1.11022302462516e-16,2.48469680236787,11.9974820951556,13,0.922883238088889,"confident_correct","hierarchy"
18,"raw",3,0.75,"fugw","007 L2/3 IT CTX Glut",TRUE,1,1,0,1.38628737304104,3.99997204778228,4,0.99999301194557,"confident_correct","hierarchy"
18,"raw",3,0.75,"fugw","022 L5 ET CTX Glut",TRUE,1,1,0,1.79175658416612,5.99998268965338,6,0.99999711494223,"confident_correct","hierarchy"
18,"raw",3,0.75,"fugw","027 L6b CTX Glut",TRUE,0.981792709386892,0.963585418773785,0.0909777122897047,0.693147058826267,2.16301794044496,2,1.08150897022248,"confident_correct","hierarchy"
18,"raw",3,0.75,"fugw","028 L6 CT CTX Glut",TRUE,1,1,0,2.07768384611979,7.985950786257,8,0.998243848282125,"confident_correct","hierarchy"
18,"raw",3,0.75,"fugw","030 L5 NP CTX Glut",TRUE,1,1,0,1.38628503011359,3.99996267614892,4,0.99999066903723,"confident_correct","hierarchy"
18,"raw",3,0.75,"fugw","036 Vip Gaba",TRUE,1,1,1.11022302462516e-16,2.07943630897449,7.99995813846674,8,0.999994767308343,"confident_correct","hierarchy"
18,"raw",3,0.75,"fugw","037 Sncg Gaba",TRUE,0.99999984327785,0.999999686555701,2.61236879697595e-06,1.09861223698896,3.00000716554689,3,1.00000238851563,"confident_correct","hierarchy"
18,"raw",3,0.75,"fugw","039 Lamp5 Gaba",TRUE,1,1,0,1.38626727748812,3.99989166693993,4,0.999972916734983,"confident_correct","hierarchy"
18,"raw",3,0.75,"fugw","041 Pvalb chandelier Gaba",TRUE,1,1,0,0,1,1,1,"confident_correct","hierarchy"
18,"raw",3,0.75,"fugw","042 Pvalb Gaba",TRUE,1,1,0,2.07943127193847,7.99991784249095,8,0.999989730311368,"confident_correct","hierarchy"
18,"raw",3,0.75,"fugw","043 Sst Gaba",TRUE,1,1,1.11022302462516e-16,2.63904171984714,13.9997814649519,14,0.99998439035371,"confident_correct","hierarchy"
18,"raw",3,0.75,"fugw","046 Sst Chodl Gaba",TRUE,1,1,0,0,1,1,1,"confident_correct","hierarchy"
18,"raw",3,0.75,"fugw","287 Astro-TE NN",TRUE,1,1,0,0,1,1,1,"confident_correct","hierarchy"
18,"raw",3,0.75,"fugw","294 OPC NN",TRUE,0.999999998046575,0.999999996093149,4.11267968279022e-08,0,1.0000000411268,1,1.0000000411268,"confident_correct","hierarchy"
18,"raw",3,0.75,"fugw","295 Oligo NN",TRUE,1,1,0,1.38628622003186,3.99996743578044,4,0.999991858945109,"confident_correct","hierarchy"
18,"raw",3,0.75,"fugw","299 Peri NN",TRUE,1,1,0,0,1,1,1,"confident_correct","hierarchy"
18,"raw",3,0.75,"fugw","301 Endo NN",TRUE,1,1,0,0,1,1,1,"confident_correct","hierarchy"
18,"raw",3,0.75,"fugw","302 Microglia NN",TRUE,1,1,0,0,1,1,1,"confident_correct","hierarchy"
19,"raw",3,0.9,"fugw","001 Car3 Glut",TRUE,0.999297186404674,0.998594372809349,0.00580528764465525,0,1.00582217098204,1,1.00582217098204,"confident_correct","hierarchy"
19,"raw",3,0.9,"fugw","003 L5/6 IT TPE-ENT Glut",TRUE,0.616404136330751,0.381419338929125,1.02463131966775,0.594169853602255,4.01838497787264,2,2.00919248893632,"underconfident_correct","hierarchy"
19,"raw",3,0.9,"fugw","004 L6 IT CTX Glut",TRUE,0.704052813025071,0.408105626050143,0.607391152871048,2.0791511188314,7.93452385723464,11,0.721320350657695,"underconfident_correct","hierarchy"
19,"raw",3,0.9,"fugw","005 L5 IT CTX Glut",TRUE,0.8005965983841,0.6011931967682,0.499574249451534,1.09764572560285,4.55632887979772,4,1.13908221994943,"underconfident_correct","hierarchy"
19,"raw",3,0.9,"fugw","006 L4/5 IT CTX Glut",TRUE,1,1,-2.22044604925031e-16,2.47918231926783,11.9315042669043,13,0.917808020531101,"confident_correct","hierarchy"
19,"raw",3,0.9,"fugw","007 L2/3 IT CTX Glut",TRUE,0.98271641839872,0.96543283679744,0.0872700967036152,1.38623392433792,4.26117495758441,4,1.0652937393961,"confident_correct","hierarchy"
19,"raw",3,0.9,"fugw","022 L5 ET CTX Glut",TRUE,1,1,0,1.79173322760722,5.99984255234081,6,0.999973758723469,"confident_correct","hierarchy"
19,"raw",3,0.9,"fugw","027 L6b CTX Glut",TRUE,0.936032612144012,0.872065224288024,0.237747177130401,0.69314607556434,2.42675387122279,2,1.21337693561139,"confident_correct","hierarchy"
19,"raw",3,0.9,"fugw","028 L6 CT CTX Glut",TRUE,1,1,1.11022302462516e-16,2.05197415766596,7.78325131470466,8,0.972906414338083,"confident_correct","hierarchy"
19,"raw",3,0.9,"fugw","030 L5 NP CTX Glut",TRUE,1,1,0,1.3862130641752,3.99967482543926,4,0.999918706359814,"confident_correct","hierarchy"
19,"raw",3,0.9,"fugw","036 Vip Gaba",TRUE,1,1,1.11022302462516e-16,2.0793966165199,7.99964060679347,8,0.999955075849184,"confident_correct","hierarchy"
19,"raw",3,0.9,"fugw","037 Sncg Gaba",TRUE,0.999992193256416,0.999984386512831,9.96180977462477e-05,1.09861182015022,3.00027173130281,3,1.00009057710094,"confident_correct","hierarchy"
19,"raw",3,0.9,"fugw","039 Lamp5 Gaba",TRUE,1,1,0,1.38607538672199,3.99912419830096,4,0.99978104957524,"confident_correct","hierarchy"
19,"raw",3,0.9,"fugw","041 Pvalb chandelier Gaba",TRUE,1,1,0,0,1,1,1,"confident_correct","hierarchy"
19,"raw",3,0.9,"fugw","042 Pvalb Gaba",TRUE,1,1,0,2.07934893995096,7.99925922046827,8,0.999907402558534,"confident_correct","hierarchy"
19,"raw",3,0.9,"fugw","043 Sst Gaba",TRUE,1,1,0,2.63892085221426,13.9980894467627,14,0.999863531911622,"confident_correct","hierarchy"
19,"raw",3,0.9,"fugw","046 Sst Chodl Gaba",TRUE,1,1,0,0,1,1,1,"confident_correct","hierarchy"
19,"raw",3,0.9,"fugw","287 Astro-TE NN",TRUE,1,1,0,0,1,1,1,"confident_correct","hierarchy"
19,"raw",3,0.9,"fugw","294 OPC NN",TRUE,0.999951514467742,0.999903028935483,0.000530151518485633,0,1.00053029207364,1,1.00053029207364,"confident_correct","hierarchy"
19,"raw",3,0.9,"fugw","295 Oligo NN",TRUE,1,1,2.22044604925031e-16,1.38621172142635,3.99966945488411,4,0.999917363721027,"confident_correct","hierarchy"
19,"raw",3,0.9,"fugw","299 Peri NN",TRUE,1,1,0,0,1,1,1,"confident_correct","hierarchy"
19,"raw",3,0.9,"fugw","301 Endo NN",TRUE,1,1,0,0,1,1,1,"confident_correct","hierarchy"
19,"raw",3,0.9,"fugw","302 Microglia NN",TRUE,1,1,0,0,1,1,1,"confident_correct","hierarchy"
20,"raw",3,1,"uot_molecular","001 Car3 Glut",TRUE,0.969924778209022,0.939850571216169,0.135015016790755,0,1.14455401829689,1,1.14455401829689,"confident_correct","hierarchy"
20,"raw",3,1,"uot_molecular","003 L5/6 IT TPE-ENT Glut",TRUE,0.630848626524926,0.388705401033372,0.982415810036589,0.553990056255119,3.87333671022552,2,1.93666835511276,"underconfident_correct","hierarchy"
20,"raw",3,1,"uot_molecular","004 L6 IT CTX Glut",TRUE,0.668433327534127,0.336894261897499,0.635569514624296,2.1224840292675,7.80144213408703,11,0.70922201218973,"underconfident_correct","hierarchy"
20,"raw",3,1,"uot_molecular","005 L5 IT CTX Glut",TRUE,0.747515428460758,0.511193750953471,0.636018283503517,1.09596917745737,5.67067226483556,4,1.41766806620889,"underconfident_correct","hierarchy"
20,"raw",3,1,"uot_molecular","006 L4/5 IT CTX Glut",TRUE,0.96649990390044,0.93301068597427,0.146811323496176,2.48394259058588,12.7757163509679,13,0.982747411612913,"confident_correct","hierarchy"
20,"raw",3,1,"uot_molecular","007 L2/3 IT CTX Glut",TRUE,0.999915643247399,0.999842303565541,0.000908348533456087,1.38629149151061,4.00316128212543,4,1.00079032053136,"confident_correct","hierarchy"
20,"raw",3,1,"uot_molecular","022 L5 ET CTX Glut",TRUE,0.999997319089783,0.999994862876557,3.784731883263e-05,1.79175819713911,6.00019063315053,6,1.00003177219176,"confident_correct","hierarchy"
20,"raw",3,1,"uot_molecular","027 L6b CTX Glut",TRUE,0.950541902939655,0.901099305107856,0.197057087407929,0.692929794687909,2.35324846196222,2,1.17662423098111,"confident_correct","hierarchy"
20,"raw",3,1,"uot_molecular","028 L6 CT CTX Glut",TRUE,0.969483825860253,0.940661659513204,0.143076828346465,2.06758784456382,8.65554001066083,8,1.0819425013326,"confident_correct","hierarchy"
20,"raw",3,1,"uot_molecular","030 L5 NP CTX Glut",TRUE,0.997456349337988,0.994916274317047,0.0177636311750553,1.38627849024479,4.06134319090346,4,1.01533579772586,"confident_correct","hierarchy"
20,"raw",3,1,"uot_molecular","036 Vip Gaba",TRUE,0.961114122441519,0.933480052187135,0.187797198635919,2.07391978260583,9.05782295227858,8,1.13222786903482,"confident_correct","hierarchy"
20,"raw",3,1,"uot_molecular","037 Sncg Gaba",TRUE,0.954721733942149,0.915368314655416,0.201939173685554,1.09852821954294,3.54122993081731,3,1.1804099769391,"confident_correct","hierarchy"
20,"raw",3,1,"uot_molecular","039 Lamp5 Gaba",TRUE,0.989112763146328,0.979016844842667,0.0631023006609328,1.38567835975077,4.21797155837863,4,1.05449288959466,"confident_correct","hierarchy"
20,"raw",3,1,"uot_molecular","041 Pvalb chandelier Gaba",TRUE,0.982389950750353,0.964782101390551,0.0886095324304123,0,1.1071255223513,1,1.1071255223513,"confident_correct","hierarchy"
20,"raw",3,1,"uot_molecular","042 Pvalb Gaba",TRUE,0.987114791983786,0.974386565133061,0.0697222800619303,2.078868974273,8.34645683743007,8,1.04330710467876,"confident_correct","hierarchy"
20,"raw",3,1,"uot_molecular","043 Sst Gaba",TRUE,0.982268055230157,0.964717630640537,0.0900881594110918,2.63744366487052,14.596841715658,14,1.04263155111843,"confident_correct","hierarchy"
20,"raw",3,1,"uot_molecular","046 Sst Chodl Gaba",TRUE,0.977970072897016,0.955971527025249,0.10607589428226,0,1.13320613892035,1,1.13320613892035,"confident_correct","hierarchy"
20,"raw",3,1,"uot_molecular","287 Astro-TE NN",TRUE,0.988972913922601,0.981837476337202,0.0698454139242462,0,1.072353468885,1,1.072353468885,"confident_correct","hierarchy"
20,"raw",3,1,"uot_molecular","294 OPC NN",TRUE,0.980396962150426,0.963713887070906,0.104741375183138,0,1.11261706936924,1,1.11261706936924,"confident_correct","hierarchy"
20,"raw",3,1,"uot_molecular","295 Oligo NN",TRUE,0.990903934875815,0.985874408798207,0.0625060704212551,1.38580365650309,4.20260414056338,4,1.05065103514084,"confident_correct","hierarchy"
20,"raw",3,1,"uot_molecular","299 Peri NN",TRUE,0.976546134321029,0.958886296995133,0.127697482400276,0,1.13620922843528,1,1.13620922843528,"confident_correct","hierarchy"
20,"raw",3,1,"uot_molecular","301 Endo NN",TRUE,0.976171696576045,0.955215285379118,0.122804661842369,0,1.13066662313632,1,1.13066662313632,"confident_correct","hierarchy"
20,"raw",3,1,"uot_molecular","302 Microglia NN",TRUE,0.994287981497009,0.989833972253054,0.0382824322289867,0,1.03903115870712,1,1.03903115870712,"confident_correct","hierarchy"
21,"clip",0.3,0,"gw_only","001 Car3 Glut",FALSE,0,0.000160525028125302,0.693147167675803,NA,23.9161950898483,1,23.9161950898483,"cross_family_failure","hierarchy"
21,"clip",0.3,0,"gw_only","003 L5/6 IT TPE-ENT Glut",FALSE,0,1,0,NA,3.99997671058736,2,1.99998835529368,"cross_family_failure","hierarchy"
21,"clip",0.3,0,"gw_only","004 L6 IT CTX Glut",TRUE,0.500080262514063,0.000160525028125302,0.693147167675803,2.39789486977723,23.9161950898483,11,2.17419955362257,"underconfident_correct","hierarchy"
21,"clip",0.3,0,"gw_only","005 L5 IT CTX Glut",FALSE,0,0.999999569937782,3.51629255499959e-06,NA,3.99994334439933,4,0.999985836099834,"cross_family_failure","hierarchy"
21,"clip",0.3,0,"gw_only","006 L4/5 IT CTX Glut",FALSE,0,1,0,NA,1,13,0.0769230769230769,"cross_family_failure","hierarchy"
21,"clip",0.3,0,"gw_only","007 L2/3 IT CTX Glut",FALSE,2.69495112664573e-06,0.999994610097747,3.72553524036935e-05,0.218095229100979,2.00007195151545,4,0.500017987878862,"cross_family_failure","hierarchy"
21,"clip",0.3,0,"gw_only","022 L5 ET CTX Glut",TRUE,1,1,-2.22044604925031e-16,1.79175946922805,6,6,1,"confident_correct","hierarchy"
21,"clip",0.3,0,"gw_only","027 L6b CTX Glut",FALSE,0,0.000572658972308737,0.693147016590787,NA,4.00158616408592,2,2.00079308204296,"cross_family_failure","hierarchy"
21,"clip",0.3,0,"gw_only","028 L6 CT CTX Glut",FALSE,0,1,0,NA,2,8,0.25,"cross_family_failure","hierarchy"
21,"clip",0.3,0,"gw_only","030 L5 NP CTX Glut",FALSE,0,0.000572658972308737,0.693147016590787,NA,4.00158616408592,4,1.00039654102148,"cross_family_failure","hierarchy"
21,"clip",0.3,0,"gw_only","036 Vip Gaba",FALSE,0,1,0,NA,1,8,0.125,"cross_family_failure","hierarchy"
21,"clip",0.3,0,"gw_only","037 Sncg Gaba",FALSE,0,1,0,NA,3.99997756246672,3,1.33332585415557,"cross_family_failure","hierarchy"
21,"clip",0.3,0,"gw_only","039 Lamp5 Gaba",FALSE,0,1,0,NA,1,4,0.25,"cross_family_failure","hierarchy"
21,"clip",0.3,0,"gw_only","041 Pvalb chandelier Gaba",FALSE,0,1,2.22044604925031e-16,NA,13.9999536136138,1,13.9999536136138,"cross_family_failure","hierarchy"
21,"clip",0.3,0,"gw_only","042 Pvalb Gaba",TRUE,1,1,1.11022302462516e-16,2.07943707973576,7.99996430452699,8,0.999995538065873,"confident_correct","hierarchy"
21,"clip",0.3,0,"gw_only","043 Sst Gaba",FALSE,0,1,0,NA,1,14,0.0714285714285714,"cross_family_failure","hierarchy"
21,"clip",0.3,0,"gw_only","046 Sst Chodl Gaba",FALSE,0,1,0,NA,1,1,1,"cross_family_failure","hierarchy"
21,"clip",0.3,0,"gw_only","287 Astro-TE NN",FALSE,0,1,0,NA,1,1,1,"cross_family_failure","hierarchy"
21,"clip",0.3,0,"gw_only","294 OPC NN",FALSE,0,1,0,NA,7.99996555266939,1,7.99996555266939,"cross_family_failure","hierarchy"
21,"clip",0.3,0,"gw_only","295 Oligo NN",FALSE,0,1,1.11022302462516e-16,NA,7.99997988107149,4,1.99999497026787,"cross_family_failure","hierarchy"
21,"clip",0.3,0,"gw_only","299 Peri NN",FALSE,0,1,0,NA,3.99992744498132,1,3.99992744498132,"cross_family_failure","hierarchy"
21,"clip",0.3,0,"gw_only","301 Endo NN",FALSE,0,1,0,NA,3,1,3,"cross_family_failure","hierarchy"
21,"clip",0.3,0,"gw_only","302 Microglia NN",FALSE,0,1,0,NA,1,1,1,"cross_family_failure","hierarchy"
22,"clip",0.3,0.1,"fugw","001 Car3 Glut",TRUE,1,1,0,0,1,1,1,"confident_correct","hierarchy"
22,"clip",0.3,0.1,"fugw","003 L5/6 IT TPE-ENT Glut",TRUE,0.999990923023904,0.999981846047808,0.000114458534677166,0.693147053126375,2.00021609051669,2,1.00010804525834,"confident_correct","hierarchy"
22,"clip",0.3,0.1,"fugw","004 L6 IT CTX Glut",TRUE,0.919926678265262,0.839853356530524,0.278948412377975,2.30257385507286,10.9917779072965,11,0.999252537026953,"confident_correct","hierarchy"
22,"clip",0.3,0.1,"fugw","005 L5 IT CTX Glut",TRUE,0.911812542816022,0.823625085632043,0.298324081303488,1.37036472731076,4.70130358090144,4,1.17532589522536,"confident_correct","hierarchy"
22,"clip",0.3,0.1,"fugw","006 L4/5 IT CTX Glut",TRUE,1,1,-2.22044604925031e-16,2.56488194520822,12.9991236702448,13,0.999932590018834,"confident_correct","hierarchy"
22,"clip",0.3,0.1,"fugw","007 L2/3 IT CTX Glut",TRUE,1,1,0,1.38627718698324,3.99993130404328,4,0.99998282601082,"confident_correct","hierarchy"
22,"clip",0.3,0.1,"fugw","022 L5 ET CTX Glut",TRUE,1,1,-2.22044604925031e-16,1.79175946922805,6,6,1,"confident_correct","hierarchy"
22,"clip",0.3,0.1,"fugw","027 L6b CTX Glut",TRUE,1,1,0,0.693147180559945,2,2,1,"confident_correct","hierarchy"
22,"clip",0.3,0.1,"fugw","028 L6 CT CTX Glut",TRUE,1,1,0,2.07943576444217,7.99995378223218,8,0.999994222779022,"confident_correct","hierarchy"
22,"clip",0.3,0.1,"fugw","030 L5 NP CTX Glut",TRUE,1,1,0,1.38628844498594,3.99997633553421,4,0.999994083883552,"confident_correct","hierarchy"
22,"clip",0.3,0.1,"fugw","036 Vip Gaba",TRUE,1,1,0,2.07943716420883,7.99996498030862,8,0.999995622538577,"confident_correct","hierarchy"
22,"clip",0.3,0.1,"fugw","037 Sncg Gaba",TRUE,1,1,0,1.09861228866811,3,3,1,"confident_correct","hierarchy"
22,"clip",0.3,0.1,"fugw","039 Lamp5 Gaba",TRUE,1,1,-2.22044604925031e-16,1.3862765727489,3.99992884714889,4,0.999982211787223,"confident_correct","hierarchy"
22,"clip",0.3,0.1,"fugw","041 Pvalb chandelier Gaba",TRUE,1,1,0,0,1,1,1,"confident_correct","hierarchy"
22,"clip",0.3,0.1,"fugw","042 Pvalb Gaba",TRUE,1,1,1.11022302462516e-16,2.0794371644971,7.99996498261475,8,0.999995622826844,"confident_correct","hierarchy"
22,"clip",0.3,0.1,"fugw","043 Sst Gaba",TRUE,1,1,1.11022302462516e-16,2.63905407890505,13.9999544901311,14,0.999996749295078,"confident_correct","hierarchy"
22,"clip",0.3,0.1,"fugw","046 Sst Chodl Gaba",TRUE,1,1,0,0,1,1,1,"confident_correct","hierarchy"
22,"clip",0.3,0.1,"fugw","287 Astro-TE NN",TRUE,1,1,0,0,1,1,1,"confident_correct","hierarchy"
22,"clip",0.3,0.1,"fugw","294 OPC NN",TRUE,1,1,0,0,1,1,1,"confident_correct","hierarchy"
22,"clip",0.3,0.1,"fugw","295 Oligo NN",TRUE,1,1,0,1.38628839020525,3.99997611641274,4,0.999994029103185,"confident_correct","hierarchy"
22,"clip",0.3,0.1,"fugw","299 Peri NN",FALSE,0,1,0,NA,1,1,1,"cross_family_failure","hierarchy"
22,"clip",0.3,0.1,"fugw","301 Endo NN",FALSE,0,1,0,NA,1,1,1,"cross_family_failure","hierarchy"
22,"clip",0.3,0.1,"fugw","302 Microglia NN",TRUE,1,1,0,0,1,1,1,"confident_correct","hierarchy"
23,"clip",0.3,0.25,"fugw","001 Car3 Glut",TRUE,1,1,0,0,1,1,1,"confident_correct","hierarchy"
23,"clip",0.3,0.25,"fugw","003 L5/6 IT TPE-ENT Glut",TRUE,0.706880540318797,0.482095946104527,0.764096253551041,0.646927509873964,3.39192199625397,2,1.69596099812698,"underconfident_correct","hierarchy"
23,"clip",0.3,0.25,"fugw","004 L6 IT CTX Glut",TRUE,0.786633197952641,0.573266395905283,0.518383401871042,2.19716583074491,9.45692224211184,11,0.85972020382835,"underconfident_correct","hierarchy"
23,"clip",0.3,0.25,"fugw","005 L5 IT CTX Glut",TRUE,0.808078471181199,0.616156942362398,0.488997236099126,1.09840923494353,4.5250115290111,4,1.13125288225278,"underconfident_correct","hierarchy"
23,"clip",0.3,0.25,"fugw","006 L4/5 IT CTX Glut",TRUE,1,1,0,2.48469586617801,11.9974708632397,13,0.922882374095363,"confident_correct","hierarchy"
23,"clip",0.3,0.25,"fugw","007 L2/3 IT CTX Glut",TRUE,1,1,0,1.38627713494531,3.99993109589517,4,0.999982773973791,"confident_correct","hierarchy"
23,"clip",0.3,0.25,"fugw","022 L5 ET CTX Glut",TRUE,1,1,1.11022302462516e-16,1.79175946922805,6,6,1,"confident_correct","hierarchy"
23,"clip",0.3,0.25,"fugw","027 L6b CTX Glut",TRUE,1,1,0,0.693147180559945,2,2,1,"confident_correct","hierarchy"
23,"clip",0.3,0.25,"fugw","028 L6 CT CTX Glut",TRUE,1,1,0,2.07942010200202,7.9998284844161,8,0.999978560552013,"confident_correct","hierarchy"
23,"clip",0.3,0.25,"fugw","030 L5 NP CTX Glut",TRUE,1,1,0,1.38628842812234,3.99997626808022,4,0.999994067020054,"confident_correct","hierarchy"
23,"clip",0.3,0.25,"fugw","036 Vip Gaba",TRUE,1,1,1.11022302462516e-16,2.07943715198457,7.99996488251493,8,0.999995610314366,"confident_correct","hierarchy"
23,"clip",0.3,0.25,"fugw","037 Sncg Gaba",TRUE,1,1,0,1.09861228866811,3,3,1,"confident_correct","hierarchy"
23,"clip",0.3,0.25,"fugw","039 Lamp5 Gaba",TRUE,1,1,0,1.38627652225504,3.99992864517704,4,0.99998216129426,"confident_correct","hierarchy"
23,"clip",0.3,0.25,"fugw","041 Pvalb chandelier Gaba",TRUE,1,1,0,0,1,1,1,"confident_correct","hierarchy"
23,"clip",0.3,0.25,"fugw","042 Pvalb Gaba",TRUE,1,1,2.22044604925031e-16,2.0794371522728,7.9999648848208,8,0.9999956106026,"confident_correct","hierarchy"
23,"clip",0.3,0.25,"fugw","043 Sst Gaba",TRUE,1,1,1.11022302462516e-16,2.63905406967624,13.9999543609282,14,0.999996740066297,"confident_correct","hierarchy"
23,"clip",0.3,0.25,"fugw","046 Sst Chodl Gaba",TRUE,1,1,0,0,1,1,1,"confident_correct","hierarchy"
23,"clip",0.3,0.25,"fugw","287 Astro-TE NN",TRUE,1,1,0,0,1,1,1,"confident_correct","hierarchy"
23,"clip",0.3,0.25,"fugw","294 OPC NN",TRUE,1,1,0,0,1,1,1,"confident_correct","hierarchy"
23,"clip",0.3,0.25,"fugw","295 Oligo NN",TRUE,1,1,1.11022302462516e-16,1.38628837502152,3.99997605567818,4,0.999994013919546,"confident_correct","hierarchy"
23,"clip",0.3,0.25,"fugw","299 Peri NN",FALSE,0,1,0,NA,1,1,1,"cross_family_failure","hierarchy"
23,"clip",0.3,0.25,"fugw","301 Endo NN",FALSE,0,1,0,NA,1,1,1,"cross_family_failure","hierarchy"
23,"clip",0.3,0.25,"fugw","302 Microglia NN",TRUE,1,1,0,0,1,1,1,"confident_correct","hierarchy"
24,"clip",0.3,0.5,"fugw","001 Car3 Glut",TRUE,0.995443101357671,0.990886202715342,0.0291132557247581,0,1.02954118930605,1,1.02954118930605,"confident_correct","hierarchy"
24,"clip",0.3,0.5,"fugw","003 L5/6 IT TPE-ENT Glut",TRUE,0.529775293501945,0.296027205594975,1.16184182610992,0.343433209451411,4.2992257910176,2,2.1496128955088,"underconfident_correct","hierarchy"
24,"clip",0.3,0.5,"fugw","004 L6 IT CTX Glut",TRUE,0.593082850131527,0.186165700263054,0.675716836447747,1.94551833565794,6.23120913070433,11,0.566473557336757,"underconfident_correct","hierarchy"
24,"clip",0.3,0.5,"fugw","005 L5 IT CTX Glut",TRUE,0.80433033782661,0.60866067565322,0.494340380209677,1.09712734379501,4.53741413877126,4,1.13435353469281,"underconfident_correct","hierarchy"
24,"clip",0.3,0.5,"fugw","006 L4/5 IT CTX Glut",TRUE,1,1,0,2.48291294747859,11.9760994055391,13,0.921238415810697,"confident_correct","hierarchy"
24,"clip",0.3,0.5,"fugw","007 L2/3 IT CTX Glut",TRUE,0.997839886458327,0.995679772916653,0.0154156797925166,1.38627709629454,4.04992458581572,4,1.01248114645393,"confident_correct","hierarchy"
24,"clip",0.3,0.5,"fugw","022 L5 ET CTX Glut",TRUE,1,1,-2.22044604925031e-16,1.79175946922805,6,6,1,"confident_correct","hierarchy"
24,"clip",0.3,0.5,"fugw","027 L6b CTX Glut",TRUE,1,1,0,0.693147180559945,2,2,1,"confident_correct","hierarchy"
24,"clip",0.3,0.5,"fugw","028 L6 CT CTX Glut",TRUE,1,1,0,2.07930064017106,7.99887286733897,8,0.999859108417372,"confident_correct","hierarchy"
24,"clip",0.3,0.5,"fugw","030 L5 NP CTX Glut",TRUE,1,1,0,1.38628840135424,3.99997616100842,4,0.999994040252106,"confident_correct","hierarchy"
24,"clip",0.3,0.5,"fugw","036 Vip Gaba",TRUE,1,1,0,2.07943713321351,7.99996473234713,8,0.999995591543391,"confident_correct","hierarchy"
24,"clip",0.3,0.5,"fugw","037 Sncg Gaba",TRUE,1,1,0,1.09861228866811,3,3,1,"confident_correct","hierarchy"
24,"clip",0.3,0.5,"fugw","039 Lamp5 Gaba",TRUE,1,1,0,1.38627644432552,3.99992833346454,4,0.999982083366134,"confident_correct","hierarchy"
24,"clip",0.3,0.5,"fugw","041 Pvalb chandelier Gaba",TRUE,1,1,0,0,1,1,1,"confident_correct","hierarchy"
24,"clip",0.3,0.5,"fugw","042 Pvalb Gaba",TRUE,1,1,0,2.07943713350004,7.99996473463932,8,0.999995591829915,"confident_correct","hierarchy"
24,"clip",0.3,0.5,"fugw","043 Sst Gaba",TRUE,1,1,0,2.63905405594315,13.9999541686655,14,0.999996726333247,"confident_correct","hierarchy"
24,"clip",0.3,0.5,"fugw","046 Sst Chodl Gaba",TRUE,1,1,0,0,1,1,1,"confident_correct","hierarchy"
24,"clip",0.3,0.5,"fugw","287 Astro-TE NN",TRUE,1,1,0,0,1,1,1,"confident_correct","hierarchy"
24,"clip",0.3,0.5,"fugw","294 OPC NN",TRUE,1,1,0,0,1,1,1,"confident_correct","hierarchy"
24,"clip",0.3,0.5,"fugw","295 Oligo NN",TRUE,1,1,1.11022302462516e-16,1.38628834832654,3.99997594889889,4,0.999993987224721,"confident_correct","hierarchy"
24,"clip",0.3,0.5,"fugw","299 Peri NN",FALSE,0,1,0,NA,1,1,1,"cross_family_failure","hierarchy"
24,"clip",0.3,0.5,"fugw","301 Endo NN",FALSE,0,1,0,NA,1,1,1,"cross_family_failure","hierarchy"
24,"clip",0.3,0.5,"fugw","302 Microglia NN",TRUE,1,1,0,0,1,1,1,"confident_correct","hierarchy"
25,"clip",0.3,0.75,"fugw","001 Car3 Glut",TRUE,0.949804407909561,0.899608815819122,0.199090750119929,0,1.22029270258422,1,1.22029270258422,"confident_correct","hierarchy"
25,"clip",0.3,0.75,"fugw","003 L5/6 IT TPE-ENT Glut",TRUE,0.550385329930526,0.324033402045473,1.13761823956602,0.475994939497762,4.51090793620623,2,2.25545396810311,"underconfident_correct","hierarchy"
25,"clip",0.3,0.75,"fugw","004 L6 IT CTX Glut",TRUE,0.628318858359192,0.256637716718384,0.659844354019154,2.03349893366503,6.94158463823577,11,0.631053148930525,"underconfident_correct","hierarchy"
25,"clip",0.3,0.75,"fugw","005 L5 IT CTX Glut",TRUE,0.839967558403585,0.67993511680717,0.439723671052191,1.08624618457593,4.24247853648564,4,1.06061963412141,"underconfident_correct","hierarchy"
25,"clip",0.3,0.75,"fugw","006 L4/5 IT CTX Glut",TRUE,1,1,0,2.38465918463819,10.8553623601457,13,0.835027873857358,"confident_correct","hierarchy"
25,"clip",0.3,0.75,"fugw","007 L2/3 IT CTX Glut",TRUE,0.933451881335153,0.866903762670306,0.244617058828363,1.38627810614526,4.65825523558717,4,1.16456380889679,"confident_correct","hierarchy"
25,"clip",0.3,0.75,"fugw","022 L5 ET CTX Glut",TRUE,1,1,-2.22044604925031e-16,1.79175946922805,6,6,1,"confident_correct","hierarchy"
25,"clip",0.3,0.75,"fugw","027 L6b CTX Glut",TRUE,0.915636116327492,0.831272232654983,0.289300209236641,0.693147180559945,2.51927409298658,2,1.25963704649329,"confident_correct","hierarchy"
25,"clip",0.3,0.75,"fugw","028 L6 CT CTX Glut",TRUE,1,1,1.11022302462516e-16,2.01799557135844,7.5232300326354,8,0.940403754079425,"confident_correct","hierarchy"
25,"clip",0.3,0.75,"fugw","030 L5 NP CTX Glut",TRUE,1,1,2.22044604925031e-16,1.38628833684648,3.99997590297895,4,0.999993975744737,"confident_correct","hierarchy"
25,"clip",0.3,0.75,"fugw","036 Vip Gaba",TRUE,1,1,0,2.07943708613716,7.99996435573798,8,0.999995544467248,"confident_correct","hierarchy"
25,"clip",0.3,0.75,"fugw","037 Sncg Gaba",TRUE,1,1,0,1.09861228866811,3,3,1,"confident_correct","hierarchy"
25,"clip",0.3,0.75,"fugw","039 Lamp5 Gaba",TRUE,1,1,0,1.38627625281696,3.9999275674441,4,0.999981891861025,"confident_correct","hierarchy"
25,"clip",0.3,0.75,"fugw","041 Pvalb chandelier Gaba",TRUE,1,1,0,0,1,1,1,"confident_correct","hierarchy"
25,"clip",0.3,0.75,"fugw","042 Pvalb Gaba",TRUE,1,1,0,2.07943708618068,7.99996435608618,8,0.999995544510773,"confident_correct","hierarchy"
25,"clip",0.3,0.75,"fugw","043 Sst Gaba",TRUE,1,1,2.22044604925031e-16,2.63905402100635,13.9999536795518,14,0.999996691396561,"confident_correct","hierarchy"
25,"clip",0.3,0.75,"fugw","046 Sst Chodl Gaba",TRUE,1,1,0,0,1,1,1,"confident_correct","hierarchy"
25,"clip",0.3,0.75,"fugw","287 Astro-TE NN",TRUE,1,1,0,0,1,1,1,"confident_correct","hierarchy"
25,"clip",0.3,0.75,"fugw","294 OPC NN",TRUE,1,1,0,0,1,1,1,"confident_correct","hierarchy"
25,"clip",0.3,0.75,"fugw","295 Oligo NN",TRUE,1,1,0,1.38628828388573,3.99997569113722,4,0.999993922784305,"confident_correct","hierarchy"
25,"clip",0.3,0.75,"fugw","299 Peri NN",FALSE,0,1,0,NA,1,1,1,"cross_family_failure","hierarchy"
25,"clip",0.3,0.75,"fugw","301 Endo NN",FALSE,0,1,0,NA,1,1,1,"cross_family_failure","hierarchy"
25,"clip",0.3,0.75,"fugw","302 Microglia NN",TRUE,1,1,0,0,1,1,1,"confident_correct","hierarchy"
26,"clip",0.3,0.9,"fugw","001 Car3 Glut",TRUE,0.808397615088746,0.61679619758287,0.488550889558576,0,1.62995252651739,1,1.62995252651739,"underconfident_correct","hierarchy"
26,"clip",0.3,0.9,"fugw","003 L5/6 IT TPE-ENT Glut",TRUE,0.626735772836259,0.432095678674071,1.0325320053455,0.678164772007562,4.66148366687289,2,2.33074183343645,"underconfident_correct","hierarchy"
26,"clip",0.3,0.9,"fugw","004 L6 IT CTX Glut",TRUE,0.826611028382809,0.653222056765617,0.4612193730986,2.07434324608482,8.8100611153196,11,0.800914646847236,"underconfident_correct","hierarchy"
26,"clip",0.3,0.9,"fugw","005 L5 IT CTX Glut",TRUE,0.764186036531959,0.559295187327079,0.637828711139786,0.55114227994635,2.88349743813781,4,0.720874359534454,"underconfident_correct","hierarchy"
26,"clip",0.3,0.9,"fugw","006 L4/5 IT CTX Glut",TRUE,1,1,1.11022302462516e-16,2.25455413060608,9.53104276236273,13,0.733157135566364,"confident_correct","hierarchy"
26,"clip",0.3,0.9,"fugw","007 L2/3 IT CTX Glut",TRUE,0.936813926157994,0.873627852315987,0.235645578137263,1.38627764073078,4.63821585133688,4,1.15955396283422,"confident_correct","hierarchy"
26,"clip",0.3,0.9,"fugw","022 L5 ET CTX Glut",TRUE,1,1,-2.22044604925031e-16,1.79175946922805,6,6,1,"confident_correct","hierarchy"
26,"clip",0.3,0.9,"fugw","027 L6b CTX Glut",TRUE,0.893197799514608,0.786395599029217,0.339776889476743,0.693147180559945,2.60881064496837,2,1.30440532248419,"underconfident_correct","hierarchy"
26,"clip",0.3,0.9,"fugw","028 L6 CT CTX Glut",TRUE,1,1,1.11022302462516e-16,1.94413198113482,6.98756388458409,8,0.873445485573011,"confident_correct","hierarchy"
26,"clip",0.3,0.9,"fugw","030 L5 NP CTX Glut",TRUE,1,1,0,1.3862881993945,3.99997535317435,4,0.999993838293588,"confident_correct","hierarchy"
26,"clip",0.3,0.9,"fugw","036 Vip Gaba",TRUE,0.999999999872658,0.999999999745316,3.02872185481359e-09,2.07943698517876,7.99996357122478,8,0.999995446403098,"confident_correct","hierarchy"
26,"clip",0.3,0.9,"fugw","037 Sncg Gaba",TRUE,0.99999999793993,0.999999995879861,4.32625433726913e-08,1.09861228866811,3.00000013067131,3,1.0000000435571,"confident_correct","hierarchy"
26,"clip",0.3,0.9,"fugw","039 Lamp5 Gaba",TRUE,1,1,0,1.3862758360987,3.99992590060159,4,0.999981475150397,"confident_correct","hierarchy"
26,"clip",0.3,0.9,"fugw","041 Pvalb chandelier Gaba",TRUE,1,1,0,0,1,1,1,"confident_correct","hierarchy"
26,"clip",0.3,0.9,"fugw","042 Pvalb Gaba",TRUE,1,1,-2.22044604925031e-16,2.07943698521537,7.9999635483673,8,0.999995443545913,"confident_correct","hierarchy"
26,"clip",0.3,0.9,"fugw","043 Sst Gaba",TRUE,1,1,0,2.63905394639601,13.9999526350106,14,0.999996616786471,"confident_correct","hierarchy"
26,"clip",0.3,0.9,"fugw","046 Sst Chodl Gaba",TRUE,1,1,0,0,1,1,1,"confident_correct","hierarchy"
26,"clip",0.3,0.9,"fugw","287 Astro-TE NN",TRUE,1,1,0,0,1,1,1,"confident_correct","hierarchy"
26,"clip",0.3,0.9,"fugw","294 OPC NN",TRUE,1,1,0,0,1,1,1,"confident_correct","hierarchy"
26,"clip",0.3,0.9,"fugw","295 Oligo NN",TRUE,1,1,0,1.38628814365855,3.99997513023197,4,0.999993782557992,"confident_correct","hierarchy"
26,"clip",0.3,0.9,"fugw","299 Peri NN",FALSE,0,1,0,NA,1,1,1,"cross_family_failure","hierarchy"
26,"clip",0.3,0.9,"fugw","301 Endo NN",FALSE,0,1,0,NA,1,1,1,"cross_family_failure","hierarchy"
26,"clip",0.3,0.9,"fugw","302 Microglia NN",TRUE,1,1,0,0,1,1,1,"confident_correct","hierarchy"
27,"clip",0.3,1,"uot_molecular","001 Car3 Glut",TRUE,0.926288598827192,0.856759438864997,0.279196510851155,0,1.32206711887921,1,1.32206711887921,"confident_correct","hierarchy"
27,"clip",0.3,1,"uot_molecular","003 L5/6 IT TPE-ENT Glut",TRUE,0.527951256668077,0.292226347433043,1.16450182857412,0.372168897077709,4.36882460043469,2,2.18441230021734,"underconfident_correct","hierarchy"
27,"clip",0.3,1,"uot_molecular","004 L6 IT CTX Glut",TRUE,0.571658108270362,0.143316216540725,0.682841963491694,1.88704085343831,5.82165256897325,11,0.529241142633932,"underconfident_correct","hierarchy"
27,"clip",0.3,1,"uot_molecular","005 L5 IT CTX Glut",TRUE,0.793464445461012,0.586928897309386,0.509330334690023,1.09342223204554,4.57134668160903,4,1.14283667040226,"underconfident_correct","hierarchy"
27,"clip",0.3,1,"uot_molecular","006 L4/5 IT CTX Glut",TRUE,1,1,0,2.3919759109433,10.9350793535553,13,0.841159950273481,"confident_correct","hierarchy"
27,"clip",0.3,1,"uot_molecular","007 L2/3 IT CTX Glut",TRUE,0.929725846693099,0.859451693386197,0.254347519788806,1.38629436111989,4.67964016169543,4,1.16991004042386,"confident_correct","hierarchy"
27,"clip",0.3,1,"uot_molecular","022 L5 ET CTX Glut",TRUE,1,1,-2.22044604925031e-16,1.79175946922805,6,6,1,"confident_correct","hierarchy"
27,"clip",0.3,1,"uot_molecular","027 L6b CTX Glut",TRUE,0.904651180336131,0.809407535329757,0.315562725008611,0.69267231424433,2.56559277086543,2,1.28279638543272,"confident_correct","hierarchy"
27,"clip",0.3,1,"uot_molecular","028 L6 CT CTX Glut",TRUE,0.999999996927496,0.999999993854992,6.32959523758617e-08,2.01128249280086,7.47289556532296,8,0.93411194566537,"confident_correct","hierarchy"
27,"clip",0.3,1,"uot_molecular","030 L5 NP CTX Glut",TRUE,0.971555348546419,0.943110697092838,0.12929334293881,1.38629434206278,4.3760873480629,4,1.09402183701573,"confident_correct","hierarchy"
27,"clip",0.3,1,"uot_molecular","036 Vip Gaba",TRUE,0.548642272751704,0.16174882131578,0.87348912134231,2.02961278862289,11.0289849142683,8,1.37862311428354,"underconfident_correct","hierarchy"
27,"clip",0.3,1,"uot_molecular","037 Sncg Gaba",TRUE,0.470210681697174,0.0189079607559479,0.913607890100295,1.06878601688588,9.86662003126063,3,3.28887334375354,"diffuse_correct","hierarchy"
27,"clip",0.3,1,"uot_molecular","039 Lamp5 Gaba",TRUE,0.857065155919814,0.714130312942931,0.410255537253805,1.33811875358721,4.74539697627571,4,1.18634924406893,"underconfident_correct","hierarchy"
27,"clip",0.3,1,"uot_molecular","041 Pvalb chandelier Gaba",TRUE,0.615384562128955,0.230769124512768,0.66627847308624,0,3.61572771953508,1,3.61572771953508,"underconfident_correct","hierarchy"
27,"clip",0.3,1,"uot_molecular","042 Pvalb Gaba",TRUE,0.615384597692309,0.230769195384618,0.666278450730123,1.96718036737186,6.53290000558837,8,0.816612500698546,"underconfident_correct","hierarchy"
27,"clip",0.3,1,"uot_molecular","043 Sst Gaba",TRUE,0.736840701052797,0.473681402105595,0.576335573553918,2.50395766146679,11.2610908036732,14,0.804363628833799,"underconfident_correct","hierarchy"
27,"clip",0.3,1,"uot_molecular","046 Sst Chodl Gaba",TRUE,0.736840792246341,0.473681587484123,0.576335537372321,0,2.71799379270701,1,2.71799379270701,"underconfident_correct","hierarchy"
27,"clip",0.3,1,"uot_molecular","287 Astro-TE NN",FALSE,0.27229368365946,0.272239404870712,1.12245660335763,0,3.07239259004143,1,3.07239259004143,"cross_family_failure","hierarchy"
27,"clip",0.3,1,"uot_molecular","294 OPC NN",TRUE,0.455409762022546,0.138547036478518,1.05931902440094,0,4.47534758373235,1,4.47534758373235,"diffuse_correct","hierarchy"
27,"clip",0.3,1,"uot_molecular","295 Oligo NN",TRUE,0.682955410232575,0.517485017373947,0.844256059210925,1.38629432003517,5.99564435788719,4,1.4989110894718,"underconfident_correct","hierarchy"
27,"clip",0.3,1,"uot_molecular","299 Peri NN",FALSE,0.18107577815458,0.316480306481341,1.24399967104427,0,3.46946245912646,1,3.46946245912646,"cross_family_failure","hierarchy"
27,"clip",0.3,1,"uot_molecular","301 Endo NN",FALSE,0.305051449576258,0.0264879210534965,1.11036775532667,0,3.03547450111277,1,3.03547450111277,"cross_family_failure","hierarchy"
27,"clip",0.3,1,"uot_molecular","302 Microglia NN",FALSE,0.333785446731615,0.0265458798371578,1.09777476237582,0,2.99748847300489,1,2.99748847300489,"cross_family_failure","hierarchy"
28,"clip",1,0,"gw_only","001 Car3 Glut",FALSE,0,5.66207393483675e-05,0.693147180981416,NA,9.79807116560321,1,9.79807116560321,"cross_family_failure","hierarchy"
28,"clip",1,0,"gw_only","003 L5/6 IT TPE-ENT Glut",FALSE,0,1,0,NA,1,2,0.5,"cross_family_failure","hierarchy"
28,"clip",1,0,"gw_only","004 L6 IT CTX Glut",FALSE,8.62153343868839e-11,5.66207393483675e-05,0.693147180981416,0.693147180559945,9.79807116560321,11,0.890733742327564,"cross_family_failure","hierarchy"
28,"clip",1,0,"gw_only","005 L5 IT CTX Glut",FALSE,0,0.999916510282156,0.000462696400399172,NA,13.0057329157339,4,3.25143322893349,"cross_family_failure","hierarchy"
28,"clip",1,0,"gw_only","006 L4/5 IT CTX Glut",FALSE,0,1,0,NA,2,13,0.153846153846154,"cross_family_failure","hierarchy"
28,"clip",1,0,"gw_only","007 L2/3 IT CTX Glut",FALSE,0,0.999927294709468,0.000407957579353941,NA,11.0045312254017,4,2.75113280635042,"cross_family_failure","hierarchy"
28,"clip",1,0,"gw_only","022 L5 ET CTX Glut",FALSE,0,1,0,NA,3.99999374866877,6,0.666665624778128,"cross_family_failure","hierarchy"
28,"clip",1,0,"gw_only","027 L6b CTX Glut",FALSE,0,7.34676720376415e-05,0.693147177861196,NA,21.1655745316201,2,10.5827872658101,"cross_family_failure","hierarchy"
28,"clip",1,0,"gw_only","028 L6 CT CTX Glut",FALSE,0,1,0,NA,1,8,0.125,"cross_family_failure","hierarchy"
28,"clip",1,0,"gw_only","030 L5 NP CTX Glut",FALSE,0,7.34676720376415e-05,0.693147177861196,NA,21.1655745316201,4,5.29139363290503,"cross_family_failure","hierarchy"
28,"clip",1,0,"gw_only","036 Vip Gaba",FALSE,0,1,-2.22044604925031e-16,NA,3.99999381444975,8,0.499999226806219,"cross_family_failure","hierarchy"
28,"clip",1,0,"gw_only","037 Sncg Gaba",FALSE,0,1,0,NA,3.99999791728566,3,1.33333263909522,"cross_family_failure","hierarchy"
28,"clip",1,0,"gw_only","039 Lamp5 Gaba",FALSE,0,1,2.22044604925031e-16,NA,7.99999818446639,4,1.9999995461166,"cross_family_failure","hierarchy"
28,"clip",1,0,"gw_only","041 Pvalb chandelier Gaba",FALSE,0,0,0.693147180559945,NA,2,1,2,"cross_family_failure","hierarchy"
28,"clip",1,0,"gw_only","042 Pvalb Gaba",FALSE,0,1,0,NA,2,8,0.25,"cross_family_failure","hierarchy"
28,"clip",1,0,"gw_only","043 Sst Gaba",FALSE,0,0,0.693147180559945,NA,2,14,0.142857142857143,"cross_family_failure","hierarchy"
28,"clip",1,0,"gw_only","046 Sst Chodl Gaba",FALSE,0,1,0,NA,1,1,1,"cross_family_failure","hierarchy"
28,"clip",1,0,"gw_only","287 Astro-TE NN",FALSE,0,1,0,NA,1,1,1,"cross_family_failure","hierarchy"
28,"clip",1,0,"gw_only","294 OPC NN",TRUE,1,1,0,0,1,1,1,"confident_correct","hierarchy"
28,"clip",1,0,"gw_only","295 Oligo NN",TRUE,1,1,0,1.38629383329364,3.99999788869557,4,0.999999472173893,"confident_correct","hierarchy"
28,"clip",1,0,"gw_only","299 Peri NN",FALSE,0,1,0,NA,3,1,3,"cross_family_failure","hierarchy"
28,"clip",1,0,"gw_only","301 Endo NN",FALSE,0,1,0,NA,7.9999968543261,1,7.9999968543261,"cross_family_failure","hierarchy"
28,"clip",1,0,"gw_only","302 Microglia NN",FALSE,0,1,0,NA,1,1,1,"cross_family_failure","hierarchy"
29,"clip",1,0.1,"fugw","001 Car3 Glut",TRUE,1,1,0,0,1,1,1,"confident_correct","hierarchy"
29,"clip",1,0.1,"fugw","003 L5/6 IT TPE-ENT Glut",TRUE,1,1,0,0.69314716955741,1.99999997799493,2,0.999999988997465,"confident_correct","hierarchy"
29,"clip",1,0.1,"fugw","004 L6 IT CTX Glut",TRUE,0.999998968486395,0.99999793697279,1.52503951472144e-05,2.39789118790988,11.0000956129575,11,1.00000869208705,"confident_correct","hierarchy"
29,"clip",1,0.1,"fugw","005 L5 IT CTX Glut",TRUE,0.999964159142295,0.999928318284591,0.000402722361105105,1.38628016423581,4.00135558967872,4,1.00033889741968,"confident_correct","hierarchy"
29,"clip",1,0.1,"fugw","006 L4/5 IT CTX Glut",TRUE,1,1,0,2.56494334561021,12.9999218461677,13,0.999993988166744,"confident_correct","hierarchy"
29,"clip",1,0.1,"fugw","007 L2/3 IT CTX Glut",TRUE,1,1,0,1.38629280778358,3.99999378665959,4,0.999998446664898,"confident_correct","hierarchy"
29,"clip",1,0.1,"fugw","022 L5 ET CTX Glut",TRUE,1,1,-2.22044604925031e-16,1.79175946922805,6,6,1,"confident_correct","hierarchy"
29,"clip",1,0.1,"fugw","027 L6b CTX Glut",TRUE,1,1,0,0.693147180559945,2,2,1,"confident_correct","hierarchy"
29,"clip",1,0.1,"fugw","028 L6 CT CTX Glut",TRUE,1,1,1.11022302462516e-16,2.07944102872137,7.99999589633329,8,0.999999487041661,"confident_correct","hierarchy"
29,"clip",1,0.1,"fugw","030 L5 NP CTX Glut",TRUE,1,1,0,1.38629383784833,3.99999790691432,4,0.99999947672858,"confident_correct","hierarchy"
29,"clip",1,0.1,"fugw","036 Vip Gaba",TRUE,1,1,-2.22044604925031e-16,2.07944115088862,7.99999687367085,8,0.999999609208856,"confident_correct","hierarchy"
29,"clip",1,0.1,"fugw","037 Sncg Gaba",TRUE,1,1,0,1.09861228866811,3,3,1,"confident_correct","hierarchy"
29,"clip",1,0.1,"fugw","039 Lamp5 Gaba",TRUE,1,1,0,1.38629279060233,3.99999371793469,4,0.999998429483673,"confident_correct","hierarchy"
29,"clip",1,0.1,"fugw","041 Pvalb chandelier Gaba",TRUE,1,1,0,0,1,1,1,"confident_correct","hierarchy"
29,"clip",1,0.1,"fugw","042 Pvalb Gaba",TRUE,1,1,-2.22044604925031e-16,2.07944115095777,7.99999687422406,8,0.999999609278007,"confident_correct","hierarchy"
29,"clip",1,0.1,"fugw","043 Sst Gaba",TRUE,1,1,-2.22044604925031e-16,2.63905703837393,13.999995922622,14,0.999999708758713,"confident_correct","hierarchy"
29,"clip",1,0.1,"fugw","046 Sst Chodl Gaba",TRUE,1,1,0,0,1,1,1,"confident_correct","hierarchy"
29,"clip",1,0.1,"fugw","287 Astro-TE NN",TRUE,1,1,0,0,1,1,1,"confident_correct","hierarchy"
29,"clip",1,0.1,"fugw","294 OPC NN",TRUE,1,1,0,0,1,1,1,"confident_correct","hierarchy"
29,"clip",1,0.1,"fugw","295 Oligo NN",TRUE,1,1,1.11022302462516e-16,1.38629383642804,3.99999790123314,4,0.999999475308284,"confident_correct","hierarchy"
29,"clip",1,0.1,"fugw","299 Peri NN",TRUE,1,1,0,0,1,1,1,"confident_correct","hierarchy"
29,"clip",1,0.1,"fugw","301 Endo NN",TRUE,1,1,0,0,1,1,1,"confident_correct","hierarchy"
29,"clip",1,0.1,"fugw","302 Microglia NN",TRUE,1,1,0,0,1,1,1,"confident_correct","hierarchy"
30,"clip",1,0.25,"fugw","001 Car3 Glut",TRUE,1,1,0,0,1,1,1,"confident_correct","hierarchy"
30,"clip",1,0.25,"fugw","003 L5/6 IT TPE-ENT Glut",TRUE,0.745322609784066,0.503644059039979,0.618750330623923,0.64541486897585,3.00354310009683,2,1.50177155004841,"underconfident_correct","hierarchy"
30,"clip",1,0.25,"fugw","004 L6 IT CTX Glut",TRUE,0.771567363142421,0.543134726284841,0.537375532250489,2.18764404684531,9.25616930376417,11,0.841469936705834,"underconfident_correct","hierarchy"
30,"clip",1,0.25,"fugw","005 L5 IT CTX Glut",TRUE,0.776531438436741,0.553062876873482,0.531263079158614,1.098595754394,5.02073151595499,4,1.25518287898875,"underconfident_correct","hierarchy"
30,"clip",1,0.25,"fugw","006 L4/5 IT CTX Glut",TRUE,1,1,0,2.5633481925013,12.9792015108664,13,0.998400116220496,"confident_correct","hierarchy"
30,"clip",1,0.25,"fugw","007 L2/3 IT CTX Glut",TRUE,1,1,0,1.38629280576413,3.9999937785818,4,0.999998444645449,"confident_correct","hierarchy"
30,"clip",1,0.25,"fugw","022 L5 ET CTX Glut",TRUE,1,1,-2.22044604925031e-16,1.79175946922805,6,6,1,"confident_correct","hierarchy"
30,"clip",1,0.25,"fugw","027 L6b CTX Glut",TRUE,1,1,0,0.693147180559945,2,2,1,"confident_correct","hierarchy"
30,"clip",1,0.25,"fugw","028 L6 CT CTX Glut",TRUE,1,1,0,2.07943964283233,7.9999848092344,8,0.9999981011543,"confident_correct","hierarchy"
30,"clip",1,0.25,"fugw","030 L5 NP CTX Glut",TRUE,1,1,0,1.38629383716398,3.99999790417691,4,0.999999476044226,"confident_correct","hierarchy"
30,"clip",1,0.25,"fugw","036 Vip Gaba",TRUE,1,1,2.22044604925031e-16,2.07944115051641,7.99999687069323,8,0.999999608836653,"confident_correct","hierarchy"
30,"clip",1,0.25,"fugw","037 Sncg Gaba",TRUE,1,1,0,1.09861228866811,3,3,1,"confident_correct","hierarchy"
30,"clip",1,0.25,"fugw","039 Lamp5 Gaba",TRUE,1,1,2.22044604925031e-16,1.38629278925834,3.99999371255875,4,0.999998428139687,"confident_correct","hierarchy"
30,"clip",1,0.25,"fugw","041 Pvalb chandelier Gaba",TRUE,1,1,0,0,1,1,1,"confident_correct","hierarchy"
30,"clip",1,0.25,"fugw","042 Pvalb Gaba",TRUE,1,1,1.11022302462516e-16,2.07944115044413,7.999996870115,8,0.999999608764375,"confident_correct","hierarchy"
30,"clip",1,0.25,"fugw","043 Sst Gaba",TRUE,1,1,3.33066907387547e-16,2.63905703819489,13.9999959201154,14,0.999999708579672,"confident_correct","hierarchy"
30,"clip",1,0.25,"fugw","046 Sst Chodl Gaba",TRUE,1,1,0,0,1,1,1,"confident_correct","hierarchy"
30,"clip",1,0.25,"fugw","287 Astro-TE NN",TRUE,1,1,0,0,1,1,1,"confident_correct","hierarchy"
30,"clip",1,0.25,"fugw","294 OPC NN",TRUE,1,1,0,0,1,1,1,"confident_correct","hierarchy"
30,"clip",1,0.25,"fugw","295 Oligo NN",TRUE,1,1,0,1.38629383621666,3.99999790038761,4,0.999999475096904,"confident_correct","hierarchy"
30,"clip",1,0.25,"fugw","299 Peri NN",FALSE,0,1,0,NA,1,1,1,"cross_family_failure","hierarchy"
30,"clip",1,0.25,"fugw","301 Endo NN",FALSE,0,1,0,NA,1,1,1,"cross_family_failure","hierarchy"
30,"clip",1,0.25,"fugw","302 Microglia NN",TRUE,1,1,0,0,1,1,1,"confident_correct","hierarchy"
31,"clip",1,0.5,"fugw","001 Car3 Glut",TRUE,0.969034406672295,0.938068813344589,0.138082809698478,0,1.14807061771956,1,1.14807061771956,"confident_correct","hierarchy"
31,"clip",1,0.5,"fugw","003 L5/6 IT TPE-ENT Glut",TRUE,0.60709075396478,0.371155858905584,1.04270857511825,0.526443886225464,3.90534592759485,2,1.95267296379742,"underconfident_correct","hierarchy"
31,"clip",1,0.5,"fugw","004 L6 IT CTX Glut",TRUE,0.659859712741494,0.319719425482989,0.641128485760007,2.06891204631883,7.43590425819142,11,0.67599129619922,"underconfident_correct","hierarchy"
31,"clip",1,0.5,"fugw","005 L5 IT CTX Glut",TRUE,0.802499548261475,0.604999096522949,0.496917728267637,1.09848153944574,4.60887873198172,4,1.15221968299543,"underconfident_correct","hierarchy"
31,"clip",1,0.5,"fugw","006 L4/5 IT CTX Glut",TRUE,1,1,1.11022302462516e-16,2.48474572578883,11.9980690673808,13,0.922928389798522,"confident_correct","hierarchy"
31,"clip",1,0.5,"fugw","007 L2/3 IT CTX Glut",TRUE,1,1,0,1.38629280325173,3.99999376853219,4,0.999998442133048,"confident_correct","hierarchy"
31,"clip",1,0.5,"fugw","022 L5 ET CTX Glut",TRUE,1,1,-2.22044604925031e-16,1.79175946922805,6,6,1,"confident_correct","hierarchy"
31,"clip",1,0.5,"fugw","027 L6b CTX Glut",TRUE,0.999999853296218,0.999999706592437,2.45506582276636e-06,0.693147180559945,2.00000470676256,2,1.00000235338128,"confident_correct","hierarchy"
31,"clip",1,0.5,"fugw","028 L6 CT CTX Glut",TRUE,1,1,0,2.07942898862508,7.99989957619223,8,0.999987447024029,"confident_correct","hierarchy"
31,"clip",1,0.5,"fugw","030 L5 NP CTX Glut",TRUE,1,1,1.11022302462516e-16,1.38629383654726,3.99999790171004,4,0.99999947542751,"confident_correct","hierarchy"
31,"clip",1,0.5,"fugw","036 Vip Gaba",TRUE,1,1,1.11022302462516e-16,2.0794411499822,7.99999686641949,8,0.999999608302436,"confident_correct","hierarchy"
31,"clip",1,0.5,"fugw","037 Sncg Gaba",TRUE,1,1,0,1.09861228866811,3,3,1,"confident_correct","hierarchy"
31,"clip",1,0.5,"fugw","039 Lamp5 Gaba",TRUE,1,1,0,1.38629278670225,3.99999370233441,4,0.999998425583602,"confident_correct","hierarchy"
31,"clip",1,0.5,"fugw","041 Pvalb chandelier Gaba",TRUE,1,1,0,0,1,1,1,"confident_correct","hierarchy"
31,"clip",1,0.5,"fugw","042 Pvalb Gaba",TRUE,1,1,0,2.07944114990996,7.99999686584162,8,0.999999608230202,"confident_correct","hierarchy"
31,"clip",1,0.5,"fugw","043 Sst Gaba",TRUE,1,1,0,2.63905703762222,13.9999959120981,14,0.999999708007006,"confident_correct","hierarchy"
31,"clip",1,0.5,"fugw","046 Sst Chodl Gaba",TRUE,1,1,0,0,1,1,1,"confident_correct","hierarchy"
31,"clip",1,0.5,"fugw","287 Astro-TE NN",TRUE,1,1,0,0,1,1,1,"confident_correct","hierarchy"
31,"clip",1,0.5,"fugw","294 OPC NN",TRUE,1,1,0,0,1,1,1,"confident_correct","hierarchy"
31,"clip",1,0.5,"fugw","295 Oligo NN",TRUE,1,1,0,1.38629383512872,3.99999789603589,4,0.999999474008972,"confident_correct","hierarchy"
31,"clip",1,0.5,"fugw","299 Peri NN",FALSE,0,1,0,NA,1,1,1,"cross_family_failure","hierarchy"
31,"clip",1,0.5,"fugw","301 Endo NN",FALSE,0,1,0,NA,1,1,1,"cross_family_failure","hierarchy"
31,"clip",1,0.5,"fugw","302 Microglia NN",TRUE,1,1,0,0,1,1,1,"confident_correct","hierarchy"
32,"clip",1,0.75,"fugw","001 Car3 Glut",TRUE,0.953645226656044,0.907290453312089,0.187638882303995,0,1.20639778509077,1,1.20639778509077,"confident_correct","hierarchy"
32,"clip",1,0.75,"fugw","003 L5/6 IT TPE-ENT Glut",TRUE,0.520797106834434,0.283563264499486,1.17233788731712,0.304967783872577,4.25657017382019,2,2.1282850869101,"underconfident_correct","hierarchy"
32,"clip",1,0.75,"fugw","004 L6 IT CTX Glut",TRUE,0.568148729577209,0.136297459154419,0.683829707286002,1.9193557463406,5.89620684290863,11,0.536018803900784,"underconfident_correct","hierarchy"
32,"clip",1,0.75,"fugw","005 L5 IT CTX Glut",TRUE,0.801393797885237,0.602787595770475,0.498464127920623,1.09751891397311,4.55225586869126,4,1.13806396717281,"underconfident_correct","hierarchy"
32,"clip",1,0.75,"fugw","006 L4/5 IT CTX Glut",TRUE,1,1,0,2.47415484586013,11.8716694814144,13,0.913205344724188,"confident_correct","hierarchy"
32,"clip",1,0.75,"fugw","007 L2/3 IT CTX Glut",TRUE,0.970739855604559,0.941479711209118,0.132160875954383,1.38629284446521,4.38368893103503,4,1.09592223275876,"confident_correct","hierarchy"
32,"clip",1,0.75,"fugw","022 L5 ET CTX Glut",TRUE,1,1,-2.22044604925031e-16,1.79175946922805,6,6,1,"confident_correct","hierarchy"
32,"clip",1,0.75,"fugw","027 L6b CTX Glut",TRUE,0.977529360857908,0.955058721715815,0.107504600650094,0.693147180559945,2.19257427390375,2,1.09628713695187,"confident_correct","hierarchy"
32,"clip",1,0.75,"fugw","028 L6 CT CTX Glut",TRUE,1,1,1.11022302462516e-16,2.07647724596458,7.97632074777011,8,0.997040093471263,"confident_correct","hierarchy"
32,"clip",1,0.75,"fugw","030 L5 NP CTX Glut",TRUE,1,1,0,1.38629383460896,3.99999789395682,4,0.999999473489205,"confident_correct","hierarchy"
32,"clip",1,0.75,"fugw","036 Vip Gaba",TRUE,0.99999959472521,0.999999212489211,6.45882524039899e-06,2.07944114727138,8.00004511159881,8,1.00000563894985,"confident_correct","hierarchy"
32,"clip",1,0.75,"fugw","037 Sncg Gaba",TRUE,0.999998364232295,0.999996739869086,2.34977488261943e-05,1.09861228866811,3.00007253092253,3,1.00002417697418,"confident_correct","hierarchy"
32,"clip",1,0.75,"fugw","039 Lamp5 Gaba",TRUE,0.999999998908439,0.999999997816878,2.36166360501711e-08,1.38629278088475,3.99999376747796,4,0.999998441869491,"confident_correct","hierarchy"
32,"clip",1,0.75,"fugw","041 Pvalb chandelier Gaba",TRUE,0.999999998701444,0.999999997402888,2.78696298798103e-08,0,1.00000002939056,1,1.00000002939056,"confident_correct","hierarchy"
32,"clip",1,0.75,"fugw","042 Pvalb Gaba",TRUE,1,1,0,2.07944114845254,7.99999685418225,8,0.999999606772781,"confident_correct","hierarchy"
32,"clip",1,0.75,"fugw","043 Sst Gaba",TRUE,1,1,0,2.63905703660866,13.9999958979082,14,0.999999706993445,"confident_correct","hierarchy"
32,"clip",1,0.75,"fugw","046 Sst Chodl Gaba",TRUE,1,1,0,0,1,1,1,"confident_correct","hierarchy"
32,"clip",1,0.75,"fugw","287 Astro-TE NN",TRUE,1,1,0,0,1,1,1,"confident_correct","hierarchy"
32,"clip",1,0.75,"fugw","294 OPC NN",TRUE,0.99999999983972,0.999999999679441,3.77524437494347e-09,0,1.00000000388629,1,1.00000000388629,"confident_correct","hierarchy"
32,"clip",1,0.75,"fugw","295 Oligo NN",TRUE,1,1,0,1.38629383319163,3.9999978882875,4,0.999999472071876,"confident_correct","hierarchy"
32,"clip",1,0.75,"fugw","299 Peri NN",FALSE,8.76862478180681e-11,0.999999999824628,2.11825908339084e-09,0,1.00000000211826,1,1.00000000211826,"cross_family_failure","hierarchy"
32,"clip",1,0.75,"fugw","301 Endo NN",FALSE,8.68913122597082e-11,0.999999999826217,2.09984695875022e-09,0,1.00000000209985,1,1.00000000209985,"cross_family_failure","hierarchy"
32,"clip",1,0.75,"fugw","302 Microglia NN",TRUE,1,1,0,0,1,1,1,"confident_correct","hierarchy"
33,"clip",1,0.9,"fugw","001 Car3 Glut",TRUE,0.918810262050985,0.83762052410197,0.281665551913483,0,1.32533538997032,1,1.32533538997032,"confident_correct","hierarchy"
33,"clip",1,0.9,"fugw","003 L5/6 IT TPE-ENT Glut",TRUE,0.535497524495824,0.302889522016835,1.15569571248312,0.417194426717661,4.43839622519642,2,2.21919811259821,"underconfident_correct","hierarchy"
33,"clip",1,0.9,"fugw","004 L6 IT CTX Glut",TRUE,0.589759431589971,0.179518863179943,0.676945985692107,1.91403832599972,6.08464351728328,11,0.553149410662116,"underconfident_correct","hierarchy"
33,"clip",1,0.9,"fugw","005 L5 IT CTX Glut",TRUE,0.820630545045065,0.64126109009013,0.470436013344725,1.08904804686336,4.39830767224324,4,1.09957691806081,"underconfident_correct","hierarchy"
33,"clip",1,0.9,"fugw","006 L4/5 IT CTX Glut",TRUE,1,1,0,2.38727794776824,10.8838272379765,13,0.83721747984435,"confident_correct","hierarchy"
33,"clip",1,0.9,"fugw","007 L2/3 IT CTX Glut",TRUE,0.931094604197469,0.862189208394938,0.250798298754353,1.38629289298814,4.67191069896993,4,1.16797767474248,"confident_correct","hierarchy"
33,"clip",1,0.9,"fugw","022 L5 ET CTX Glut",TRUE,1,1,-2.22044604925031e-16,1.79175946922805,6,6,1,"confident_correct","hierarchy"
33,"clip",1,0.9,"fugw","027 L6b CTX Glut",TRUE,0.899858519516467,0.799717039032934,0.325393726629624,0.693135695514868,2.5834295196571,2,1.29171475982855,"underconfident_correct","hierarchy"
33,"clip",1,0.9,"fugw","028 L6 CT CTX Glut",TRUE,1,1,0,1.98919705777372,7.30966216893464,8,0.913707771116829,"confident_correct","hierarchy"
33,"clip",1,0.9,"fugw","030 L5 NP CTX Glut",TRUE,0.995522235712896,0.991044471425793,0.0286863006293469,1.3862938323846,4.0909312597197,4,1.02273281492992,"confident_correct","hierarchy"
33,"clip",1,0.9,"fugw","036 Vip Gaba",TRUE,1,1,0,2.07944114468705,7.99999682405836,8,0.999999603007295,"confident_correct","hierarchy"
33,"clip",1,0.9,"fugw","037 Sncg Gaba",TRUE,1,1,0,1.09861228866811,3,3,1,"confident_correct","hierarchy"
33,"clip",1,0.9,"fugw","039 Lamp5 Gaba",TRUE,1,1,0,1.38629276584498,3.99999361890546,4,0.999998404726364,"confident_correct","hierarchy"
33,"clip",1,0.9,"fugw","041 Pvalb chandelier Gaba",TRUE,1,1,0,0,1,1,1,"confident_correct","hierarchy"
33,"clip",1,0.9,"fugw","042 Pvalb Gaba",TRUE,1,1,0,2.07944114468559,7.99999682404666,8,0.999999603005833,"confident_correct","hierarchy"
33,"clip",1,0.9,"fugw","043 Sst Gaba",TRUE,1,1,0,2.63905703376706,13.9999958581258,14,0.999999704151842,"confident_correct","hierarchy"
33,"clip",1,0.9,"fugw","046 Sst Chodl Gaba",TRUE,1,1,0,0,1,1,1,"confident_correct","hierarchy"
33,"clip",1,0.9,"fugw","287 Astro-TE NN",TRUE,1,1,0,0,1,1,1,"confident_correct","hierarchy"
33,"clip",1,0.9,"fugw","294 OPC NN",TRUE,1,1,0,0,1,1,1,"confident_correct","hierarchy"
33,"clip",1,0.9,"fugw","295 Oligo NN",TRUE,1,1,0,1.38629382818385,3.99999786825642,4,0.999999467064104,"confident_correct","hierarchy"
33,"clip",1,0.9,"fugw","299 Peri NN",FALSE,0,1,0,NA,1,1,1,"cross_family_failure","hierarchy"
33,"clip",1,0.9,"fugw","301 Endo NN",FALSE,0,1,0,NA,1,1,1,"cross_family_failure","hierarchy"
33,"clip",1,0.9,"fugw","302 Microglia NN",TRUE,1,1,0,0,1,1,1,"confident_correct","hierarchy"
34,"clip",1,1,"uot_molecular","001 Car3 Glut",TRUE,0.945926982831709,0.891853966097241,0.210337693533136,0,1.23409473540991,1,1.23409473540991,"confident_correct","hierarchy"
34,"clip",1,1,"uot_molecular","003 L5/6 IT TPE-ENT Glut",TRUE,0.556285151765635,0.318672254610121,1.1272716102932,0.423104377121397,4.2754391754321,2,2.13771958771605,"underconfident_correct","hierarchy"
34,"clip",1,1,"uot_molecular","004 L6 IT CTX Glut",TRUE,0.601704860423407,0.203409722032433,0.672314371863125,2.02534127026867,6.62580622097248,11,0.602346020088407,"underconfident_correct","hierarchy"
34,"clip",1,1,"uot_molecular","005 L5 IT CTX Glut",TRUE,0.801264711731421,0.602765705052952,0.500471842042078,1.09812998027019,4.56278162351057,4,1.14069540587764,"underconfident_correct","hierarchy"
34,"clip",1,1,"uot_molecular","006 L4/5 IT CTX Glut",TRUE,0.999588991204101,0.999177982408203,0.00361551713327647,2.48156311510997,11.9910278140928,13,0.922386754930219,"confident_correct","hierarchy"
34,"clip",1,1,"uot_molecular","007 L2/3 IT CTX Glut",TRUE,0.983714382374397,0.967428764748795,0.0832078706292178,1.38629436111989,4.25002800304924,4,1.06250700076231,"confident_correct","hierarchy"
34,"clip",1,1,"uot_molecular","022 L5 ET CTX Glut",TRUE,1,1,-2.22044604925031e-16,1.79175946922805,6,6,1,"confident_correct","hierarchy"
34,"clip",1,1,"uot_molecular","027 L6b CTX Glut",TRUE,0.907612562511573,0.854586564336725,0.371050804713448,0.690895372928029,2.71327804024499,2,1.3566390201225,"confident_correct","hierarchy"
34,"clip",1,1,"uot_molecular","028 L6 CT CTX Glut",TRUE,0.99432387611524,0.988649308179978,0.0350283008076199,2.07186566727555,8.12775202094446,8,1.01596900261806,"confident_correct","hierarchy"
34,"clip",1,1,"uot_molecular","030 L5 NP CTX Glut",TRUE,0.933377988393746,0.866755976811233,0.244812164043231,1.38117507819569,4.63953819053343,4,1.15988454763336,"confident_correct","hierarchy"
34,"clip",1,1,"uot_molecular","036 Vip Gaba",TRUE,0.541238381738059,0.147561160147178,0.877074290932811,2.03848858694986,11.0371631895229,8,1.37964539869036,"underconfident_correct","hierarchy"
34,"clip",1,1,"uot_molecular","037 Sncg Gaba",FALSE,0.447848585002567,0.0106627077491399,0.939057878520811,1.06755633698999,10.7222385700218,3,3.5740795233406,"cross_family_failure","hierarchy"
34,"clip",1,1,"uot_molecular","039 Lamp5 Gaba",TRUE,0.840968083514561,0.682355002698345,0.440972431271702,1.34335610764165,4.9997214435016,4,1.2499303608754,"underconfident_correct","hierarchy"
34,"clip",1,1,"uot_molecular","041 Pvalb chandelier Gaba",TRUE,0.615039706937494,0.230329930122863,0.668528865772284,0,3.63235645261801,1,3.63235645261801,"underconfident_correct","hierarchy"
34,"clip",1,1,"uot_molecular","042 Pvalb Gaba",TRUE,0.615158500253403,0.23031702329377,0.66638501135802,1.96753702804415,6.53212387150429,8,0.816515483938036,"underconfident_correct","hierarchy"
34,"clip",1,1,"uot_molecular","043 Sst Gaba",TRUE,0.732589056698063,0.465180203724447,0.580693337786677,2.50740769373147,11.2188221867527,14,0.801344441910907,"underconfident_correct","hierarchy"
34,"clip",1,1,"uot_molecular","046 Sst Chodl Gaba",TRUE,0.73251040644561,0.46535244327126,0.583296880110166,0,2.80550943440465,1,2.80550943440465,"underconfident_correct","hierarchy"
34,"clip",1,1,"uot_molecular","287 Astro-TE NN",FALSE,0.247226352225464,0.280002542682679,1.18242651241416,0,3.26304961358649,1,3.26304961358649,"cross_family_failure","hierarchy"
34,"clip",1,1,"uot_molecular","294 OPC NN",TRUE,0.446398757698077,0.102121293498165,1.05450108617944,0,4.62428783039606,1,4.62428783039606,"diffuse_correct","hierarchy"
34,"clip",1,1,"uot_molecular","295 Oligo NN",TRUE,0.627140988556391,0.451144083586039,1.04143372044173,1.38499128922036,6.7532139121768,4,1.6883034780442,"underconfident_correct","hierarchy"
34,"clip",1,1,"uot_molecular","299 Peri NN",FALSE,0.207755034162952,0.214590959332804,1.31422674078279,0,3.72187190050294,1,3.72187190050294,"cross_family_failure","hierarchy"
34,"clip",1,1,"uot_molecular","301 Endo NN",FALSE,0.270572211028041,0.0198200544175857,1.31896140094793,0,3.73960584930998,1,3.73960584930998,"cross_family_failure","hierarchy"
34,"clip",1,1,"uot_molecular","302 Microglia NN",FALSE,0.328327728113204,0.0215858911925337,1.19089658193159,0,3.29453646927784,1,3.29453646927784,"cross_family_failure","hierarchy"
35,"clip",3,0,"gw_only","001 Car3 Glut",FALSE,0.142619067805989,7.13797936963134e-06,1.94590986449213,0,30.1610500946575,1,30.1610500946575,"cross_family_failure","hierarchy"
35,"clip",3,0,"gw_only","003 L5/6 IT TPE-ENT Glut",FALSE,0.142803186568572,7.13797936963134e-06,1.94590986449213,0.693147180559945,30.1610500946575,2,15.0805250473288,"cross_family_failure","hierarchy"
35,"clip",3,0,"gw_only","004 L6 IT CTX Glut",FALSE,0.142945154073493,7.13797936963134e-06,1.94590986449213,2.39789527202893,30.1610500946575,11,2.74191364496886,"cross_family_failure","hierarchy"
35,"clip",3,0,"gw_only","005 L5 IT CTX Glut",FALSE,0.142888537496266,7.13797936963134e-06,1.94590986449213,1.38629435994453,30.1610500946575,4,7.54026252366438,"cross_family_failure","hierarchy"
35,"clip",3,0,"gw_only","006 L4/5 IT CTX Glut",TRUE,0.142952292052862,7.13797936963134e-06,1.94590986449213,2.56494935736682,30.1610500946575,13,2.32008077651212,"diffuse_correct","hierarchy"
35,"clip",3,0,"gw_only","007 L2/3 IT CTX Glut",FALSE,0.142874681826186,7.13797936963134e-06,1.94590986449213,1.38629435759325,30.1610500946575,4,7.54026252366438,"cross_family_failure","hierarchy"
35,"clip",3,0,"gw_only","022 L5 ET CTX Glut",FALSE,0.142917080176632,7.13797936963134e-06,1.94590986449213,1.79175946922805,30.1610500946575,6,5.02684168244292,"cross_family_failure","hierarchy"
35,"clip",3,0,"gw_only","027 L6b CTX Glut",FALSE,1.19826053307748e-06,5.36146254225822e-05,1.09862556440626,0.693147180559945,15.1255079103479,2,7.56275395517394,"cross_family_failure","hierarchy"
35,"clip",3,0,"gw_only","028 L6 CT CTX Glut",TRUE,0.333931276172717,5.36146217055e-05,1.09862556464358,2.07944154136979,15.1255076708875,8,1.89068845886094,"diffuse_correct","hierarchy"
35,"clip",3,0,"gw_only","030 L5 NP CTX Glut",FALSE,0.333877684698502,5.36146254225822e-05,1.09862556440626,1.38629436041099,15.1255079103479,4,3.78137697758697,"cross_family_failure","hierarchy"
35,"clip",3,0,"gw_only","036 Vip Gaba",FALSE,0,1.61727578600335e-05,1.09861214876751,NA,14.4694202327526,8,1.80867752909408,"cross_family_failure","hierarchy"
35,"clip",3,0,"gw_only","037 Sncg Gaba",FALSE,0,1.62418695906497e-05,1.09861214896388,NA,14.4694144845347,3,4.82313816151157,"cross_family_failure","hierarchy"
35,"clip",3,0,"gw_only","039 Lamp5 Gaba",FALSE,0,1.61727578600335e-05,1.09861214876751,NA,14.4694202327526,4,3.61735505818816,"cross_family_failure","hierarchy"
35,"clip",3,0,"gw_only","041 Pvalb chandelier Gaba",FALSE,0,0,1.09860935165594,NA,3.77676078833634,1,3.77676078833634,"cross_family_failure","hierarchy"
35,"clip",3,0,"gw_only","042 Pvalb Gaba",FALSE,0,0,1.09860929415096,NA,3.77673144962835,8,0.472091431203543,"cross_family_failure","hierarchy"
35,"clip",3,0,"gw_only","043 Sst Gaba",FALSE,0,0,1.09860934927766,NA,3.77675956931971,14,0.269768540665694,"cross_family_failure","hierarchy"
35,"clip",3,0,"gw_only","046 Sst Chodl Gaba",FALSE,0,1,0,NA,1,1,1,"cross_family_failure","hierarchy"
35,"clip",3,0,"gw_only","287 Astro-TE NN",FALSE,0,1,0,NA,1,1,1,"cross_family_failure","hierarchy"
35,"clip",3,0,"gw_only","294 OPC NN",FALSE,0,5.67301296754974e-05,0.694404792975029,NA,9.80843335928707,1,9.80843335928707,"cross_family_failure","hierarchy"
35,"clip",3,0,"gw_only","295 Oligo NN",FALSE,0,5.69833904935924e-05,0.694404793175319,NA,9.8084345791557,4,2.45210864478892,"cross_family_failure","hierarchy"
35,"clip",3,0,"gw_only","299 Peri NN",FALSE,0,5.68005702518137e-05,0.693147178946793,NA,4.00015746840465,1,4.00015746840465,"cross_family_failure","hierarchy"
35,"clip",3,0,"gw_only","301 Endo NN",FALSE,0,5.68005702518137e-05,0.693147178946793,NA,4.00015746840465,1,4.00015746840465,"cross_family_failure","hierarchy"
35,"clip",3,0,"gw_only","302 Microglia NN",FALSE,0,1,0,NA,1,1,1,"cross_family_failure","hierarchy"
36,"clip",3,0.1,"fugw","001 Car3 Glut",TRUE,1,1,0,0,1,1,1,"confident_correct","hierarchy"
36,"clip",3,0.1,"fugw","003 L5/6 IT TPE-ENT Glut",TRUE,0.999999999974141,0.999999999948282,6.56255952407065e-10,0.693147179353722,1.99999999886422,2,0.999999999432108,"confident_correct","hierarchy"
36,"clip",3,0.1,"fugw","004 L6 IT CTX Glut",TRUE,0.999972393569085,0.99994478713817,0.000317403504046809,2.39789444390156,11.0027544951163,11,1.00025040864694,"confident_correct","hierarchy"
36,"clip",3,0.1,"fugw","005 L5 IT CTX Glut",TRUE,0.999872294709623,0.999744589419247,0.00127267535953451,1.38629271363516,4.00437835835062,4,1.00109458958766,"confident_correct","hierarchy"
36,"clip",3,0.1,"fugw","006 L4/5 IT CTX Glut",TRUE,1,1,0,2.56494869128445,12.9999913397008,13,0.999999333823137,"confident_correct","hierarchy"
36,"clip",3,0.1,"fugw","007 L2/3 IT CTX Glut",TRUE,1,1,0,1.38629418828415,3.99999930865709,4,0.999999827164272,"confident_correct","hierarchy"
36,"clip",3,0.1,"fugw","022 L5 ET CTX Glut",TRUE,1,1,1.11022302462516e-16,1.79175946922805,6,6,1,"confident_correct","hierarchy"
36,"clip",3,0.1,"fugw","027 L6b CTX Glut",TRUE,1,1,0,0.693147180559945,2,2,1,"confident_correct","hierarchy"
36,"clip",3,0.1,"fugw","028 L6 CT CTX Glut",TRUE,1,1,0,2.07944148490612,7.99999954581025,8,0.999999943226281,"confident_correct","hierarchy"
36,"clip",3,0.1,"fugw","030 L5 NP CTX Glut",TRUE,1,1,0,1.3862943032205,3.99999976840243,4,0.999999942100607,"confident_correct","hierarchy"
36,"clip",3,0.1,"fugw","036 Vip Gaba",TRUE,1,1,0,2.07944149835311,7.99999965338617,8,0.999999956673271,"confident_correct","hierarchy"
36,"clip",3,0.1,"fugw","037 Sncg Gaba",TRUE,1,1,0,1.09861228866811,3,3,1,"confident_correct","hierarchy"
36,"clip",3,0.1,"fugw","039 Lamp5 Gaba",TRUE,1,1,0,1.38629418750032,3.99999930552176,4,0.999999826380441,"confident_correct","hierarchy"
36,"clip",3,0.1,"fugw","041 Pvalb chandelier Gaba",TRUE,1,1,0,0,1,1,1,"confident_correct","hierarchy"
36,"clip",3,0.1,"fugw","042 Pvalb Gaba",TRUE,1,1,-2.22044604925031e-16,2.07944149835309,7.99999965338604,8,0.999999956673255,"confident_correct","hierarchy"
36,"clip",3,0.1,"fugw","043 Sst Gaba",TRUE,1,1,0,2.63905729728163,13.9999995473293,14,0.999999967666376,"confident_correct","hierarchy"
36,"clip",3,0.1,"fugw","046 Sst Chodl Gaba",TRUE,1,1,0,0,1,1,1,"confident_correct","hierarchy"
36,"clip",3,0.1,"fugw","287 Astro-TE NN",TRUE,1,1,0,0,1,1,1,"confident_correct","hierarchy"
36,"clip",3,0.1,"fugw","294 OPC NN",TRUE,1,1,0,0,1,1,1,"confident_correct","hierarchy"
36,"clip",3,0.1,"fugw","295 Oligo NN",TRUE,1,1,0,1.38629430327272,3.99999976861131,4,0.999999942152828,"confident_correct","hierarchy"
36,"clip",3,0.1,"fugw","299 Peri NN",TRUE,1,1,0,0,1,1,1,"confident_correct","hierarchy"
36,"clip",3,0.1,"fugw","301 Endo NN",TRUE,1,1,0,0,1,1,1,"confident_correct","hierarchy"
36,"clip",3,0.1,"fugw","302 Microglia NN",TRUE,1,1,0,0,1,1,1,"confident_correct","hierarchy"
37,"clip",3,0.25,"fugw","001 Car3 Glut",TRUE,1,1,0,0,1,1,1,"confident_correct","hierarchy"
37,"clip",3,0.25,"fugw","003 L5/6 IT TPE-ENT Glut",TRUE,0.748152754906056,0.500838917541592,0.587060104932947,0.639196224102414,2.9016412376412,2,1.4508206188206,"underconfident_correct","hierarchy"
37,"clip",3,0.25,"fugw","004 L6 IT CTX Glut",TRUE,0.756544616178034,0.513089232356068,0.555030255430677,2.16764290962136,8.97954154846308,11,0.816321958951189,"underconfident_correct","hierarchy"
37,"clip",3,0.25,"fugw","005 L5 IT CTX Glut",TRUE,0.758177485954434,0.516354973247034,0.553171640018399,1.09868732086534,5.1968379796339,4,1.29920949490847,"underconfident_correct","hierarchy"
37,"clip",3,0.25,"fugw","006 L4/5 IT CTX Glut",TRUE,1,1,1.11022302462516e-16,2.56477055170124,12.9976757329185,13,0.9998212102245,"confident_correct","hierarchy"
37,"clip",3,0.25,"fugw","007 L2/3 IT CTX Glut",TRUE,1,1,0,1.38629418808042,3.99999930784216,4,0.99999982696054,"confident_correct","hierarchy"
37,"clip",3,0.25,"fugw","022 L5 ET CTX Glut",TRUE,1,1,-2.22044604925031e-16,1.79175946922805,6,6,1,"confident_correct","hierarchy"
37,"clip",3,0.25,"fugw","027 L6b CTX Glut",TRUE,1,1,0,0.693147180559945,2,2,1,"confident_correct","hierarchy"
37,"clip",3,0.25,"fugw","028 L6 CT CTX Glut",TRUE,1,1,0,2.07944133167395,7.9999983199531,8,0.999999789994137,"confident_correct","hierarchy"
37,"clip",3,0.25,"fugw","030 L5 NP CTX Glut",TRUE,1,1,2.22044604925031e-16,1.38629430323073,3.99999976844337,4,0.999999942110844,"confident_correct","hierarchy"
37,"clip",3,0.25,"fugw","036 Vip Gaba",TRUE,1,1,1.11022302462516e-16,2.07944149833727,7.9999996532595,8,0.999999956657437,"confident_correct","hierarchy"
37,"clip",3,0.25,"fugw","037 Sncg Gaba",TRUE,1,1,0,1.09861228866811,3,3,1,"confident_correct","hierarchy"
37,"clip",3,0.25,"fugw","039 Lamp5 Gaba",TRUE,1,1,1.11022302462516e-16,1.38629418753101,3.99999930564452,4,0.99999982641113,"confident_correct","hierarchy"
37,"clip",3,0.25,"fugw","041 Pvalb chandelier Gaba",TRUE,1,1,0,0,1,1,1,"confident_correct","hierarchy"
37,"clip",3,0.25,"fugw","042 Pvalb Gaba",TRUE,1,1,0,2.07944149833726,7.99999965325938,8,0.999999956657422,"confident_correct","hierarchy"
37,"clip",3,0.25,"fugw","043 Sst Gaba",TRUE,1,1,0,2.63905729728735,13.9999995474092,14,0.999999967672089,"confident_correct","hierarchy"
37,"clip",3,0.25,"fugw","046 Sst Chodl Gaba",TRUE,1,1,0,0,1,1,1,"confident_correct","hierarchy"
37,"clip",3,0.25,"fugw","287 Astro-TE NN",TRUE,1,1,0,0,1,1,1,"confident_correct","hierarchy"
37,"clip",3,0.25,"fugw","294 OPC NN",TRUE,1,1,0,0,1,1,1,"confident_correct","hierarchy"
37,"clip",3,0.25,"fugw","295 Oligo NN",TRUE,1,1,0,1.38629430312636,3.99999976802588,4,0.99999994200647,"confident_correct","hierarchy"
37,"clip",3,0.25,"fugw","299 Peri NN",FALSE,0,1,0,NA,1,1,1,"cross_family_failure","hierarchy"
37,"clip",3,0.25,"fugw","301 Endo NN",FALSE,0,1,0,NA,1,1,1,"cross_family_failure","hierarchy"
37,"clip",3,0.25,"fugw","302 Microglia NN",TRUE,1,1,0,0,1,1,1,"confident_correct","hierarchy"
38,"clip",3,0.5,"fugw","001 Car3 Glut",TRUE,0.991260267975934,0.982520535951869,0.0501266727043638,0,1.05140427216351,1,1.05140427216351,"confident_correct","hierarchy"
38,"clip",3,0.5,"fugw","003 L5/6 IT TPE-ENT Glut",TRUE,0.598330047159557,0.354453676746463,1.05197602262885,0.477040324110471,3.81452492778517,2,1.90726246389258,"underconfident_correct","hierarchy"
38,"clip",3,0.5,"fugw","004 L6 IT CTX Glut",TRUE,0.6219583002394,0.2439166004788,0.663097300050996,1.94590825161057,6.51020593033759,11,0.591836902757963,"underconfident_correct","hierarchy"
38,"clip",3,0.5,"fugw","005 L5 IT CTX Glut",TRUE,0.725884559431156,0.451769118862313,0.587309321394812,1.09497305619172,5.49825928531748,4,1.37456482132937,"underconfident_correct","hierarchy"
38,"clip",3,0.5,"fugw","006 L4/5 IT CTX Glut",TRUE,0.959051071249383,0.918102142498766,0.170948257382557,2.48516725865991,12.8629434793003,13,0.98945719071541,"confident_correct","hierarchy"
38,"clip",3,0.5,"fugw","007 L2/3 IT CTX Glut",TRUE,1,1,0,1.38629418789034,3.99999930708186,4,0.999999826770465,"confident_correct","hierarchy"
38,"clip",3,0.5,"fugw","022 L5 ET CTX Glut",TRUE,1,1,1.11022302462516e-16,1.79175946922805,6,6,1,"confident_correct","hierarchy"
38,"clip",3,0.5,"fugw","027 L6b CTX Glut",TRUE,0.999999200507602,0.999998401015203,1.20237967637327e-05,0.693147180559945,2.00002293939328,2,1.00001146969664,"confident_correct","hierarchy"
38,"clip",3,0.5,"fugw","028 L6 CT CTX Glut",TRUE,1,1,0,2.07944014840707,7.99998885382561,8,0.999998606728202,"confident_correct","hierarchy"
38,"clip",3,0.5,"fugw","030 L5 NP CTX Glut",TRUE,1,1,0,1.38629430324544,3.99999976850221,4,0.999999942125554,"confident_correct","hierarchy"
38,"clip",3,0.5,"fugw","036 Vip Gaba",TRUE,1,1,1.11022302462516e-16,2.07944149832482,7.99999965315987,8,0.999999956644984,"confident_correct","hierarchy"
38,"clip",3,0.5,"fugw","037 Sncg Gaba",TRUE,1,1,0,1.09861228866811,3,3,1,"confident_correct","hierarchy"
38,"clip",3,0.5,"fugw","039 Lamp5 Gaba",TRUE,1,1,1.11022302462516e-16,1.38629418757511,3.99999930582092,4,0.999999826455231,"confident_correct","hierarchy"
38,"clip",3,0.5,"fugw","041 Pvalb chandelier Gaba",TRUE,1,1,0,0,1,1,1,"confident_correct","hierarchy"
38,"clip",3,0.5,"fugw","042 Pvalb Gaba",TRUE,1,1,2.22044604925031e-16,2.0794414983248,7.99999965315974,8,0.999999956644968,"confident_correct","hierarchy"
38,"clip",3,0.5,"fugw","043 Sst Gaba",TRUE,1,1,0,2.63905729725978,13.9999995470233,14,0.999999967644524,"confident_correct","hierarchy"
38,"clip",3,0.5,"fugw","046 Sst Chodl Gaba",TRUE,1,1,0,0,1,1,1,"confident_correct","hierarchy"
38,"clip",3,0.5,"fugw","287 Astro-TE NN",TRUE,1,1,0,0,1,1,1,"confident_correct","hierarchy"
38,"clip",3,0.5,"fugw","294 OPC NN",TRUE,1,1,0,0,1,1,1,"confident_correct","hierarchy"
38,"clip",3,0.5,"fugw","295 Oligo NN",TRUE,1,1,0,1.38629430314109,3.9999997680848,4,0.9999999420212,"confident_correct","hierarchy"
38,"clip",3,0.5,"fugw","299 Peri NN",FALSE,0,1,0,NA,1,1,1,"cross_family_failure","hierarchy"
38,"clip",3,0.5,"fugw","301 Endo NN",FALSE,0,1,0,NA,1,1,1,"cross_family_failure","hierarchy"
38,"clip",3,0.5,"fugw","302 Microglia NN",TRUE,1,1,0,0,1,1,1,"confident_correct","hierarchy"
39,"clip",3,0.75,"fugw","001 Car3 Glut",TRUE,0.95538115975655,0.9107623195131,0.182354980223054,0,1.2000401087852,1,1.2000401087852,"confident_correct","hierarchy"
39,"clip",3,0.75,"fugw","003 L5/6 IT TPE-ENT Glut",TRUE,0.515708141297344,0.277131465831974,1.17804470015377,0.267590816876251,4.20191734104887,2,2.10095867052444,"underconfident_correct","hierarchy"
39,"clip",3,0.75,"fugw","004 L6 IT CTX Glut",TRUE,0.560253186959074,0.120506373918149,0.68586861107878,1.91551064826598,5.80685755623409,11,0.527896141475826,"underconfident_correct","hierarchy"
39,"clip",3,0.75,"fugw","005 L5 IT CTX Glut",TRUE,0.798824904000899,0.597679981845483,0.502322994586881,1.09849165984918,4.67478405472574,4,1.16869601368144,"underconfident_correct","hierarchy"
39,"clip",3,0.75,"fugw","006 L4/5 IT CTX Glut",TRUE,1,1,0,2.48474880764916,11.9981060438109,13,0.922931234139297,"confident_correct","hierarchy"
39,"clip",3,0.75,"fugw","007 L2/3 IT CTX Glut",TRUE,1,1,2.22044604925031e-16,1.38629418775776,3.99999930655155,4,0.999999826637887,"confident_correct","hierarchy"
39,"clip",3,0.75,"fugw","022 L5 ET CTX Glut",TRUE,1,1,1.11022302462516e-16,1.79175946922805,6,6,1,"confident_correct","hierarchy"
39,"clip",3,0.75,"fugw","027 L6b CTX Glut",TRUE,0.992742424540974,0.985484849081947,0.0429798834432698,0.693147180559945,2.07735717322946,2,1.03867858661473,"confident_correct","hierarchy"
39,"clip",3,0.75,"fugw","028 L6 CT CTX Glut",TRUE,1,1,1.11022302462516e-16,2.07915237843012,7.9976870284316,8,0.99971087855395,"confident_correct","hierarchy"
39,"clip",3,0.75,"fugw","030 L5 NP CTX Glut",TRUE,1,1,1.11022302462516e-16,1.38629430327911,3.99999976863687,4,0.999999942159217,"confident_correct","hierarchy"
39,"clip",3,0.75,"fugw","036 Vip Gaba",TRUE,0.999999998824809,0.999999997859171,2.58902396856989e-08,2.07944149825605,7.9999998486485,8,0.999999981081063,"confident_correct","hierarchy"
39,"clip",3,0.75,"fugw","037 Sncg Gaba",TRUE,0.999999991633846,0.999999983354585,1.64452165095282e-07,1.09861228866811,3.00000050117599,3,1.00000016705866,"confident_correct","hierarchy"
39,"clip",3,0.75,"fugw","039 Lamp5 Gaba",TRUE,1,1,0,1.38629418697121,3.99999930340534,4,0.999999825851336,"confident_correct","hierarchy"
39,"clip",3,0.75,"fugw","041 Pvalb chandelier Gaba",TRUE,1,1,0,0,1,1,1,"confident_correct","hierarchy"
39,"clip",3,0.75,"fugw","042 Pvalb Gaba",TRUE,1,1,0,2.07944149827953,7.99999965279755,8,0.999999956599694,"confident_correct","hierarchy"
39,"clip",3,0.75,"fugw","043 Sst Gaba",TRUE,1,1,-2.22044604925031e-16,2.63905729724278,13.9999995467853,14,0.999999967627523,"confident_correct","hierarchy"
39,"clip",3,0.75,"fugw","046 Sst Chodl Gaba",TRUE,1,1,0,0,1,1,1,"confident_correct","hierarchy"
39,"clip",3,0.75,"fugw","287 Astro-TE NN",TRUE,1,1,0,0,1,1,1,"confident_correct","hierarchy"
39,"clip",3,0.75,"fugw","294 OPC NN",TRUE,1,1,0,0,1,1,1,"confident_correct","hierarchy"
39,"clip",3,0.75,"fugw","295 Oligo NN",TRUE,1,1,0,1.38629430301814,3.999999767593,4,0.999999941898249,"confident_correct","hierarchy"
39,"clip",3,0.75,"fugw","299 Peri NN",FALSE,0,1,0,NA,1,1,1,"cross_family_failure","hierarchy"
39,"clip",3,0.75,"fugw","301 Endo NN",FALSE,0,1,0,NA,1,1,1,"cross_family_failure","hierarchy"
39,"clip",3,0.75,"fugw","302 Microglia NN",TRUE,1,1,0,0,1,1,1,"confident_correct","hierarchy"
40,"clip",3,0.9,"fugw","001 Car3 Glut",TRUE,0.945103619319496,0.890207238638993,0.212687415979644,0,1.23699792501996,1,1.23699792501996,"confident_correct","hierarchy"
40,"clip",3,0.9,"fugw","003 L5/6 IT TPE-ENT Glut",TRUE,0.519819830313558,0.282341966666521,1.17356865870016,0.306762951203563,4.26592945970644,2,2.13296472985322,"underconfident_correct","hierarchy"
40,"clip",3,0.9,"fugw","004 L6 IT CTX Glut",TRUE,0.564618965456734,0.129237930913468,0.68477255481238,1.9064523076894,5.81936811458892,11,0.529033464962629,"underconfident_correct","hierarchy"
40,"clip",3,0.9,"fugw","005 L5 IT CTX Glut",TRUE,0.800387585541149,0.600775171082297,0.499864646214891,1.09755303960366,4.55690919990275,4,1.13922729997569,"underconfident_correct","hierarchy"
40,"clip",3,0.9,"fugw","006 L4/5 IT CTX Glut",TRUE,1,1,-2.22044604925031e-16,2.46731788323768,11.7907801546469,13,0.906983088818992,"confident_correct","hierarchy"
40,"clip",3,0.9,"fugw","007 L2/3 IT CTX Glut",TRUE,0.961480180165065,0.92296036033013,0.16321118409685,1.38629419401394,4.46426941249433,4,1.11606735312358,"confident_correct","hierarchy"
40,"clip",3,0.9,"fugw","022 L5 ET CTX Glut",TRUE,1,1,-2.22044604925031e-16,1.79175946922805,6,6,1,"confident_correct","hierarchy"
40,"clip",3,0.9,"fugw","027 L6b CTX Glut",TRUE,0.967247746104981,0.934495492209962,0.144182810536305,0.693146968374743,2.25833463259493,2,1.12916731629746,"confident_correct","hierarchy"
40,"clip",3,0.9,"fugw","028 L6 CT CTX Glut",TRUE,1,1,-2.22044604925031e-16,2.07361209233759,7.95350007143286,8,0.994187508929108,"confident_correct","hierarchy"
40,"clip",3,0.9,"fugw","030 L5 NP CTX Glut",TRUE,0.999362176929088,0.998724353858176,0.00533037073649598,1.38629430302583,4.01782400291866,4,1.00445600072966,"confident_correct","hierarchy"
40,"clip",3,0.9,"fugw","036 Vip Gaba",TRUE,0.999990748647846,0.99998221982553,0.000119017167253063,2.0794414940315,8.00087255284958,8,1.0001090691062,"confident_correct","hierarchy"
40,"clip",3,0.9,"fugw","037 Sncg Gaba",TRUE,0.999980888863239,0.999962135489486,0.00022853565884733,1.09861228866763,3.00070966476704,3,1.00023655492235,"confident_correct","hierarchy"
40,"clip",3,0.9,"fugw","039 Lamp5 Gaba",TRUE,0.999999869581438,0.999999739162876,2.19788100712379e-06,1.38629418537929,4.00000736537444,4,1.00000184134361,"confident_correct","hierarchy"
40,"clip",3,0.9,"fugw","041 Pvalb chandelier Gaba",TRUE,0.999999964600766,0.999999929201532,6.42728870299841e-07,0,1.00000068495052,1,1.00000068495052,"confident_correct","hierarchy"
40,"clip",3,0.9,"fugw","042 Pvalb Gaba",TRUE,0.999999999882758,0.999999999765516,2.79818469094862e-09,2.07944149810166,7.99999967180967,8,0.999999958976209,"confident_correct","hierarchy"
40,"clip",3,0.9,"fugw","043 Sst Gaba",TRUE,1,1,-2.22044604925031e-16,2.63905729711806,13.9999995450393,14,0.999999967502804,"confident_correct","hierarchy"
40,"clip",3,0.9,"fugw","046 Sst Chodl Gaba",TRUE,1,1,0,0,1,1,1,"confident_correct","hierarchy"
40,"clip",3,0.9,"fugw","287 Astro-TE NN",TRUE,1,1,0,0,1,1,1,"confident_correct","hierarchy"
40,"clip",3,0.9,"fugw","294 OPC NN",TRUE,0.999999998737676,0.999999997475352,2.71277396698404e-08,0,1.0000000283678,1,1.0000000283678,"confident_correct","hierarchy"
40,"clip",3,0.9,"fugw","295 Oligo NN",TRUE,1,1,0,1.38629430280199,3.99999976672839,4,0.999999941682096,"confident_correct","hierarchy"
40,"clip",3,0.9,"fugw","299 Peri NN",FALSE,1.29385622734067e-09,0.999999997412288,2.77734503921508e-08,0,1.00000002777345,1,1.00000002777345,"cross_family_failure","hierarchy"
40,"clip",3,0.9,"fugw","301 Endo NN",FALSE,1.29385622734067e-09,0.999999997412288,2.77734503921508e-08,0,1.00000002777345,1,1.00000002777345,"cross_family_failure","hierarchy"
40,"clip",3,0.9,"fugw","302 Microglia NN",TRUE,1,1,0,0,1,1,1,"confident_correct","hierarchy"
41,"clip",3,1,"uot_molecular","001 Car3 Glut",TRUE,0.915814561556199,0.831643063199414,0.289010182745088,0,1.33511353927096,1,1.33511353927096,"confident_correct","hierarchy"
41,"clip",3,1,"uot_molecular","003 L5/6 IT TPE-ENT Glut",TRUE,0.570529991270404,0.329432244088875,1.104043941182,0.42676432260089,4.18907220181558,2,2.09453610090779,"underconfident_correct","hierarchy"
41,"clip",3,1,"uot_molecular","004 L6 IT CTX Glut",TRUE,0.598756391646189,0.19863971448447,0.681258833347844,1.99748715198062,6.53561881095347,11,0.594147164632133,"underconfident_correct","hierarchy"
41,"clip",3,1,"uot_molecular","005 L5 IT CTX Glut",TRUE,0.741642603683891,0.550949581148514,0.742900853227806,1.09541190302387,5.43023647859387,4,1.35755911964847,"underconfident_correct","hierarchy"
41,"clip",3,1,"uot_molecular","006 L4/5 IT CTX Glut",TRUE,0.963223500218539,0.926472950449435,0.157775280946238,2.48427512571039,12.8159479045057,13,0.98584214650044,"confident_correct","hierarchy"
41,"clip",3,1,"uot_molecular","007 L2/3 IT CTX Glut",TRUE,0.99876749261564,0.997553365213676,0.00958349056338814,1.38629436014097,4.03163188731062,4,1.00790797182765,"confident_correct","hierarchy"
41,"clip",3,1,"uot_molecular","022 L5 ET CTX Glut",TRUE,0.999996139521213,0.99999412589621,5.48425547141327e-05,1.79175946922594,6.0002875712386,6,1.00004792853977,"confident_correct","hierarchy"
41,"clip",3,1,"uot_molecular","027 L6b CTX Glut",TRUE,0.791056695923122,0.661778061160034,0.651434615562277,0.690119462061407,3.46551810724255,2,1.73275905362128,"underconfident_correct","hierarchy"
41,"clip",3,1,"uot_molecular","028 L6 CT CTX Glut",TRUE,0.932457606333018,0.869001543407302,0.262666399574499,2.05350873457317,9.03783218631857,8,1.12972902328982,"confident_correct","hierarchy"
41,"clip",3,1,"uot_molecular","030 L5 NP CTX Glut",TRUE,0.861380310700118,0.722798589574836,0.402799292899555,1.35095833818187,5.02210228962638,4,1.25552557240659,"underconfident_correct","hierarchy"
41,"clip",3,1,"uot_molecular","036 Vip Gaba",TRUE,0.532024290712978,0.145274116572993,0.907969271271858,2.06390858244556,11.7436945094048,8,1.4679618136756,"underconfident_correct","hierarchy"
41,"clip",3,1,"uot_molecular","037 Sncg Gaba",FALSE,0.385690370001842,0.0642598950365673,1.02505554405369,1.06858267743892,12.9814722886617,3,4.32715742955391,"cross_family_failure","hierarchy"
41,"clip",3,1,"uot_molecular","039 Lamp5 Gaba",TRUE,0.741694498428921,0.512356711056164,0.680281606222957,1.3581964464034,6.36198445227895,4,1.59049611306974,"underconfident_correct","hierarchy"
41,"clip",3,1,"uot_molecular","041 Pvalb chandelier Gaba",TRUE,0.58668982523947,0.188037386463608,0.74209042387608,0,4.3106686213433,1,4.3106686213433,"underconfident_correct","hierarchy"
41,"clip",3,1,"uot_molecular","042 Pvalb Gaba",TRUE,0.597015553836606,0.195250076269786,0.682509861212865,1.99623066481534,6.51887044218246,8,0.814858805272807,"underconfident_correct","hierarchy"
41,"clip",3,1,"uot_molecular","043 Sst Gaba",TRUE,0.696810314582475,0.395340821286497,0.624154788779073,2.52823078529869,10.8827132331755,14,0.777336659512536,"underconfident_correct","hierarchy"
41,"clip",3,1,"uot_molecular","046 Sst Chodl Gaba",TRUE,0.696262101193775,0.397248679504579,0.638573094492529,0,3.45804690598622,1,3.45804690598622,"underconfident_correct","hierarchy"
41,"clip",3,1,"uot_molecular","287 Astro-TE NN",FALSE,0.215220590158979,0.229338366296914,1.388844444487,0,4.16822602590796,1,4.16822602590796,"cross_family_failure","hierarchy"
41,"clip",3,1,"uot_molecular","294 OPC NN",TRUE,0.404151654099739,0.00437416792607886,1.05515241872781,0,4.96831861874948,1,4.96831861874948,"diffuse_correct","hierarchy"
41,"clip",3,1,"uot_molecular","295 Oligo NN",TRUE,0.461282353682386,0.290860385170609,1.41909115077688,1.370585079962,7.77814487943424,4,1.94453621985856,"diffuse_correct","hierarchy"
41,"clip",3,1,"uot_molecular","299 Peri NN",FALSE,0.240360415445198,0.0754548121174896,1.37446966623127,0,3.95298717268049,1,3.95298717268049,"cross_family_failure","hierarchy"
41,"clip",3,1,"uot_molecular","301 Endo NN",FALSE,0.23674885473171,0.00225729191148721,1.42672164001699,0,4.20396476188689,1,4.20396476188689,"cross_family_failure","hierarchy"
41,"clip",3,1,"uot_molecular","302 Microglia NN",FALSE,0.316428711595838,0.00259829670186529,1.3035379491354,0,3.87663754026828,1,3.87663754026828,"cross_family_failure","hierarchy"
